sample	subtype	cell_type	gene	mean_expr	pct_positive	n_cells
GSM7324266_PT10.count.tsv.gz	PTC	Epithelial_tumor	ITGA2	6.263	58.0	410
GSM7324266_PT10.count.tsv.gz	PTC	Epithelial_tumor	ITGB1	8.471	83.2	410
GSM7324266_PT10.count.tsv.gz	PTC	Epithelial_tumor	FN1	195.124	79.5	410
GSM7324266_PT10.count.tsv.gz	PTC	Epithelial_tumor	CCND1	17.907	73.7	410
GSM7324266_PT10.count.tsv.gz	PTC	Fibroblast	ITGA2	0.222	12.3	81
GSM7324266_PT10.count.tsv.gz	PTC	Fibroblast	ITGB1	8.074	77.8	81
GSM7324266_PT10.count.tsv.gz	PTC	Fibroblast	FN1	68.963	79.0	81
GSM7324266_PT10.count.tsv.gz	PTC	Fibroblast	CCND1	1.753	44.4	81
GSM7324266_PT10.count.tsv.gz	PTC	Endothelial	ITGA2	0.9	43.4	498
GSM7324266_PT10.count.tsv.gz	PTC	Endothelial	ITGB1	5.464	81.5	498
GSM7324266_PT10.count.tsv.gz	PTC	Endothelial	FN1	2.677	65.3	498
GSM7324266_PT10.count.tsv.gz	PTC	Endothelial	CCND1	2.273	52.8	498
GSM7324266_PT10.count.tsv.gz	PTC	T_NK	ITGA2	0.024	2.2	2792
GSM7324266_PT10.count.tsv.gz	PTC	T_NK	ITGB1	1.477	66.0	2792
GSM7324266_PT10.count.tsv.gz	PTC	T_NK	FN1	0.552	38.2	2792
GSM7324266_PT10.count.tsv.gz	PTC	T_NK	CCND1	0.066	5.6	2792
GSM7324266_PT10.count.tsv.gz	PTC	B_cell	ITGA2	0	0.0	118
GSM7324266_PT10.count.tsv.gz	PTC	B_cell	ITGB1	1.203	49.2	118
GSM7324266_PT10.count.tsv.gz	PTC	B_cell	FN1	0.322	24.6	118
GSM7324266_PT10.count.tsv.gz	PTC	B_cell	CCND1	0.051	5.1	118
GSM7324266_PT10.count.tsv.gz	PTC	Myeloid	ITGA2	0.052	3.0	500
GSM7324266_PT10.count.tsv.gz	PTC	Myeloid	ITGB1	2.768	79.2	500
GSM7324266_PT10.count.tsv.gz	PTC	Myeloid	FN1	5.784	54.0	500
GSM7324266_PT10.count.tsv.gz	PTC	Myeloid	CCND1	0.588	28.6	500
GSM7324266_PT10.count.tsv.gz	PTC	SMC_pericyte	ITGA2	0.017	1.7	173
GSM7324266_PT10.count.tsv.gz	PTC	SMC_pericyte	ITGB1	7.532	82.7	173
GSM7324266_PT10.count.tsv.gz	PTC	SMC_pericyte	FN1	14.376	80.9	173
GSM7324266_PT10.count.tsv.gz	PTC	SMC_pericyte	CCND1	2.815	60.7	173
GSM7324266_PT10.count.tsv.gz	PTC	Mast	ITGA2	0.052	5.2	97
GSM7324266_PT10.count.tsv.gz	PTC	Mast	ITGB1	0.763	44.3	97
GSM7324266_PT10.count.tsv.gz	PTC	Mast	FN1	1.021	44.3	97
GSM7324266_PT10.count.tsv.gz	PTC	Mast	CCND1	0.052	4.1	97
GSM7324267_PT12.count.tsv.gz	PTC	Epithelial_tumor	ITGA2	3.571	47.6	210
GSM7324267_PT12.count.tsv.gz	PTC	Epithelial_tumor	ITGB1	4.905	81.9	210
GSM7324267_PT12.count.tsv.gz	PTC	Epithelial_tumor	FN1	96.333	70.5	210
GSM7324267_PT12.count.tsv.gz	PTC	Epithelial_tumor	CCND1	8.614	71.9	210
GSM7324267_PT12.count.tsv.gz	PTC	Fibroblast	ITGA2	0.1	5.0	20
GSM7324267_PT12.count.tsv.gz	PTC	Fibroblast	ITGB1	4.5	50.0	20
GSM7324267_PT12.count.tsv.gz	PTC	Fibroblast	FN1	31.55	55.0	20
GSM7324267_PT12.count.tsv.gz	PTC	Fibroblast	CCND1	0.5	20.0	20
GSM7324267_PT12.count.tsv.gz	PTC	Endothelial	ITGA2	0.169	12.7	166
GSM7324267_PT12.count.tsv.gz	PTC	Endothelial	ITGB1	2.018	51.8	166
GSM7324267_PT12.count.tsv.gz	PTC	Endothelial	FN1	1.078	16.9	166
GSM7324267_PT12.count.tsv.gz	PTC	Endothelial	CCND1	0.687	21.7	166
GSM7324267_PT12.count.tsv.gz	PTC	T_NK	ITGA2	0.012	1.0	2430
GSM7324267_PT12.count.tsv.gz	PTC	T_NK	ITGB1	1.031	45.7	2430
GSM7324267_PT12.count.tsv.gz	PTC	T_NK	FN1	0.095	6.0	2430
GSM7324267_PT12.count.tsv.gz	PTC	T_NK	CCND1	0.058	4.5	2430
GSM7324267_PT12.count.tsv.gz	PTC	B_cell	ITGA2	0.003	0.3	873
GSM7324267_PT12.count.tsv.gz	PTC	B_cell	ITGB1	0.361	18.6	873
GSM7324267_PT12.count.tsv.gz	PTC	B_cell	FN1	0.057	4.7	873
GSM7324267_PT12.count.tsv.gz	PTC	B_cell	CCND1	0.046	4.0	873
GSM7324267_PT12.count.tsv.gz	PTC	Myeloid	ITGA2	0.013	1.3	228
GSM7324267_PT12.count.tsv.gz	PTC	Myeloid	ITGB1	2.404	65.8	228
GSM7324267_PT12.count.tsv.gz	PTC	Myeloid	FN1	23.803	46.9	228
GSM7324267_PT12.count.tsv.gz	PTC	Myeloid	CCND1	1.096	35.5	228
GSM7324267_PT12.count.tsv.gz	PTC	SMC_pericyte	ITGA2	0	0.0	40
GSM7324267_PT12.count.tsv.gz	PTC	SMC_pericyte	ITGB1	4.525	70.0	40
GSM7324267_PT12.count.tsv.gz	PTC	SMC_pericyte	FN1	8.05	62.5	40
GSM7324267_PT12.count.tsv.gz	PTC	SMC_pericyte	CCND1	0.95	32.5	40
GSM7324267_PT12.count.tsv.gz	PTC	Mast	ITGA2	0	0.0	13
GSM7324267_PT12.count.tsv.gz	PTC	Mast	ITGB1	0.769	46.2	13
GSM7324267_PT12.count.tsv.gz	PTC	Mast	FN1	0	0.0	13
GSM7324267_PT12.count.tsv.gz	PTC	Mast	CCND1	0	0.0	13
GSM7324268_PT3.count.tsv.gz	PTC	Epithelial_tumor	ITGA2	2.014	64.2	3518
GSM7324268_PT3.count.tsv.gz	PTC	Epithelial_tumor	ITGB1	3.252	86.3	3518
GSM7324268_PT3.count.tsv.gz	PTC	Epithelial_tumor	FN1	230.397	99.1	3518
GSM7324268_PT3.count.tsv.gz	PTC	Epithelial_tumor	CCND1	11.354	93.9	3518
GSM7324268_PT3.count.tsv.gz	PTC	Fibroblast	ITGA2	0.107	4.1	438
GSM7324268_PT3.count.tsv.gz	PTC	Fibroblast	ITGB1	3.881	77.4	438
GSM7324268_PT3.count.tsv.gz	PTC	Fibroblast	FN1	54.747	97.3	438
GSM7324268_PT3.count.tsv.gz	PTC	Fibroblast	CCND1	1.573	58.7	438
GSM7324268_PT3.count.tsv.gz	PTC	Endothelial	ITGA2	0.229	17.2	988
GSM7324268_PT3.count.tsv.gz	PTC	Endothelial	ITGB1	2.376	75.7	988
GSM7324268_PT3.count.tsv.gz	PTC	Endothelial	FN1	2.862	83.3	988
GSM7324268_PT3.count.tsv.gz	PTC	Endothelial	CCND1	1.102	45.2	988
GSM7324268_PT3.count.tsv.gz	PTC	T_NK	ITGA2	0.033	2.9	1431
GSM7324268_PT3.count.tsv.gz	PTC	T_NK	ITGB1	0.663	41.4	1431
GSM7324268_PT3.count.tsv.gz	PTC	T_NK	FN1	2.287	81.4	1431
GSM7324268_PT3.count.tsv.gz	PTC	T_NK	CCND1	0.173	14.3	1431
GSM7324268_PT3.count.tsv.gz	PTC	B_cell	ITGA2	0.064	5.3	94
GSM7324268_PT3.count.tsv.gz	PTC	B_cell	ITGB1	0.766	45.7	94
GSM7324268_PT3.count.tsv.gz	PTC	B_cell	FN1	2.043	74.5	94
GSM7324268_PT3.count.tsv.gz	PTC	B_cell	CCND1	0.106	10.6	94
GSM7324268_PT3.count.tsv.gz	PTC	Myeloid	ITGA2	0.028	2.7	1332
GSM7324268_PT3.count.tsv.gz	PTC	Myeloid	ITGB1	1.366	65.5	1332
GSM7324268_PT3.count.tsv.gz	PTC	Myeloid	FN1	15.155	92.0	1332
GSM7324268_PT3.count.tsv.gz	PTC	Myeloid	CCND1	0.551	33.3	1332
GSM7324268_PT3.count.tsv.gz	PTC	SMC_pericyte	ITGA2	0.032	3.2	654
GSM7324268_PT3.count.tsv.gz	PTC	SMC_pericyte	ITGB1	4.04	87.8	654
GSM7324268_PT3.count.tsv.gz	PTC	SMC_pericyte	FN1	5.807	94.8	654
GSM7324268_PT3.count.tsv.gz	PTC	SMC_pericyte	CCND1	1.141	50.9	654
GSM7324268_PT3.count.tsv.gz	PTC	Mast	ITGA2	0.054	5.4	74
GSM7324268_PT3.count.tsv.gz	PTC	Mast	ITGB1	0.27	14.9	74
GSM7324268_PT3.count.tsv.gz	PTC	Mast	FN1	5.014	79.7	74
GSM7324268_PT3.count.tsv.gz	PTC	Mast	CCND1	0.514	24.3	74
GSM7324269_PT5.count.tsv.gz	PTC	Epithelial_tumor	ITGA2	4.09	64.0	726
GSM7324269_PT5.count.tsv.gz	PTC	Epithelial_tumor	ITGB1	4.596	74.9	726
GSM7324269_PT5.count.tsv.gz	PTC	Epithelial_tumor	FN1	180.318	85.7	726
GSM7324269_PT5.count.tsv.gz	PTC	Epithelial_tumor	CCND1	11.555	73.3	726
GSM7324269_PT5.count.tsv.gz	PTC	Fibroblast	ITGA2	0.083	5.0	120
GSM7324269_PT5.count.tsv.gz	PTC	Fibroblast	ITGB1	3.533	62.5	120
GSM7324269_PT5.count.tsv.gz	PTC	Fibroblast	FN1	54.125	85.8	120
GSM7324269_PT5.count.tsv.gz	PTC	Fibroblast	CCND1	1.217	35.8	120
GSM7324269_PT5.count.tsv.gz	PTC	Endothelial	ITGA2	0.447	23.4	273
GSM7324269_PT5.count.tsv.gz	PTC	Endothelial	ITGB1	2.718	65.6	273
GSM7324269_PT5.count.tsv.gz	PTC	Endothelial	FN1	3.363	61.2	273
GSM7324269_PT5.count.tsv.gz	PTC	Endothelial	CCND1	1.271	37.4	273
GSM7324269_PT5.count.tsv.gz	PTC	T_NK	ITGA2	0.037	3.4	5112
GSM7324269_PT5.count.tsv.gz	PTC	T_NK	ITGB1	1.12	52.7	5112
GSM7324269_PT5.count.tsv.gz	PTC	T_NK	FN1	0.806	46.7	5112
GSM7324269_PT5.count.tsv.gz	PTC	T_NK	CCND1	0.078	6.6	5112
GSM7324269_PT5.count.tsv.gz	PTC	B_cell	ITGA2	0.029	2.5	1007
GSM7324269_PT5.count.tsv.gz	PTC	B_cell	ITGB1	0.492	33.3	1007
GSM7324269_PT5.count.tsv.gz	PTC	B_cell	FN1	0.927	47.1	1007
GSM7324269_PT5.count.tsv.gz	PTC	B_cell	CCND1	0.065	5.5	1007
GSM7324269_PT5.count.tsv.gz	PTC	Myeloid	ITGA2	0.039	3.3	1552
GSM7324269_PT5.count.tsv.gz	PTC	Myeloid	ITGB1	2.181	71.3	1552
GSM7324269_PT5.count.tsv.gz	PTC	Myeloid	FN1	22.86	79.6	1552
GSM7324269_PT5.count.tsv.gz	PTC	Myeloid	CCND1	1.057	41.4	1552
GSM7324269_PT5.count.tsv.gz	PTC	SMC_pericyte	ITGA2	0.076	7.6	92
GSM7324269_PT5.count.tsv.gz	PTC	SMC_pericyte	ITGB1	6.533	85.9	92
GSM7324269_PT5.count.tsv.gz	PTC	SMC_pericyte	FN1	20.511	88.0	92
GSM7324269_PT5.count.tsv.gz	PTC	SMC_pericyte	CCND1	2.63	67.4	92
GSM7324269_PT5.count.tsv.gz	PTC	Mast	ITGA2	0	0.0	16
GSM7324269_PT5.count.tsv.gz	PTC	Mast	ITGB1	0.75	31.2	16
GSM7324269_PT5.count.tsv.gz	PTC	Mast	FN1	1.125	43.8	16
GSM7324269_PT5.count.tsv.gz	PTC	Mast	CCND1	0.25	25.0	16
GSM7324270_PT7.count.tsv.gz	PTC	Epithelial_tumor	ITGA2	1.181	39.6	3673
GSM7324270_PT7.count.tsv.gz	PTC	Epithelial_tumor	ITGB1	3.017	80.7	3673
GSM7324270_PT7.count.tsv.gz	PTC	Epithelial_tumor	FN1	143.809	98.2	3673
GSM7324270_PT7.count.tsv.gz	PTC	Epithelial_tumor	CCND1	11.337	84.3	3673
GSM7324270_PT7.count.tsv.gz	PTC	Fibroblast	ITGA2	0.174	11.8	195
GSM7324270_PT7.count.tsv.gz	PTC	Fibroblast	ITGB1	4.503	82.6	195
GSM7324270_PT7.count.tsv.gz	PTC	Fibroblast	FN1	29.518	98.5	195
GSM7324270_PT7.count.tsv.gz	PTC	Fibroblast	CCND1	1.174	47.7	195
GSM7324270_PT7.count.tsv.gz	PTC	Endothelial	ITGA2	0.432	28.6	1695
GSM7324270_PT7.count.tsv.gz	PTC	Endothelial	ITGB1	3.127	82.8	1695
GSM7324270_PT7.count.tsv.gz	PTC	Endothelial	FN1	4.338	93.3	1695
GSM7324270_PT7.count.tsv.gz	PTC	Endothelial	CCND1	2.133	62.5	1695
GSM7324270_PT7.count.tsv.gz	PTC	T_NK	ITGA2	0.039	3.5	1312
GSM7324270_PT7.count.tsv.gz	PTC	T_NK	ITGB1	0.906	52.6	1312
GSM7324270_PT7.count.tsv.gz	PTC	T_NK	FN1	3.162	90.5	1312
GSM7324270_PT7.count.tsv.gz	PTC	T_NK	CCND1	0.22	18.4	1312
GSM7324270_PT7.count.tsv.gz	PTC	B_cell	ITGA2	0.051	4.6	216
GSM7324270_PT7.count.tsv.gz	PTC	B_cell	ITGB1	0.713	44.4	216
GSM7324270_PT7.count.tsv.gz	PTC	B_cell	FN1	2.819	91.2	216
GSM7324270_PT7.count.tsv.gz	PTC	B_cell	CCND1	0.231	20.4	216
GSM7324270_PT7.count.tsv.gz	PTC	Myeloid	ITGA2	0.053	4.1	1554
GSM7324270_PT7.count.tsv.gz	PTC	Myeloid	ITGB1	1.709	73.1	1554
GSM7324270_PT7.count.tsv.gz	PTC	Myeloid	FN1	10.245	94.5	1554
GSM7324270_PT7.count.tsv.gz	PTC	Myeloid	CCND1	0.622	36.6	1554
GSM7324270_PT7.count.tsv.gz	PTC	SMC_pericyte	ITGA2	0.061	4.9	797
GSM7324270_PT7.count.tsv.gz	PTC	SMC_pericyte	ITGB1	4.829	88.8	797
GSM7324270_PT7.count.tsv.gz	PTC	SMC_pericyte	FN1	7.873	97.9	797
GSM7324270_PT7.count.tsv.gz	PTC	SMC_pericyte	CCND1	1.555	56.2	797
GSM7324270_PT7.count.tsv.gz	PTC	Mast	ITGA2	0.103	10.3	29
GSM7324270_PT7.count.tsv.gz	PTC	Mast	ITGB1	0.241	24.1	29
GSM7324270_PT7.count.tsv.gz	PTC	Mast	FN1	2.207	79.3	29
GSM7324270_PT7.count.tsv.gz	PTC	Mast	CCND1	0.069	6.9	29
GSM7324271_PT8.count.tsv.gz	PTC	Epithelial_tumor	ITGA2	1	36.5	3108
GSM7324271_PT8.count.tsv.gz	PTC	Epithelial_tumor	ITGB1	3.633	86.0	3108
GSM7324271_PT8.count.tsv.gz	PTC	Epithelial_tumor	FN1	63.314	97.8	3108
GSM7324271_PT8.count.tsv.gz	PTC	Epithelial_tumor	CCND1	6.17	89.0	3108
GSM7324271_PT8.count.tsv.gz	PTC	Fibroblast	ITGA2	0.136	7.4	257
GSM7324271_PT8.count.tsv.gz	PTC	Fibroblast	ITGB1	10.693	94.9	257
GSM7324271_PT8.count.tsv.gz	PTC	Fibroblast	FN1	31.323	95.7	257
GSM7324271_PT8.count.tsv.gz	PTC	Fibroblast	CCND1	1.152	47.9	257
GSM7324271_PT8.count.tsv.gz	PTC	Endothelial	ITGA2	0.919	42.5	395
GSM7324271_PT8.count.tsv.gz	PTC	Endothelial	ITGB1	6.329	83.5	395
GSM7324271_PT8.count.tsv.gz	PTC	Endothelial	FN1	3.851	57.2	395
GSM7324271_PT8.count.tsv.gz	PTC	Endothelial	CCND1	0.861	30.4	395
GSM7324271_PT8.count.tsv.gz	PTC	T_NK	ITGA2	0.014	1.3	1478
GSM7324271_PT8.count.tsv.gz	PTC	T_NK	ITGB1	0.698	42.3	1478
GSM7324271_PT8.count.tsv.gz	PTC	T_NK	FN1	0.473	29.0	1478
GSM7324271_PT8.count.tsv.gz	PTC	T_NK	CCND1	0.065	5.3	1478
GSM7324271_PT8.count.tsv.gz	PTC	B_cell	ITGA2	0.015	1.5	597
GSM7324271_PT8.count.tsv.gz	PTC	B_cell	ITGB1	0.456	25.5	597
GSM7324271_PT8.count.tsv.gz	PTC	B_cell	FN1	0.379	30.0	597
GSM7324271_PT8.count.tsv.gz	PTC	B_cell	CCND1	0.055	5.0	597
GSM7324271_PT8.count.tsv.gz	PTC	Myeloid	ITGA2	0.023	1.4	2007
GSM7324271_PT8.count.tsv.gz	PTC	Myeloid	ITGB1	1.712	67.5	2007
GSM7324271_PT8.count.tsv.gz	PTC	Myeloid	FN1	18.441	75.3	2007
GSM7324271_PT8.count.tsv.gz	PTC	Myeloid	CCND1	0.65	33.4	2007
GSM7324271_PT8.count.tsv.gz	PTC	SMC_pericyte	ITGA2	0.037	1.5	324
GSM7324271_PT8.count.tsv.gz	PTC	SMC_pericyte	ITGB1	9.975	95.7	324
GSM7324271_PT8.count.tsv.gz	PTC	SMC_pericyte	FN1	14.941	94.1	324
GSM7324271_PT8.count.tsv.gz	PTC	SMC_pericyte	CCND1	1.707	56.8	324
GSM7324272_PT9.count.tsv.gz	PTC	Epithelial_tumor	ITGA2	4.603	59.3	909
GSM7324272_PT9.count.tsv.gz	PTC	Epithelial_tumor	ITGB1	6.234	79.3	909
GSM7324272_PT9.count.tsv.gz	PTC	Epithelial_tumor	FN1	272.946	94.4	909
GSM7324272_PT9.count.tsv.gz	PTC	Epithelial_tumor	CCND1	24.251	74.1	909
GSM7324272_PT9.count.tsv.gz	PTC	Fibroblast	ITGA2	0.191	9.6	293
GSM7324272_PT9.count.tsv.gz	PTC	Fibroblast	ITGB1	9.577	82.3	293
GSM7324272_PT9.count.tsv.gz	PTC	Fibroblast	FN1	63.7	96.2	293
GSM7324272_PT9.count.tsv.gz	PTC	Fibroblast	CCND1	1.608	49.8	293
GSM7324272_PT9.count.tsv.gz	PTC	Endothelial	ITGA2	1.044	42.3	664
GSM7324272_PT9.count.tsv.gz	PTC	Endothelial	ITGB1	6.892	85.7	664
GSM7324272_PT9.count.tsv.gz	PTC	Endothelial	FN1	7.095	86.3	664
GSM7324272_PT9.count.tsv.gz	PTC	Endothelial	CCND1	2.002	53.3	664
GSM7324272_PT9.count.tsv.gz	PTC	T_NK	ITGA2	0.041	3.2	1450
GSM7324272_PT9.count.tsv.gz	PTC	T_NK	ITGB1	1.113	54.6	1450
GSM7324272_PT9.count.tsv.gz	PTC	T_NK	FN1	2.003	71.4	1450
GSM7324272_PT9.count.tsv.gz	PTC	T_NK	CCND1	0.175	13.6	1450
GSM7324272_PT9.count.tsv.gz	PTC	B_cell	ITGA2	0.014	1.4	143
GSM7324272_PT9.count.tsv.gz	PTC	B_cell	ITGB1	1.923	65.7	143
GSM7324272_PT9.count.tsv.gz	PTC	B_cell	FN1	2.434	76.9	143
GSM7324272_PT9.count.tsv.gz	PTC	B_cell	CCND1	0.245	18.2	143
GSM7324272_PT9.count.tsv.gz	PTC	Myeloid	ITGA2	0.063	5.3	1518
GSM7324272_PT9.count.tsv.gz	PTC	Myeloid	ITGB1	1.696	64.7	1518
GSM7324272_PT9.count.tsv.gz	PTC	Myeloid	FN1	9.939	87.2	1518
GSM7324272_PT9.count.tsv.gz	PTC	Myeloid	CCND1	0.546	32.9	1518
GSM7324272_PT9.count.tsv.gz	PTC	SMC_pericyte	ITGA2	0.092	6.6	346
GSM7324272_PT9.count.tsv.gz	PTC	SMC_pericyte	ITGB1	9.803	91.3	346
GSM7324272_PT9.count.tsv.gz	PTC	SMC_pericyte	FN1	16.699	96.0	346
GSM7324272_PT9.count.tsv.gz	PTC	SMC_pericyte	CCND1	3.272	57.8	346
GSM7324272_PT9.count.tsv.gz	PTC	Mast	ITGA2	0.116	5.8	69
GSM7324272_PT9.count.tsv.gz	PTC	Mast	ITGB1	0.797	34.8	69
GSM7324272_PT9.count.tsv.gz	PTC	Mast	FN1	3.072	73.9	69
GSM7324272_PT9.count.tsv.gz	PTC	Mast	CCND1	0.478	27.5	69
GSM7324273_AT9.count.tsv.gz	ATC	Epithelial_tumor	ITGA2	3.325	65.9	1085
GSM7324273_AT9.count.tsv.gz	ATC	Epithelial_tumor	ITGB1	3.387	88.8	1085
GSM7324273_AT9.count.tsv.gz	ATC	Epithelial_tumor	FN1	115.707	99.5	1085
GSM7324273_AT9.count.tsv.gz	ATC	Epithelial_tumor	CCND1	14.017	97.7	1085
GSM7324273_AT9.count.tsv.gz	ATC	Fibroblast	ITGA2	0.056	4.3	162
GSM7324273_AT9.count.tsv.gz	ATC	Fibroblast	ITGB1	4.173	78.4	162
GSM7324273_AT9.count.tsv.gz	ATC	Fibroblast	FN1	9.086	86.4	162
GSM7324273_AT9.count.tsv.gz	ATC	Fibroblast	CCND1	0.691	24.7	162
GSM7324273_AT9.count.tsv.gz	ATC	Endothelial	ITGA2	0.606	32.7	596
GSM7324273_AT9.count.tsv.gz	ATC	Endothelial	ITGB1	5.366	87.4	596
GSM7324273_AT9.count.tsv.gz	ATC	Endothelial	FN1	4.441	70.5	596
GSM7324273_AT9.count.tsv.gz	ATC	Endothelial	CCND1	1.092	41.3	596
GSM7324273_AT9.count.tsv.gz	ATC	T_NK	ITGA2	0.041	3.3	269
GSM7324273_AT9.count.tsv.gz	ATC	T_NK	ITGB1	1.706	68.8	269
GSM7324273_AT9.count.tsv.gz	ATC	T_NK	FN1	0.468	36.1	269
GSM7324273_AT9.count.tsv.gz	ATC	T_NK	CCND1	0.059	5.2	269
GSM7324273_AT9.count.tsv.gz	ATC	B_cell	ITGA2	0	0.0	5
GSM7324273_AT9.count.tsv.gz	ATC	B_cell	ITGB1	0.4	40.0	5
GSM7324273_AT9.count.tsv.gz	ATC	B_cell	FN1	0.4	40.0	5
GSM7324273_AT9.count.tsv.gz	ATC	B_cell	CCND1	0	0.0	5
GSM7324273_AT9.count.tsv.gz	ATC	Myeloid	ITGA2	0.019	1.9	415
GSM7324273_AT9.count.tsv.gz	ATC	Myeloid	ITGB1	2.161	79.3	415
GSM7324273_AT9.count.tsv.gz	ATC	Myeloid	FN1	7.33	76.9	415
GSM7324273_AT9.count.tsv.gz	ATC	Myeloid	CCND1	1.113	42.2	415
GSM7324273_AT9.count.tsv.gz	ATC	SMC_pericyte	ITGA2	0.03	2.3	656
GSM7324273_AT9.count.tsv.gz	ATC	SMC_pericyte	ITGB1	6.652	94.1	656
GSM7324273_AT9.count.tsv.gz	ATC	SMC_pericyte	FN1	6.383	83.1	656
GSM7324273_AT9.count.tsv.gz	ATC	SMC_pericyte	CCND1	1.973	54.0	656
GSM7324274_AT13.count.tsv.gz	ATC	Epithelial_tumor	ITGA2	0.703	19.1	209
GSM7324274_AT13.count.tsv.gz	ATC	Epithelial_tumor	ITGB1	6.268	45.9	209
GSM7324274_AT13.count.tsv.gz	ATC	Epithelial_tumor	FN1	58.947	67.0	209
GSM7324274_AT13.count.tsv.gz	ATC	Epithelial_tumor	CCND1	2.522	38.8	209
GSM7324274_AT13.count.tsv.gz	ATC	Fibroblast	ITGA2	0.022	2.2	183
GSM7324274_AT13.count.tsv.gz	ATC	Fibroblast	ITGB1	5.213	71.6	183
GSM7324274_AT13.count.tsv.gz	ATC	Fibroblast	FN1	21.104	78.1	183
GSM7324274_AT13.count.tsv.gz	ATC	Fibroblast	CCND1	0.699	29.0	183
GSM7324274_AT13.count.tsv.gz	ATC	Endothelial	ITGA2	0.217	16.9	249
GSM7324274_AT13.count.tsv.gz	ATC	Endothelial	ITGB1	2.357	68.3	249
GSM7324274_AT13.count.tsv.gz	ATC	Endothelial	FN1	3.57	63.1	249
GSM7324274_AT13.count.tsv.gz	ATC	Endothelial	CCND1	0.558	23.3	249
GSM7324274_AT13.count.tsv.gz	ATC	T_NK	ITGA2	0.055	4.8	3857
GSM7324274_AT13.count.tsv.gz	ATC	T_NK	ITGB1	1.102	53.2	3857
GSM7324274_AT13.count.tsv.gz	ATC	T_NK	FN1	0.242	17.4	3857
GSM7324274_AT13.count.tsv.gz	ATC	T_NK	CCND1	0.087	5.2	3857
GSM7324274_AT13.count.tsv.gz	ATC	B_cell	ITGA2	0	0.0	183
GSM7324274_AT13.count.tsv.gz	ATC	B_cell	ITGB1	0.426	21.9	183
GSM7324274_AT13.count.tsv.gz	ATC	B_cell	FN1	0.148	13.1	183
GSM7324274_AT13.count.tsv.gz	ATC	B_cell	CCND1	0.077	7.1	183
GSM7324274_AT13.count.tsv.gz	ATC	Myeloid	ITGA2	0.012	1.2	2218
GSM7324274_AT13.count.tsv.gz	ATC	Myeloid	ITGB1	1.703	60.4	2218
GSM7324274_AT13.count.tsv.gz	ATC	Myeloid	FN1	4.054	49.2	2218
GSM7324274_AT13.count.tsv.gz	ATC	Myeloid	CCND1	1.13	37.6	2218
GSM7324274_AT13.count.tsv.gz	ATC	SMC_pericyte	ITGA2	0.006	0.6	168
GSM7324274_AT13.count.tsv.gz	ATC	SMC_pericyte	ITGB1	3.44	50.6	168
GSM7324274_AT13.count.tsv.gz	ATC	SMC_pericyte	FN1	5.845	45.8	168
GSM7324274_AT13.count.tsv.gz	ATC	SMC_pericyte	CCND1	1.065	38.7	168
GSM7324274_AT13.count.tsv.gz	ATC	Mast	ITGA2	0	0.0	22
GSM7324274_AT13.count.tsv.gz	ATC	Mast	ITGB1	0.182	18.2	22
GSM7324274_AT13.count.tsv.gz	ATC	Mast	FN1	0.955	45.5	22
GSM7324274_AT13.count.tsv.gz	ATC	Mast	CCND1	0.273	18.2	22
GSM7324275_AT16.count.tsv.gz	ATC	Epithelial_tumor	ITGA2	1.592	42.1	76
GSM7324275_AT16.count.tsv.gz	ATC	Epithelial_tumor	ITGB1	8.605	68.4	76
GSM7324275_AT16.count.tsv.gz	ATC	Epithelial_tumor	FN1	113.618	81.6	76
GSM7324275_AT16.count.tsv.gz	ATC	Epithelial_tumor	CCND1	7.434	69.7	76
GSM7324275_AT16.count.tsv.gz	ATC	Fibroblast	ITGA2	0.017	1.3	2034
GSM7324275_AT16.count.tsv.gz	ATC	Fibroblast	ITGB1	8.279	87.5	2034
GSM7324275_AT16.count.tsv.gz	ATC	Fibroblast	FN1	27.3	85.5	2034
GSM7324275_AT16.count.tsv.gz	ATC	Fibroblast	CCND1	0.997	39.1	2034
GSM7324275_AT16.count.tsv.gz	ATC	Endothelial	ITGA2	0.68	38.4	203
GSM7324275_AT16.count.tsv.gz	ATC	Endothelial	ITGB1	7.571	84.7	203
GSM7324275_AT16.count.tsv.gz	ATC	Endothelial	FN1	4.67	69.5	203
GSM7324275_AT16.count.tsv.gz	ATC	Endothelial	CCND1	2.128	58.6	203
GSM7324275_AT16.count.tsv.gz	ATC	T_NK	ITGA2	0.013	1.1	3798
GSM7324275_AT16.count.tsv.gz	ATC	T_NK	ITGB1	1.205	56.8	3798
GSM7324275_AT16.count.tsv.gz	ATC	T_NK	FN1	0.206	17.4	3798
GSM7324275_AT16.count.tsv.gz	ATC	T_NK	CCND1	0.027	2.1	3798
GSM7324275_AT16.count.tsv.gz	ATC	B_cell	ITGA2	0	0.0	147
GSM7324275_AT16.count.tsv.gz	ATC	B_cell	ITGB1	1.184	54.4	147
GSM7324275_AT16.count.tsv.gz	ATC	B_cell	FN1	0.197	18.4	147
GSM7324275_AT16.count.tsv.gz	ATC	B_cell	CCND1	0.054	5.4	147
GSM7324275_AT16.count.tsv.gz	ATC	Myeloid	ITGA2	0.004	0.4	2266
GSM7324275_AT16.count.tsv.gz	ATC	Myeloid	ITGB1	1.646	66.6	2266
GSM7324275_AT16.count.tsv.gz	ATC	Myeloid	FN1	2.151	41.9	2266
GSM7324275_AT16.count.tsv.gz	ATC	Myeloid	CCND1	0.737	33.2	2266
GSM7324275_AT16.count.tsv.gz	ATC	SMC_pericyte	ITGA2	0.007	0.7	151
GSM7324275_AT16.count.tsv.gz	ATC	SMC_pericyte	ITGB1	10.371	90.7	151
GSM7324275_AT16.count.tsv.gz	ATC	SMC_pericyte	FN1	17.934	88.1	151
GSM7324275_AT16.count.tsv.gz	ATC	SMC_pericyte	CCND1	2.735	66.9	151
GSM7324275_AT16.count.tsv.gz	ATC	Mast	ITGA2	0	0.0	20
GSM7324275_AT16.count.tsv.gz	ATC	Mast	ITGB1	0.35	35.0	20
GSM7324275_AT16.count.tsv.gz	ATC	Mast	FN1	0.05	5.0	20
GSM7324275_AT16.count.tsv.gz	ATC	Mast	CCND1	0.1	5.0	20
GSM7324276_AT17.count.tsv.gz	ATC	Epithelial_tumor	ITGA2	1.476	37.8	778
GSM7324276_AT17.count.tsv.gz	ATC	Epithelial_tumor	ITGB1	3.071	56.0	778
GSM7324276_AT17.count.tsv.gz	ATC	Epithelial_tumor	FN1	169.135	87.8	778
GSM7324276_AT17.count.tsv.gz	ATC	Epithelial_tumor	CCND1	11.037	62.5	778
GSM7324276_AT17.count.tsv.gz	ATC	Fibroblast	ITGA2	0.16	4.9	162
GSM7324276_AT17.count.tsv.gz	ATC	Fibroblast	ITGB1	1.34	27.2	162
GSM7324276_AT17.count.tsv.gz	ATC	Fibroblast	FN1	10.827	75.9	162
GSM7324276_AT17.count.tsv.gz	ATC	Fibroblast	CCND1	0.142	6.8	162
GSM7324276_AT17.count.tsv.gz	ATC	Endothelial	ITGA2	0.02	2.0	151
GSM7324276_AT17.count.tsv.gz	ATC	Endothelial	ITGB1	0.45	21.2	151
GSM7324276_AT17.count.tsv.gz	ATC	Endothelial	FN1	0.868	49.7	151
GSM7324276_AT17.count.tsv.gz	ATC	Endothelial	CCND1	0.04	2.6	151
GSM7324276_AT17.count.tsv.gz	ATC	T_NK	ITGA2	0.01	0.9	5101
GSM7324276_AT17.count.tsv.gz	ATC	T_NK	ITGB1	0.886	42.8	5101
GSM7324276_AT17.count.tsv.gz	ATC	T_NK	FN1	0.373	25.6	5101
GSM7324276_AT17.count.tsv.gz	ATC	T_NK	CCND1	0.038	3.1	5101
GSM7324276_AT17.count.tsv.gz	ATC	B_cell	ITGA2	0.003	0.3	1193
GSM7324276_AT17.count.tsv.gz	ATC	B_cell	ITGB1	0.278	16.6	1193
GSM7324276_AT17.count.tsv.gz	ATC	B_cell	FN1	0.306	23.5	1193
GSM7324276_AT17.count.tsv.gz	ATC	B_cell	CCND1	0.048	3.9	1193
GSM7324276_AT17.count.tsv.gz	ATC	Myeloid	ITGA2	0.015	1.4	2281
GSM7324276_AT17.count.tsv.gz	ATC	Myeloid	ITGB1	1.01	45.6	2281
GSM7324276_AT17.count.tsv.gz	ATC	Myeloid	FN1	5.671	58.6	2281
GSM7324276_AT17.count.tsv.gz	ATC	Myeloid	CCND1	0.265	16.7	2281
GSM7324276_AT17.count.tsv.gz	ATC	SMC_pericyte	ITGA2	0.042	4.2	24
GSM7324276_AT17.count.tsv.gz	ATC	SMC_pericyte	ITGB1	2	41.7	24
GSM7324276_AT17.count.tsv.gz	ATC	SMC_pericyte	FN1	5.833	66.7	24
GSM7324276_AT17.count.tsv.gz	ATC	SMC_pericyte	CCND1	0.208	16.7	24
GSM7324276_AT17.count.tsv.gz	ATC	Mast	ITGA2	0	0.0	6
GSM7324276_AT17.count.tsv.gz	ATC	Mast	ITGB1	0	0.0	6
GSM7324276_AT17.count.tsv.gz	ATC	Mast	FN1	0.5	50.0	6
GSM7324276_AT17.count.tsv.gz	ATC	Mast	CCND1	0	0.0	6
GSM7324277_AT20.count.tsv.gz	ATC	Epithelial_tumor	ITGA2	0.525	26.8	2018
GSM7324277_AT20.count.tsv.gz	ATC	Epithelial_tumor	ITGB1	1.229	59.2	2018
GSM7324277_AT20.count.tsv.gz	ATC	Epithelial_tumor	FN1	138.469	99.7	2018
GSM7324277_AT20.count.tsv.gz	ATC	Epithelial_tumor	CCND1	6.081	89.5	2018
GSM7324277_AT20.count.tsv.gz	ATC	Fibroblast	ITGA2	0.144	8.1	1049
GSM7324277_AT20.count.tsv.gz	ATC	Fibroblast	ITGB1	3.074	70.7	1049
GSM7324277_AT20.count.tsv.gz	ATC	Fibroblast	FN1	37.478	98.5	1049
GSM7324277_AT20.count.tsv.gz	ATC	Fibroblast	CCND1	1.669	46.2	1049
GSM7324277_AT20.count.tsv.gz	ATC	Endothelial	ITGA2	0.463	29.2	363
GSM7324277_AT20.count.tsv.gz	ATC	Endothelial	ITGB1	4.201	87.9	363
GSM7324277_AT20.count.tsv.gz	ATC	Endothelial	FN1	8.749	97.8	363
GSM7324277_AT20.count.tsv.gz	ATC	Endothelial	CCND1	1.873	60.1	363
GSM7324277_AT20.count.tsv.gz	ATC	T_NK	ITGA2	0.062	4.2	1160
GSM7324277_AT20.count.tsv.gz	ATC	T_NK	ITGB1	0.833	49.9	1160
GSM7324277_AT20.count.tsv.gz	ATC	T_NK	FN1	8.288	96.4	1160
GSM7324277_AT20.count.tsv.gz	ATC	T_NK	CCND1	0.334	24.3	1160
GSM7324277_AT20.count.tsv.gz	ATC	B_cell	ITGA2	0.065	3.2	31
GSM7324277_AT20.count.tsv.gz	ATC	B_cell	ITGB1	0.258	22.6	31
GSM7324277_AT20.count.tsv.gz	ATC	B_cell	FN1	4.613	96.8	31
GSM7324277_AT20.count.tsv.gz	ATC	B_cell	CCND1	0.161	16.1	31
GSM7324277_AT20.count.tsv.gz	ATC	Myeloid	ITGA2	0.04	3.1	1660
GSM7324277_AT20.count.tsv.gz	ATC	Myeloid	ITGB1	1.266	62.8	1660
GSM7324277_AT20.count.tsv.gz	ATC	Myeloid	FN1	11.11	97.5	1660
GSM7324277_AT20.count.tsv.gz	ATC	Myeloid	CCND1	0.906	46.3	1660
GSM7324277_AT20.count.tsv.gz	ATC	SMC_pericyte	ITGA2	0.039	2.9	102
GSM7324277_AT20.count.tsv.gz	ATC	SMC_pericyte	ITGB1	4.902	92.2	102
GSM7324277_AT20.count.tsv.gz	ATC	SMC_pericyte	FN1	16.363	100.0	102
GSM7324277_AT20.count.tsv.gz	ATC	SMC_pericyte	CCND1	1.539	53.9	102
GSM7324277_AT20.count.tsv.gz	ATC	Mast	ITGA2	0	0.0	8
GSM7324277_AT20.count.tsv.gz	ATC	Mast	ITGB1	0.75	50.0	8
GSM7324277_AT20.count.tsv.gz	ATC	Mast	FN1	3.75	100.0	8
GSM7324277_AT20.count.tsv.gz	ATC	Mast	CCND1	0.25	25.0	8
