sample	condition	source
GTEX-OHPL-2626-SM-2HMJA	Normal	GTEx
GTEX-YEC3-0826-SM-5P9JF	Normal	GTEx
GTEX-WOFL-0726-SM-3MJG4	Normal	GTEx
GTEX-11GSP-0126-SM-5A5KU	Normal	GTEx
GTEX-YEC3-0826-SM-4WWFP	Normal	GTEx
GTEX-ZLFU-0626-SM-4WWBO	Normal	GTEx
GTEX-WEY5-0526-SM-3GIKZ	Normal	GTEx
GTEX-RU72-0126-SM-2TF6Z	Normal	GTEx
GTEX-11DXY-0426-SM-5H12R	Normal	GTEx
GTEX-13VXU-0826-SM-5KLZ2	Normal	GTEx
GTEX-13OW8-0126-SM-5IJE5	Normal	GTEx
GTEX-Q2AH-0726-SM-2I3EA	Normal	GTEx
GTEX-ZDTS-0926-SM-4WAXG	Normal	GTEx
GTEX-ZYFC-0926-SM-5GZWW	Normal	GTEx
GTEX-13FHP-0926-SM-5L3EC	Normal	GTEx
GTEX-145LU-0426-SM-5O9AH	Normal	GTEx
GTEX-REY6-0526-SM-2TF5M	Normal	GTEx
GTEX-11EM3-0126-SM-5985K	Normal	GTEx
GTEX-11DXX-0226-SM-5P9HL	Normal	GTEx
GTEX-PWN1-2626-SM-2I3FH	Normal	GTEx
GTEX-12584-0826-SM-5FQSK	Normal	GTEx
GTEX-13111-0226-SM-5EQ55	Normal	GTEx
GTEX-11ZVC-0126-SM-5986G	Normal	GTEx
GTEX-Q2AI-0326-SM-2I3EK	Normal	GTEx
GTEX-11O72-2326-SM-5BC7H	Normal	GTEx
GTEX-139TS-0126-SM-5K7XJ	Normal	GTEx
GTEX-RM2N-0526-SM-2TF4N	Normal	GTEx
GTEX-13112-0326-SM-5P9IW	Normal	GTEx
GTEX-11EMC-0226-SM-5EGLP	Normal	GTEx
GTEX-132NY-1026-SM-5P9IY	Normal	GTEx
GTEX-YFC4-2626-SM-5P9FQ	Normal	GTEx
GTEX-11GS4-0826-SM-5986J	Normal	GTEx
GTEX-ZDYS-0626-SM-5J2N5	Normal	GTEx
GTEX-11TT1-1126-SM-5P9GV	Normal	GTEx
GTEX-WVLH-0626-SM-3MJG7	Normal	GTEx
GTEX-WY7C-0226-SM-3NB37	Normal	GTEx
GTEX-13O3Q-0626-SM-5IJG1	Normal	GTEx
GTEX-ZLWG-0526-SM-4WWFB	Normal	GTEx
GTEX-111VG-0526-SM-5N9BW	Normal	GTEx
GTEX-S4Q7-0326-SM-3K2B1	Normal	GTEx
GTEX-13G51-1226-SM-5K7Z3	Normal	GTEx
GTEX-12WSB-0726-SM-5N9GD	Normal	GTEx
GTEX-12WSC-0826-SM-5EQ5Q	Normal	GTEx
GTEX-13NYB-0726-SM-5MR4J	Normal	GTEx
GTEX-13OW6-0726-SM-5L3FX	Normal	GTEx
GTEX-144GM-0226-SM-5Q5CB	Normal	GTEx
GTEX-13QBU-0626-SM-5J2OG	Normal	GTEx
GTEX-W5WG-1426-SM-4KKZP	Normal	GTEx
GTEX-ZTPG-0826-SM-5DUVC	Normal	GTEx
GTEX-13S86-1126-SM-5RQJX	Normal	GTEx
GTEX-WHPG-0226-SM-3NMB9	Normal	GTEx
GTEX-13O1R-0826-SM-5J2MB	Normal	GTEx
GTEX-N7MS-2326-SM-2HMLD	Normal	GTEx
GTEX-ZVZQ-0626-SM-59HJU	Normal	GTEx
GTEX-OXRP-0326-SM-5SI7J	Normal	GTEx
GTEX-117YW-0126-SM-5EGGN	Normal	GTEx
GTEX-13PVQ-0726-SM-5L3GI	Normal	GTEx
GTEX-117XS-0526-SM-5987Q	Normal	GTEx
GTEX-11LCK-0526-SM-5A5M9	Normal	GTEx
GTEX-133LE-0326-SM-5P9G4	Normal	GTEx
GTEX-13O3O-0926-SM-5KM1F	Normal	GTEx
GTEX-WFG8-0426-SM-3GILD	Normal	GTEx
GTEX-1212Z-0426-SM-5FQT6	Normal	GTEx
GTEX-ZVP2-0426-SM-57WC2	Normal	GTEx
GTEX-ZE7O-1126-SM-57WC8	Normal	GTEx
GTEX-145ME-0126-SM-5S2QM	Normal	GTEx
GTEX-13FTW-0626-SM-5IFEX	Normal	GTEx
GTEX-11NUK-1026-SM-5HL5J	Normal	GTEx
GTEX-12WSD-0926-SM-5GCNL	Normal	GTEx
GTEX-111CU-0226-SM-5GZXC	Normal	GTEx
GTEX-113JC-0126-SM-5EGJW	Normal	GTEx
GTEX-OHPK-2626-SM-2HMK9	Normal	GTEx
GTEX-13YAN-0926-SM-5O9C3	Normal	GTEx
GTEX-WL46-0126-SM-3TW8I	Normal	GTEx
GTEX-13FXS-0726-SM-5LZXJ	Normal	GTEx
GTEX-OXRP-0326-SM-33HBJ	Normal	GTEx
GTEX-YEC4-0626-SM-5CVLU	Normal	GTEx
GTEX-OIZG-0226-SM-2TC5L	Normal	GTEx
GTEX-14BMU-0226-SM-5S2QA	Normal	GTEx
GTEX-13CF3-0926-SM-5LZZC	Normal	GTEx
GTEX-13X6J-0826-SM-5LU32	Normal	GTEx
GTEX-14ABY-0926-SM-5Q5DY	Normal	GTEx
GTEX-SIU8-0626-SM-2XCDN	Normal	GTEx
GTEX-Y5V6-0526-SM-4VBRV	Normal	GTEx
GTEX-13O21-2226-SM-5MR3L	Normal	GTEx
GTEX-RTLS-0626-SM-5SI7Z	Normal	GTEx
GTEX-X4LF-0426-SM-3NMB5	Normal	GTEx
GTEX-1128S-0126-SM-5H12S	Normal	GTEx
GTEX-YJ89-0726-SM-5P9F7	Normal	GTEx
GTEX-ZLV1-0126-SM-4WWBZ	Normal	GTEx
GTEX-ZZ64-0126-SM-5GZXA	Normal	GTEx
GTEX-12696-0326-SM-5EGL4	Normal	GTEx
GTEX-WXYG-0226-SM-3NB2Y	Normal	GTEx
GTEX-145MG-0826-SM-5Q5C2	Normal	GTEx
GTEX-P4QT-2626-SM-2I3FM	Normal	GTEx
GTEX-Y3IK-0526-SM-4WWE3	Normal	GTEx
GTEX-13FTY-0726-SM-5J2OH	Normal	GTEx
GTEX-OOBK-2626-SM-2HMKY	Normal	GTEx
GTEX-12WSN-0726-SM-5GCMS	Normal	GTEx
GTEX-QDVN-0626-SM-2I3FP	Normal	GTEx
GTEX-12WSJ-0326-SM-5GCMT	Normal	GTEx
GTEX-132AR-1126-SM-5P9GA	Normal	GTEx
GTEX-11XUK-0226-SM-5EQLW	Normal	GTEx
GTEX-X8HC-0726-SM-46MWG	Normal	GTEx
GTEX-11ZTS-1126-SM-5LU9X	Normal	GTEx
GTEX-YF7O-0726-SM-4W213	Normal	GTEx
GTEX-13X6H-0526-SM-5LU4Q	Normal	GTEx
GTEX-132QS-0326-SM-5IJFN	Normal	GTEx
GTEX-X15G-0526-SM-3NMB7	Normal	GTEx
GTEX-111YS-0726-SM-5GZY8	Normal	GTEx
GTEX-ZAK1-0726-SM-5HL8Q	Normal	GTEx
GTEX-WYJK-1626-SM-3NM9J	Normal	GTEx
GTEX-U8T8-2326-SM-3DB96	Normal	GTEx
GTEX-12BJ1-0426-SM-5FQSO	Normal	GTEx
GTEX-13NYC-2426-SM-5MR3K	Normal	GTEx
GTEX-ZPU1-0426-SM-4WWCA	Normal	GTEx
GTEX-Y8E4-0126-SM-4VBQ2	Normal	GTEx
GTEX-11EQ9-0626-SM-5A5K1	Normal	GTEx
GTEX-ZAB5-0726-SM-5P9JG	Normal	GTEx
GTEX-S32W-0726-SM-2XCBL	Normal	GTEx
GTEX-SE5C-0726-SM-4BRWY	Normal	GTEx
GTEX-ZPCL-0126-SM-4WWC8	Normal	GTEx
GTEX-ZVT3-0726-SM-5GICN	Normal	GTEx
GTEX-X4XY-0826-SM-4E3JM	Normal	GTEx
GTEX-ZYFG-0626-SM-5GZYA	Normal	GTEx
GTEX-13OW7-0826-SM-5L3EL	Normal	GTEx
GTEX-RVPV-1226-SM-2TF73	Normal	GTEx
GTEX-ZV7C-0126-SM-57WDE	Normal	GTEx
GTEX-WFG7-0326-SM-5SI7L	Normal	GTEx
GTEX-13N1W-0826-SM-5MR5J	Normal	GTEx
GTEX-R55G-0726-SM-2TC6J	Normal	GTEx
GTEX-WYVS-0326-SM-3NM9V	Normal	GTEx
GTEX-1211K-0726-SM-5FQUW	Normal	GTEx
GTEX-XUW1-1026-SM-4BONY	Normal	GTEx
GTEX-WHSB-1626-SM-3LK6J	Normal	GTEx
GTEX-Y5LM-0626-SM-4V6G4	Normal	GTEx
GTEX-11TUW-0226-SM-5LU8X	Normal	GTEx
GTEX-145MH-0426-SM-5LU8T	Normal	GTEx
GTEX-11VI4-0226-SM-5GU6C	Normal	GTEx
GTEX-OOBJ-2626-SM-2I3F6	Normal	GTEx
GTEX-13RTK-0326-SM-5RQHS	Normal	GTEx
GTEX-13D11-0226-SM-5LZXL	Normal	GTEx
GTEX-S341-0226-SM-5S2VG	Normal	GTEx
GTEX-PWCY-2326-SM-2I3EQ	Normal	GTEx
GTEX-12ZZX-1226-SM-5EGHS	Normal	GTEx
GTEX-11ZTT-1026-SM-5EQKF	Normal	GTEx
GTEX-139UW-0126-SM-5KM1B	Normal	GTEx
GTEX-TKQ1-0126-SM-33HB3	Normal	GTEx
GTEX-WK11-0926-SM-3NMAU	Normal	GTEx
GTEX-11P7K-0226-SM-5986Z	Normal	GTEx
GTEX-OXRK-0626-SM-2HMJ5	Normal	GTEx
GTEX-Q2AG-0826-SM-2HMKF	Normal	GTEx
GTEX-ZT9X-0226-SM-51MT2	Normal	GTEx
GTEX-PWOO-0926-SM-2I3EC	Normal	GTEx
GTEX-WI4N-0926-SM-3LK7K	Normal	GTEx
GTEX-11I78-0526-SM-5986A	Normal	GTEx
GTEX-ZGAY-1026-SM-4WWBR	Normal	GTEx
GTEX-1497J-0126-SM-5Q5BK	Normal	GTEx
GTEX-131XF-1826-SM-5EGKG	Normal	GTEx
GTEX-131XE-0126-SM-5LZVC	Normal	GTEx
GTEX-146FQ-0726-SM-5LUA7	Normal	GTEx
GTEX-ZYY3-1926-SM-5GZXS	Normal	GTEx
GTEX-OIZH-2626-SM-2HMJM	Normal	GTEx
GTEX-TSE9-0626-SM-3DB8B	Normal	GTEx
GTEX-ZA64-0426-SM-5HL96	Normal	GTEx
GTEX-1122O-0226-SM-5N9DA	Normal	GTEx
GTEX-12WSG-0226-SM-5EGIF	Normal	GTEx
GTEX-12ZZZ-1226-SM-59HK1	Normal	GTEx
GTEX-13OVG-0226-SM-5LU93	Normal	GTEx
GTEX-NFK9-0726-SM-2HMJW	Normal	GTEx
GTEX-XV7Q-0326-SM-4BRVM	Normal	GTEx
GTEX-R3RS-0726-SM-3GIJR	Normal	GTEx
GTEX-W5X1-0426-SM-3GILB	Normal	GTEx
GTEX-11EI6-0726-SM-59866	Normal	GTEx
GTEX-RWS6-0626-SM-2XCAS	Normal	GTEx
GTEX-14ICL-0426-SM-5RQJ3	Normal	GTEx
GTEX-ZXG5-0926-SM-5NQ8H	Normal	GTEx
GTEX-SN8G-1526-SM-4DM79	Normal	GTEx
GTEX-14C38-0826-SM-5S2U8	Normal	GTEx
GTEX-ZT9W-0226-SM-4YCCZ	Normal	GTEx
GTEX-QXCU-0326-SM-2TC63	Normal	GTEx
GTEX-ZV6S-0226-SM-59HJT	Normal	GTEx
GTEX-14753-0926-SM-5Q5BI	Normal	GTEx
GTEX-P4QS-2626-SM-2I3EV	Normal	GTEx
GTEX-XBEW-0126-SM-4AT66	Normal	GTEx
GTEX-144GO-0126-SM-5LUAO	Normal	GTEx
GTEX-111FC-1026-SM-5GZX1	Normal	GTEx
GTEX-ZY6K-0226-SM-5SIAY	Normal	GTEx
GTEX-12WSL-0626-SM-5GCOY	Normal	GTEx
GTEX-13JVG-0926-SM-5IJE1	Normal	GTEx
GTEX-14A5H-0726-SM-5Q5DW	Normal	GTEx
GTEX-RN64-0626-SM-2TC5V	Normal	GTEx
GTEX-XXEK-1326-SM-4BRV1	Normal	GTEx
GTEX-XGQ4-0426-SM-4AT4I	Normal	GTEx
GTEX-YFCO-0326-SM-4W1ZP	Normal	GTEx
GTEX-13N2G-0726-SM-5MR38	Normal	GTEx
GTEX-WH7G-0526-SM-3NMBI	Normal	GTEx
GTEX-ZYW4-1126-SM-5SI99	Normal	GTEx
GTEX-XMK1-0626-SM-4B65A	Normal	GTEx
GTEX-13PL6-1026-SM-5L3E5	Normal	GTEx
GTEX-RTLS-0626-SM-2TF6G	Normal	GTEx
GTEX-13N11-1026-SM-5K7XQ	Normal	GTEx
GTEX-Y3I4-0226-SM-4TT27	Normal	GTEx
GTEX-Y9LG-0426-SM-4VBRT	Normal	GTEx
GTEX-Y114-0626-SM-4TT98	Normal	GTEx
GTEX-X5EB-0726-SM-46MVR	Normal	GTEx
GTEX-SJXC-0726-SM-2XCFJ	Normal	GTEx
GTEX-ZYT6-0426-SM-5GID3	Normal	GTEx
GTEX-P4PQ-2626-SM-5SI7K	Normal	GTEx
GTEX-Y5V5-0326-SM-5RQJG	Normal	GTEx
GTEX-1399R-0126-SM-5IFEV	Normal	GTEx
GTEX-S7SE-0726-SM-2XCD7	Normal	GTEx
GTEX-XUJ4-0726-SM-4BOOP	Normal	GTEx
GTEX-RNOR-0926-SM-2TF56	Normal	GTEx
GTEX-13113-0126-SM-5LZVX	Normal	GTEx
GTEX-WWYW-0826-SM-3NB2X	Normal	GTEx
GTEX-13NZ9-1126-SM-5MR37	Normal	GTEx
GTEX-WYBS-1926-SM-3NM8N	Normal	GTEx
GTEX-12WSH-0226-SM-5GCOG	Normal	GTEx
GTEX-11TTK-0826-SM-5N9EG	Normal	GTEx
GTEX-XUZC-0126-SM-4BOO6	Normal	GTEx
GTEX-POYW-0826-SM-2XCEM	Normal	GTEx
GTEX-XLM4-0726-SM-4AT64	Normal	GTEx
GTEX-131XG-0226-SM-5IFG1	Normal	GTEx
GTEX-WFG7-0326-SM-3GILI	Normal	GTEx
GTEX-R55E-0826-SM-2TC5M	Normal	GTEx
GTEX-XBED-0126-SM-47JY7	Normal	GTEx
GTEX-14E6C-2626-SM-5RQJP	Normal	GTEx
GTEX-11NSD-0126-SM-5987F	Normal	GTEx
GTEX-144FL-2326-SM-5LUAC	Normal	GTEx
GTEX-ZC5H-0626-SM-5LU9K	Normal	GTEx
GTEX-U4B1-0626-SM-3DB8L	Normal	GTEx
GTEX-13O3P-0726-SM-5J2OM	Normal	GTEx
GTEX-YB5E-0626-SM-4VDSE	Normal	GTEx
GTEX-ZVZP-1026-SM-5GICI	Normal	GTEx
GTEX-14AS3-0226-SM-5Q5B6	Normal	GTEx
GTEX-148VJ-0726-SM-5LU8J	Normal	GTEx
GTEX-1313W-0726-SM-5EGK1	Normal	GTEx
GTEX-X4XX-0926-SM-46MV7	Normal	GTEx
GTEX-1192X-1126-SM-5EGGU	Normal	GTEx
GTEX-146FR-0326-SM-5SI8U	Normal	GTEx
GTEX-11DZ1-2726-SM-5A5KH	Normal	GTEx
GTEX-OIZI-0726-SM-2XCEI	Normal	GTEx
GTEX-P4PQ-2626-SM-33HC9	Normal	GTEx
GTEX-11UD2-0626-SM-5GU6L	Normal	GTEx
GTEX-Q734-0526-SM-2I3EH	Normal	GTEx
GTEX-ZZPU-1326-SM-5GZWS	Normal	GTEx
GTEX-13W46-0926-SM-5LU3T	Normal	GTEx
GTEX-UJMC-0326-SM-3GAE2	Normal	GTEx
GTEX-SUCS-0226-SM-32PLQ	Normal	GTEx
GTEX-13OVI-0826-SM-5KLZ8	Normal	GTEx
GTEX-13VXT-0626-SM-5SIA1	Normal	GTEx
GTEX-VUSG-0426-SM-3GIKD	Normal	GTEx
GTEX-T6MO-0226-SM-32QOL	Normal	GTEx
GTEX-13OW5-0626-SM-5J2N2	Normal	GTEx
GTEX-RU1J-0226-SM-2TF5Y	Normal	GTEx
GTEX-117YX-1226-SM-5H11S	Normal	GTEx
GTEX-12WSK-0926-SM-5CVNQ	Normal	GTEx
GTEX-WHSE-0626-SM-4RGNF	Normal	GTEx
GTEX-QV44-0826-SM-2S1RG	Normal	GTEx
GTEX-XYKS-0826-SM-4BRVF	Normal	GTEx
GTEX-OHPM-2626-SM-5SI7I	Normal	GTEx
GTEX-R55C-0626-SM-2TF4Q	Normal	GTEx
GTEX-SIU7-1126-SM-2XCDW	Normal	GTEx
GTEX-V1D1-0926-SM-4JBHQ	Normal	GTEx
GTEX-Y111-1926-SM-4SOIS	Normal	GTEx
GTEX-V955-0426-SM-3GAEL	Normal	GTEx
GTEX-SNOS-0226-SM-32PLR	Normal	GTEx
GTEX-12WS9-0726-SM-5FQT7	Normal	GTEx
GTEX-OHPM-2626-SM-33HC5	Normal	GTEx
GTEX-11P81-0126-SM-5HL5Y	Normal	GTEx
GTEX-11GSO-0626-SM-5A5LW	Normal	GTEx
GTEX-UPIC-0226-SM-3GADO	Normal	GTEx
GTEX-13IVO-0926-SM-5KLZP	Normal	GTEx
GTEX-145MI-1126-SM-5O9AK	Normal	GTEx
GTEX-OXRO-1226-SM-48TDL	Normal	GTEx
GTEX-13NZ8-0226-SM-5J2OK	Normal	GTEx
GTEX-11EQ8-0826-SM-5N9FG	Normal	GTEx
GTEX-SUCS-0226-SM-5CHQG	Normal	GTEx
TCGA-EM-A3O9-01	THCA	TCGA
TCGA-BJ-A28W-01	THCA	TCGA
TCGA-ET-A40P-01	THCA	TCGA
TCGA-DJ-A13R-01	THCA	TCGA
TCGA-DJ-A2Q9-01	THCA	TCGA
TCGA-EL-A3CR-01	THCA	TCGA
TCGA-EL-A3CO-01	THCA	TCGA
TCGA-EL-A3ZO-01	THCA	TCGA
TCGA-EL-A3CY-01	THCA	TCGA
TCGA-DJ-A2Q1-01	THCA	TCGA
TCGA-EL-A3H5-01	THCA	TCGA
TCGA-EL-A3ZM-01	THCA	TCGA
TCGA-EM-A3O3-01	THCA	TCGA
TCGA-FK-A3SG-01	THCA	TCGA
TCGA-EM-A3FM-01	THCA	TCGA
TCGA-EL-A3T9-01	THCA	TCGA
TCGA-ET-A2N0-01	THCA	TCGA
TCGA-FY-A3WA-01	THCA	TCGA
TCGA-CE-A27D-01	THCA	TCGA
TCGA-FY-A3I5-01	THCA	TCGA
TCGA-BJ-A45E-01	THCA	TCGA
TCGA-DJ-A4UP-01	THCA	TCGA
TCGA-4C-A93U-01	THCA	TCGA
TCGA-EL-A3GP-01	THCA	TCGA
TCGA-KS-A41L-01	THCA	TCGA
TCGA-EM-A3FQ-01	THCA	TCGA
TCGA-BJ-A2N9-01	THCA	TCGA
TCGA-DJ-A3VB-01	THCA	TCGA
TCGA-EM-A3AO-01	THCA	TCGA
TCGA-BJ-A3PR-01	THCA	TCGA
TCGA-FE-A23A-01	THCA	TCGA
TCGA-DJ-A3UW-01	THCA	TCGA
TCGA-ET-A4KN-01	THCA	TCGA
TCGA-EM-A4FQ-01	THCA	TCGA
TCGA-FE-A3PB-01	THCA	TCGA
TCGA-ET-A39K-01	THCA	TCGA
TCGA-FE-A235-01	THCA	TCGA
TCGA-EM-A4FM-01	THCA	TCGA
TCGA-FY-A3I4-01	THCA	TCGA
TCGA-ET-A3DU-01	THCA	TCGA
TCGA-ET-A25G-01	THCA	TCGA
TCGA-EL-A3D6-01	THCA	TCGA
TCGA-E8-A2JQ-01	THCA	TCGA
TCGA-DJ-A3VD-01	THCA	TCGA
TCGA-EL-A3D1-01	THCA	TCGA
TCGA-BJ-A0ZH-01	THCA	TCGA
TCGA-ET-A3BV-01	THCA	TCGA
TCGA-IM-A3U2-01	THCA	TCGA
TCGA-DJ-A4UW-01	THCA	TCGA
TCGA-EL-A3ZP-01	THCA	TCGA
TCGA-EL-A3CT-01	THCA	TCGA
TCGA-EL-A3MY-01	THCA	TCGA
TCGA-DJ-A2PT-01	THCA	TCGA
TCGA-DE-A4MB-01	THCA	TCGA
TCGA-EM-A2CO-01	THCA	TCGA
TCGA-BJ-A28Z-01	THCA	TCGA
TCGA-EM-A2P1-01	THCA	TCGA
TCGA-FE-A3PA-01	THCA	TCGA
TCGA-IM-A420-01	THCA	TCGA
TCGA-BJ-A0Z9-01	THCA	TCGA
TCGA-EM-A2CM-01	THCA	TCGA
TCGA-E8-A242-01	THCA	TCGA
TCGA-EL-A3TA-01	THCA	TCGA
TCGA-DJ-A3UT-01	THCA	TCGA
TCGA-EL-A3T0-01	THCA	TCGA
TCGA-E8-A2EA-01	THCA	TCGA
TCGA-KS-A41I-01	THCA	TCGA
TCGA-FE-A22Z-01	THCA	TCGA
TCGA-ET-A3DO-01	THCA	TCGA
TCGA-H2-A26U-01	THCA	TCGA
TCGA-EM-A1YD-01	THCA	TCGA
TCGA-DO-A2HM-01	THCA	TCGA
TCGA-DJ-A13O-01	THCA	TCGA
TCGA-FE-A3PC-01	THCA	TCGA
TCGA-KS-A4I5-01	THCA	TCGA
TCGA-J8-A3YF-01	THCA	TCGA
TCGA-EM-A4FO-01	THCA	TCGA
TCGA-KS-A41J-01	THCA	TCGA
TCGA-CE-A484-01	THCA	TCGA
TCGA-J8-A3YG-01	THCA	TCGA
TCGA-EM-A1YB-01	THCA	TCGA
TCGA-EL-A3H7-01	THCA	TCGA
TCGA-EL-A4K1-01	THCA	TCGA
TCGA-DE-A7U5-01	THCA	TCGA
TCGA-BJ-A45I-01	THCA	TCGA
TCGA-E8-A438-01	THCA	TCGA
TCGA-IM-A4EB-01	THCA	TCGA
TCGA-DJ-A3UY-01	THCA	TCGA
TCGA-EM-A4FN-01	THCA	TCGA
TCGA-EL-A3CV-01	THCA	TCGA
TCGA-ET-A25I-01	THCA	TCGA
TCGA-DJ-A3V6-01	THCA	TCGA
TCGA-EL-A3ZN-01	THCA	TCGA
TCGA-EL-A4K4-01	THCA	TCGA
TCGA-DJ-A1QO-01	THCA	TCGA
TCGA-ET-A25R-01	THCA	TCGA
TCGA-DJ-A3VF-01	THCA	TCGA
TCGA-EL-A3H3-01	THCA	TCGA
TCGA-EL-A3CN-01	THCA	TCGA
TCGA-L6-A4EU-01	THCA	TCGA
TCGA-DJ-A13L-01	THCA	TCGA
TCGA-ET-A2MX-01	THCA	TCGA
TCGA-BJ-A4O8-01	THCA	TCGA
TCGA-ET-A40R-01	THCA	TCGA
TCGA-EM-A22I-01	THCA	TCGA
TCGA-DJ-A1QH-01	THCA	TCGA
TCGA-EL-A3T1-01	THCA	TCGA
TCGA-DJ-A4UT-01	THCA	TCGA
TCGA-E8-A44K-01	THCA	TCGA
TCGA-DJ-A3V3-01	THCA	TCGA
TCGA-E3-A3E2-01	THCA	TCGA
TCGA-DJ-A2QA-01	THCA	TCGA
TCGA-EL-A4JZ-01	THCA	TCGA
TCGA-ET-A40T-01	THCA	TCGA
TCGA-CE-A13K-01	THCA	TCGA
TCGA-ET-A39N-01	THCA	TCGA
TCGA-EL-A3GO-01	THCA	TCGA
TCGA-FE-A234-01	THCA	TCGA
TCGA-DJ-A3UQ-01	THCA	TCGA
TCGA-EL-A3ZK-01	THCA	TCGA
TCGA-DJ-A3UV-01	THCA	TCGA
TCGA-BJ-A0YZ-01	THCA	TCGA
TCGA-EL-A3N3-01	THCA	TCGA
TCGA-E8-A419-01	THCA	TCGA
TCGA-KS-A4ID-01	THCA	TCGA
TCGA-ET-A40S-01	THCA	TCGA
TCGA-E8-A416-01	THCA	TCGA
TCGA-EM-A3FO-01	THCA	TCGA
TCGA-DJ-A2QC-01	THCA	TCGA
TCGA-E8-A436-01	THCA	TCGA
TCGA-DJ-A2Q3-01	THCA	TCGA
TCGA-CE-A482-01	THCA	TCGA
TCGA-BJ-A45J-01	THCA	TCGA
TCGA-EM-A22M-01	THCA	TCGA
TCGA-ET-A3DP-01	THCA	TCGA
TCGA-ET-A39R-01	THCA	TCGA
TCGA-BJ-A3PT-01	THCA	TCGA
TCGA-BJ-A0ZJ-01	THCA	TCGA
TCGA-EL-A3CW-01	THCA	TCGA
TCGA-DJ-A3V0-01	THCA	TCGA
TCGA-FK-A3S3-01	THCA	TCGA
TCGA-L6-A4EP-01	THCA	TCGA
TCGA-EM-A3FR-01	THCA	TCGA
TCGA-DJ-A1QM-01	THCA	TCGA
TCGA-CE-A485-01	THCA	TCGA
TCGA-EM-A2CP-01	THCA	TCGA
TCGA-DE-A4MC-01	THCA	TCGA
TCGA-DE-A0Y2-01	THCA	TCGA
TCGA-EL-A3MZ-01	THCA	TCGA
TCGA-ET-A25K-01	THCA	TCGA
TCGA-E8-A433-01	THCA	TCGA
TCGA-DJ-A4V5-01	THCA	TCGA
TCGA-EL-A3ZS-01	THCA	TCGA
TCGA-FE-A239-01	THCA	TCGA
TCGA-EL-A4JX-01	THCA	TCGA
TCGA-EM-A1CW-01	THCA	TCGA
TCGA-ET-A25L-01	THCA	TCGA
TCGA-ET-A39M-01	THCA	TCGA
TCGA-EL-A3GU-01	THCA	TCGA
TCGA-EL-A4K2-01	THCA	TCGA
TCGA-DJ-A2Q5-01	THCA	TCGA
TCGA-ET-A25N-01	THCA	TCGA
TCGA-EM-A4G1-01	THCA	TCGA
TCGA-BJ-A3PU-01	THCA	TCGA
TCGA-EM-A3SU-01	THCA	TCGA
TCGA-BJ-A3EZ-01	THCA	TCGA
TCGA-EM-A3SZ-01	THCA	TCGA
TCGA-BJ-A28X-01	THCA	TCGA
TCGA-EM-A4FR-01	THCA	TCGA
TCGA-ET-A39S-01	THCA	TCGA
TCGA-BJ-A18Z-01	THCA	TCGA
TCGA-DJ-A13M-01	THCA	TCGA
TCGA-FE-A237-01	THCA	TCGA
TCGA-EL-A3T6-01	THCA	TCGA
TCGA-DE-A3KN-01	THCA	TCGA
TCGA-EM-A2CU-01	THCA	TCGA
TCGA-E8-A414-01	THCA	TCGA
TCGA-DE-A4M9-01	THCA	TCGA
TCGA-MK-A4N6-01	THCA	TCGA
TCGA-EL-A4KG-01	THCA	TCGA
TCGA-H2-A421-01	THCA	TCGA
TCGA-BJ-A28T-01	THCA	TCGA
TCGA-EL-A4KI-01	THCA	TCGA
TCGA-EM-A1YA-01	THCA	TCGA
TCGA-ET-A39O-01	THCA	TCGA
TCGA-E3-A3E0-01	THCA	TCGA
TCGA-ET-A3DQ-01	THCA	TCGA
TCGA-DE-A4MA-01	THCA	TCGA
TCGA-ET-A3BX-01	THCA	TCGA
TCGA-FY-A4B4-01	THCA	TCGA
TCGA-EL-A3H1-01	THCA	TCGA
TCGA-BJ-A45D-01	THCA	TCGA
TCGA-CE-A3MD-01	THCA	TCGA
TCGA-DJ-A3US-01	THCA	TCGA
TCGA-EM-A1YE-01	THCA	TCGA
TCGA-EL-A4JW-01	THCA	TCGA
TCGA-FE-A230-01	THCA	TCGA
TCGA-FE-A3PD-01	THCA	TCGA
TCGA-GE-A2C6-01	THCA	TCGA
TCGA-BJ-A0Z3-01	THCA	TCGA
TCGA-FK-A4UB-01	THCA	TCGA
TCGA-FE-A233-01	THCA	TCGA
TCGA-DJ-A3V7-01	THCA	TCGA
TCGA-J8-A42S-01	THCA	TCGA
TCGA-FE-A231-01	THCA	TCGA
TCGA-DJ-A3VJ-01	THCA	TCGA
TCGA-ET-A40Q-01	THCA	TCGA
TCGA-DJ-A3V2-01	THCA	TCGA
TCGA-FY-A3TY-01	THCA	TCGA
TCGA-EM-A3FN-01	THCA	TCGA
TCGA-EL-A4K7-01	THCA	TCGA
TCGA-EM-A1CU-01	THCA	TCGA
TCGA-BJ-A45H-01	THCA	TCGA
TCGA-EM-A22P-01	THCA	TCGA
TCGA-DE-A69K-01	THCA	TCGA
TCGA-DE-A69J-01	THCA	TCGA
TCGA-DJ-A1QE-01	THCA	TCGA
TCGA-E8-A432-01	THCA	TCGA
TCGA-FY-A3R6-01	THCA	TCGA
TCGA-E8-A44M-01	THCA	TCGA
TCGA-EL-A4KH-01	THCA	TCGA
TCGA-EM-A2CQ-01	THCA	TCGA
TCGA-EM-A3FP-01	THCA	TCGA
TCGA-EM-A3AJ-01	THCA	TCGA
TCGA-EM-A2CR-01	THCA	TCGA
TCGA-FY-A4B3-01	THCA	TCGA
TCGA-ET-A3DW-01	THCA	TCGA
TCGA-EM-A1YC-01	THCA	TCGA
TCGA-EL-A3D0-01	THCA	TCGA
TCGA-FE-A232-01	THCA	TCGA
TCGA-FY-A40L-01	THCA	TCGA
TCGA-EL-A3ZL-01	THCA	TCGA
TCGA-DE-A4M8-01	THCA	TCGA
TCGA-BJ-A190-01	THCA	TCGA
TCGA-EM-A22N-01	THCA	TCGA
TCGA-DJ-A4V0-01	THCA	TCGA
TCGA-EM-A2P2-01	THCA	TCGA
TCGA-KS-A4I9-01	THCA	TCGA
TCGA-EM-A2CL-01	THCA	TCGA
TCGA-EL-A3CM-01	THCA	TCGA
TCGA-EM-A2CT-01	THCA	TCGA
TCGA-EL-A3GY-01	THCA	TCGA
TCGA-E8-A413-01	THCA	TCGA
TCGA-EL-A3GR-01	THCA	TCGA
TCGA-BJ-A2P4-01	THCA	TCGA
TCGA-EL-A3ZT-01	THCA	TCGA
TCGA-E8-A437-01	THCA	TCGA
TCGA-EL-A3CS-01	THCA	TCGA
TCGA-DJ-A1QD-01	THCA	TCGA
TCGA-EL-A3T3-01	THCA	TCGA
TCGA-BJ-A45G-01	THCA	TCGA
TCGA-CE-A481-01	THCA	TCGA
TCGA-E8-A3X7-01	THCA	TCGA
TCGA-KS-A4I7-01	THCA	TCGA
TCGA-EL-A3ZG-01	THCA	TCGA
TCGA-EL-A4KD-01	THCA	TCGA
TCGA-FY-A3YR-01	THCA	TCGA
TCGA-BJ-A28R-01	THCA	TCGA
TCGA-KS-A41F-01	THCA	TCGA
TCGA-IM-A3U3-01	THCA	TCGA
TCGA-BJ-A2N7-01	THCA	TCGA
TCGA-FY-A3NM-01	THCA	TCGA
TCGA-BJ-A45K-01	THCA	TCGA
TCGA-DJ-A3UM-01	THCA	TCGA
TCGA-E3-A3E1-01	THCA	TCGA
TCGA-DJ-A1QQ-01	THCA	TCGA
TCGA-ET-A3DT-01	THCA	TCGA
TCGA-DJ-A4V2-01	THCA	TCGA
TCGA-DJ-A2Q4-01	THCA	TCGA
TCGA-EL-A3GX-01	THCA	TCGA
TCGA-DJ-A1QN-01	THCA	TCGA
TCGA-EM-A4FF-01	THCA	TCGA
TCGA-ET-A2MZ-01	THCA	TCGA
TCGA-DJ-A2Q0-01	THCA	TCGA
TCGA-DJ-A2PX-01	THCA	TCGA
TCGA-EM-A1CT-01	THCA	TCGA
TCGA-ET-A39L-01	THCA	TCGA
TCGA-EL-A4K6-01	THCA	TCGA
TCGA-EM-A22Q-01	THCA	TCGA
TCGA-DJ-A3V9-01	THCA	TCGA
TCGA-DJ-A4UR-01	THCA	TCGA
TCGA-DE-A0XZ-01	THCA	TCGA
TCGA-FK-A3SD-01	THCA	TCGA
TCGA-BJ-A0ZB-01	THCA	TCGA
TCGA-FY-A3R9-01	THCA	TCGA
TCGA-EL-A3N2-01	THCA	TCGA
TCGA-EM-A3FJ-01	THCA	TCGA
TCGA-EM-A3ST-01	THCA	TCGA
TCGA-QD-A8IV-01	THCA	TCGA
TCGA-DJ-A2PW-01	THCA	TCGA
TCGA-ET-A3DR-01	THCA	TCGA
TCGA-DJ-A2Q2-01	THCA	TCGA
TCGA-BJ-A0ZF-01	THCA	TCGA
TCGA-FE-A238-01	THCA	TCGA
TCGA-DJ-A2PZ-01	THCA	TCGA
TCGA-EM-A3FL-01	THCA	TCGA
TCGA-DJ-A13X-01	THCA	TCGA
TCGA-DE-A0Y3-01	THCA	TCGA
TCGA-EL-A3D4-01	THCA	TCGA
TCGA-EL-A3CX-01	THCA	TCGA
TCGA-MK-A84Z-01	THCA	TCGA
TCGA-DJ-A3VI-01	THCA	TCGA
TCGA-FY-A4B0-01	THCA	TCGA
TCGA-ET-A2MY-01	THCA	TCGA
TCGA-EL-A3T2-01	THCA	TCGA
TCGA-BJ-A45F-01	THCA	TCGA
TCGA-EM-A2OW-01	THCA	TCGA
TCGA-BJ-A3F0-01	THCA	TCGA
TCGA-DO-A1JZ-01	THCA	TCGA
TCGA-EM-A4FU-01	THCA	TCGA
TCGA-DJ-A3UX-01	THCA	TCGA
TCGA-E8-A434-01	THCA	TCGA
TCGA-DJ-A2PY-01	THCA	TCGA
TCGA-DJ-A1QG-01	THCA	TCGA
TCGA-EL-A3GZ-01	THCA	TCGA
TCGA-ET-A3BO-01	THCA	TCGA
TCGA-DJ-A3V8-01	THCA	TCGA
TCGA-EM-A3AN-01	THCA	TCGA
TCGA-DJ-A3V5-01	THCA	TCGA
TCGA-EM-A3AQ-01	THCA	TCGA
TCGA-EM-A3SY-01	THCA	TCGA
TCGA-EL-A3GV-01	THCA	TCGA
TCGA-FY-A3R7-01	THCA	TCGA
TCGA-EM-A3AI-01	THCA	TCGA
TCGA-ET-A3BU-01	THCA	TCGA
TCGA-J8-A4HY-01	THCA	TCGA
TCGA-DJ-A3V4-01	THCA	TCGA
TCGA-BJ-A290-01	THCA	TCGA
TCGA-J8-A3NZ-01	THCA	TCGA
TCGA-BJ-A0Z5-01	THCA	TCGA
TCGA-EM-A3AR-01	THCA	TCGA
TCGA-ET-A25M-01	THCA	TCGA
TCGA-DJ-A4V4-01	THCA	TCGA
TCGA-IM-A41Z-01	THCA	TCGA
TCGA-CE-A3ME-01	THCA	TCGA
TCGA-IM-A3EB-01	THCA	TCGA
TCGA-EL-A3ZQ-01	THCA	TCGA
TCGA-H2-A2K9-01	THCA	TCGA
TCGA-EL-A4K9-01	THCA	TCGA
TCGA-FY-A3R8-01	THCA	TCGA
TCGA-DO-A1K0-01	THCA	TCGA
TCGA-E8-A417-01	THCA	TCGA
TCGA-ET-A39P-01	THCA	TCGA
TCGA-FK-A3SH-01	THCA	TCGA
TCGA-E8-A418-01	THCA	TCGA
TCGA-ET-A25J-01	THCA	TCGA
TCGA-FY-A3BL-01	THCA	TCGA
TCGA-EL-A4JV-01	THCA	TCGA
TCGA-BJ-A45C-01	THCA	TCGA
TCGA-ET-A39J-01	THCA	TCGA
TCGA-EL-A3T8-01	THCA	TCGA
TCGA-BJ-A2NA-01	THCA	TCGA
TCGA-DJ-A2Q7-01	THCA	TCGA
TCGA-EM-A3AK-01	THCA	TCGA
TCGA-EM-A22K-01	THCA	TCGA
TCGA-EL-A3CU-01	THCA	TCGA
TCGA-DJ-A3UZ-01	THCA	TCGA
TCGA-EM-A22O-01	THCA	TCGA
TCGA-BJ-A18Y-01	THCA	TCGA
TCGA-ET-A3BN-01	THCA	TCGA
TCGA-ET-A3BP-01	THCA	TCGA
TCGA-DJ-A4UL-01	THCA	TCGA
TCGA-ET-A3BQ-01	THCA	TCGA
TCGA-DJ-A2Q6-01	THCA	TCGA
TCGA-DJ-A3VL-01	THCA	TCGA
TCGA-BJ-A0ZG-01	THCA	TCGA
TCGA-J8-A4HW-01	THCA	TCGA
TCGA-IM-A3ED-01	THCA	TCGA
TCGA-DJ-A2PO-01	THCA	TCGA
TCGA-E3-A3E3-01	THCA	TCGA
TCGA-EM-A2P3-01	THCA	TCGA
TCGA-EM-A2OV-01	THCA	TCGA
TCGA-FK-A3SE-01	THCA	TCGA
TCGA-ET-A3BT-01	THCA	TCGA
TCGA-IM-A41Y-01	THCA	TCGA
TCGA-E8-A415-01	THCA	TCGA
TCGA-FY-A76V-01	THCA	TCGA
TCGA-EM-A4FV-01	THCA	TCGA
TCGA-H2-A422-01	THCA	TCGA
TCGA-ET-A3BS-01	THCA	TCGA
TCGA-EL-A3T7-01	THCA	TCGA
TCGA-ET-A25P-01	THCA	TCGA
TCGA-DJ-A13U-01	THCA	TCGA
TCGA-FY-A3W9-01	THCA	TCGA
TCGA-J8-A3YD-01	THCA	TCGA
TCGA-BJ-A192-01	THCA	TCGA
TCGA-BJ-A0ZA-01	THCA	TCGA
TCGA-DJ-A2PP-01	THCA	TCGA
TCGA-DJ-A2PN-01	THCA	TCGA
TCGA-EL-A3TB-01	THCA	TCGA
TCGA-DJ-A1QF-01	THCA	TCGA
TCGA-DJ-A2PU-01	THCA	TCGA
TCGA-EM-A3AL-01	THCA	TCGA
TCGA-EM-A2CN-01	THCA	TCGA
TCGA-EL-A3GW-01	THCA	TCGA
TCGA-KS-A4I1-01	THCA	TCGA
TCGA-FE-A236-01	THCA	TCGA
TCGA-EL-A3MW-01	THCA	TCGA
TCGA-DJ-A13S-01	THCA	TCGA
TCGA-EL-A3H4-01	THCA	TCGA
TCGA-KS-A4IC-01	THCA	TCGA
TCGA-DJ-A2PR-01	THCA	TCGA
TCGA-DJ-A1QL-01	THCA	TCGA
TCGA-DJ-A13P-01	THCA	TCGA
TCGA-EL-A3GQ-01	THCA	TCGA
TCGA-EM-A4FK-01	THCA	TCGA
TCGA-DJ-A3UU-01	THCA	TCGA
TCGA-BJ-A291-01	THCA	TCGA
TCGA-FY-A2QD-01	THCA	TCGA
TCGA-CE-A483-01	THCA	TCGA
TCGA-FY-A40M-01	THCA	TCGA
TCGA-DJ-A3VM-01	THCA	TCGA
TCGA-DJ-A3VG-01	THCA	TCGA
TCGA-J8-A3O0-01	THCA	TCGA
TCGA-H2-A3RH-01	THCA	TCGA
TCGA-FY-A3ON-01	THCA	TCGA
TCGA-EM-A2OZ-01	THCA	TCGA
TCGA-E3-A3DY-01	THCA	TCGA
TCGA-EM-A2OX-01	THCA	TCGA
TCGA-ET-A39T-01	THCA	TCGA
TCGA-DJ-A3UN-01	THCA	TCGA
TCGA-DJ-A3UO-01	THCA	TCGA
TCGA-E3-A3E5-01	THCA	TCGA
TCGA-DJ-A2PV-01	THCA	TCGA
TCGA-EL-A4K0-01	THCA	TCGA
TCGA-EL-A3MX-01	THCA	TCGA
TCGA-EM-A3FK-01	THCA	TCGA
TCGA-EM-A2P0-01	THCA	TCGA
TCGA-EL-A3CZ-01	THCA	TCGA
TCGA-KS-A4I3-01	THCA	TCGA
TCGA-J8-A3O1-01	THCA	TCGA
TCGA-L6-A4EQ-01	THCA	TCGA
TCGA-DJ-A4UQ-01	THCA	TCGA
TCGA-FY-A40K-01	THCA	TCGA
TCGA-EM-A3AP-01	THCA	TCGA
TCGA-H2-A3RI-01	THCA	TCGA
TCGA-MK-A4N9-01	THCA	TCGA
TCGA-ET-A2N4-01	THCA	TCGA
TCGA-DJ-A13V-01	THCA	TCGA
TCGA-EM-A2OY-01	THCA	TCGA
TCGA-ET-A2N5-01	THCA	TCGA
TCGA-EM-A4FH-01	THCA	TCGA
TCGA-ET-A3DS-01	THCA	TCGA
TCGA-FK-A3SB-01	THCA	TCGA
TCGA-ET-A3DV-01	THCA	TCGA
TCGA-DJ-A13T-01	THCA	TCGA
TCGA-DJ-A3UR-01	THCA	TCGA
TCGA-EM-A3O6-01	THCA	TCGA
TCGA-DJ-A3VE-01	THCA	TCGA
TCGA-EL-A3GS-01	THCA	TCGA
TCGA-ET-A4KQ-01	THCA	TCGA
TCGA-DJ-A2QB-01	THCA	TCGA
TCGA-EM-A1CV-01	THCA	TCGA
TCGA-BJ-A2N8-01	THCA	TCGA
TCGA-DJ-A3UK-01	THCA	TCGA
TCGA-EM-A3OA-01	THCA	TCGA
TCGA-ET-A2N3-01	THCA	TCGA
TCGA-EL-A3D5-01	THCA	TCGA
TCGA-EM-A2CJ-01	THCA	TCGA
TCGA-L6-A4ET-01	THCA	TCGA
TCGA-EL-A3CP-01	THCA	TCGA
TCGA-EL-A3CL-01	THCA	TCGA
TCGA-ET-A39I-01	THCA	TCGA
TCGA-DJ-A1QI-01	THCA	TCGA
TCGA-EM-A22L-01	THCA	TCGA
TCGA-DJ-A3VK-01	THCA	TCGA
TCGA-EM-A2CS-01	THCA	TCGA
TCGA-BJ-A28S-01	THCA	TCGA
TCGA-EM-A22J-01	THCA	TCGA
TCGA-EM-A1CS-01	THCA	TCGA
TCGA-BJ-A191-01	THCA	TCGA
TCGA-EL-A3ZH-01	THCA	TCGA
TCGA-MK-A4N7-01	THCA	TCGA
TCGA-DJ-A2PS-01	THCA	TCGA
TCGA-KS-A4IB-01	THCA	TCGA
TCGA-ET-A25O-01	THCA	TCGA
TCGA-J8-A3O2-01	THCA	TCGA
TCGA-FY-A3RA-01	THCA	TCGA
TCGA-FY-A3NN-01	THCA	TCGA
TCGA-DJ-A2PQ-01	THCA	TCGA
TCGA-BJ-A0ZE-01	THCA	TCGA
TCGA-EL-A3H8-01	THCA	TCGA
TCGA-EM-A2CK-01	THCA	TCGA
TCGA-DE-A4MD-01	THCA	TCGA
TCGA-E3-A3DZ-01	THCA	TCGA
TCGA-DE-A2OL-01	THCA	TCGA
TCGA-BJ-A0Z2-01	THCA	TCGA
TCGA-FY-A3NP-01	THCA	TCGA
TCGA-J8-A3YH-01	THCA	TCGA
TCGA-EM-A3O7-01	THCA	TCGA
TCGA-DJ-A3UP-01	THCA	TCGA
TCGA-EM-A3SX-01	THCA	TCGA
TCGA-EL-A3H2-01	THCA	TCGA
TCGA-BJ-A28V-01	THCA	TCGA
TCGA-FY-A40N-01	THCA	TCGA
TCGA-EM-A3O8-01	THCA	TCGA
TCGA-BJ-A0ZC-01	THCA	TCGA
TCGA-BJ-A4O9-01	THCA	TCGA
TCGA-DJ-A3VA-01	THCA	TCGA
TCGA-J8-A3YE-01	THCA	TCGA
TCGA-ET-A3BW-01	THCA	TCGA
TCGA-BJ-A0Z0-01	THCA	TCGA
TCGA-EL-A3ZR-01	THCA	TCGA
TCGA-EM-A3OB-01	THCA	TCGA
