sample	mean	median	sd	condition	source
GTEX-OHPL-2626-SM-2HMJA	-4.72197591027808	-9.9658	5.99198664631968	Normal	GTEx
GTEX-YEC3-0826-SM-5P9JF	-4.81602486471723	-9.9658	5.85295436311507	Normal	GTEx
GTEX-WOFL-0726-SM-3MJG4	-4.47927349823322	-9.9658	6.15003785834199	Normal	GTEx
GTEX-11GSP-0126-SM-5A5KU	-4.35508189003261	-5.5735	6.06549470095834	Normal	GTEx
GTEX-YEC3-0826-SM-4WWFP	-4.79277167682354	-9.9658	5.87236276038698	Normal	GTEx
GTEX-ZLFU-0626-SM-4WWBO	-4.51997165463205	-9.9658	6.14573987265289	Normal	GTEx
GTEX-WEY5-0526-SM-3GIKZ	-4.65879303699152	-9.9658	6.10418063219718	Normal	GTEx
GTEX-RU72-0126-SM-2TF6Z	-4.37551775319643	-9.9658	6.25328895103304	Normal	GTEx
GTEX-11DXY-0426-SM-5H12R	-4.32788289035694	-9.9658	6.16557549814753	Normal	GTEx
GTEX-13VXU-0826-SM-5KLZ2	-4.56429696317919	-9.9658	6.15418890101296	Normal	GTEx
GTEX-13OW8-0126-SM-5IJE5	-4.51527867226575	-9.9658	6.04463810865058	Normal	GTEx
GTEX-Q2AH-0726-SM-2I3EA	-4.32944046704563	-6.5064	6.13156793602002	Normal	GTEx
GTEX-ZDTS-0926-SM-4WAXG	-4.42591953534423	-9.9658	6.1982693057497	Normal	GTEx
GTEX-ZYFC-0926-SM-5GZWW	-4.51066193304997	-9.9658	6.17046917319334	Normal	GTEx
GTEX-13FHP-0926-SM-5L3EC	-4.39290101739472	-9.9658	6.23531529480922	Normal	GTEx
GTEX-145LU-0426-SM-5O9AH	-4.28006370495553	-6.5064	6.17336521824554	Normal	GTEx
GTEX-REY6-0526-SM-2TF5M	-4.55938718185077	-9.9658	6.28965575829697	Normal	GTEx
GTEX-11EM3-0126-SM-5985K	-4.5231679845001	-9.9658	6.02791979573464	Normal	GTEx
GTEX-11DXX-0226-SM-5P9HL	-4.60342278725184	-9.9658	5.99038185495904	Normal	GTEx
GTEX-PWN1-2626-SM-2I3FH	-4.53992645567676	-9.9658	6.13467939154905	Normal	GTEx
GTEX-12584-0826-SM-5FQSK	-4.33569885969854	-9.9658	6.16853824438418	Normal	GTEx
GTEX-13111-0226-SM-5EQ55	-4.53259376760383	-9.9658	6.13225659967381	Normal	GTEx
GTEX-11ZVC-0126-SM-5986G	-4.24723289121046	-5.5735	6.14401129662804	Normal	GTEx
GTEX-Q2AI-0326-SM-2I3EK	-4.3579324542087	-5.5735	6.061406627173	Normal	GTEx
GTEX-11O72-2326-SM-5BC7H	-4.60251481367679	-9.9658	6.15949747007867	Normal	GTEx
GTEX-139TS-0126-SM-5K7XJ	-4.51225106604531	-9.9658	6.19533844275812	Normal	GTEx
GTEX-RM2N-0526-SM-2TF4N	-4.61001187245011	-9.9658	6.24729912013069	Normal	GTEx
GTEX-13112-0326-SM-5P9IW	-3.94379481743227	-3.816	6.09857933356264	Normal	GTEx
GTEX-11EMC-0226-SM-5EGLP	-4.5100823150851	-9.9658	6.10795430210622	Normal	GTEx
GTEX-132NY-1026-SM-5P9IY	-4.32469998292962	-6.5064	6.14343978554512	Normal	GTEx
GTEX-YFC4-2626-SM-5P9FQ	-4.11569973199502	-4.6082	6.09413460260777	Normal	GTEx
GTEX-11GS4-0826-SM-5986J	-4.35043180212014	-9.9658	6.12478326784285	Normal	GTEx
GTEX-ZDYS-0626-SM-5J2N5	-4.29963752752599	-5.5735	6.1348947592365	Normal	GTEx
GTEX-11TT1-1126-SM-5P9GV	-4.61049333572319	-9.9658	6.03604502158767	Normal	GTEx
GTEX-WVLH-0626-SM-3MJG7	-4.49875714480804	-9.9658	6.15937854821122	Normal	GTEx
GTEX-WY7C-0226-SM-3NB37	-4.48733000290197	-9.9658	6.09677671883834	Normal	GTEx
GTEX-13O3Q-0626-SM-5IJG1	-4.37847235451768	-9.9658	6.17090399501519	Normal	GTEx
GTEX-ZLWG-0526-SM-4WWFB	-4.54157816698247	-9.9658	6.04050055890212	Normal	GTEx
GTEX-111VG-0526-SM-5N9BW	-4.53222179375566	-9.9658	6.01766066798319	Normal	GTEx
GTEX-S4Q7-0326-SM-3K2B1	-4.36525443915263	-9.9658	6.11889131255447	Normal	GTEx
GTEX-13G51-1226-SM-5K7Z3	-4.4706036633038	-9.9658	6.21240743221126	Normal	GTEx
GTEX-12WSB-0726-SM-5N9GD	-4.20156749628719	-5.5735	6.20238400554549	Normal	GTEx
GTEX-12WSC-0826-SM-5EQ5Q	-4.44614909441628	-9.9658	6.24104570723682	Normal	GTEx
GTEX-13NYB-0726-SM-5MR4J	-4.65643383861662	-9.9658	6.12887848352379	Normal	GTEx
GTEX-13OW6-0726-SM-5L3FX	-4.39483218961779	-9.9658	6.16019136040602	Normal	GTEx
GTEX-144GM-0226-SM-5Q5CB	-4.87780969939059	-9.9658	6.03437054733287	Normal	GTEx
GTEX-13QBU-0626-SM-5J2OG	-4.61218626687834	-9.9658	6.06919679159254	Normal	GTEx
GTEX-W5WG-1426-SM-4KKZP	-4.53539413120295	-9.9658	6.07270828559961	Normal	GTEx
GTEX-ZTPG-0826-SM-5DUVC	-4.70882827025828	-9.9658	6.11782756505989	Normal	GTEx
GTEX-13S86-1126-SM-5RQJX	-4.89986623137195	-9.9658	6.11862772190011	Normal	GTEx
GTEX-WHPG-0226-SM-3NMB9	-4.41141710622898	-9.9658	6.13405939447121	Normal	GTEx
GTEX-13O1R-0826-SM-5J2MB	-4.47741333367474	-9.9658	6.11725294646746	Normal	GTEx
GTEX-N7MS-2326-SM-2HMLD	-4.35214399207934	-6.5064	6.1328943568625	Normal	GTEx
GTEX-ZVZQ-0626-SM-59HJU	-4.1958238917055	-5.0116	6.11567831711196	Normal	GTEx
GTEX-OXRP-0326-SM-5SI7J	-4.79873044161076	-9.9658	6.13158957859028	Normal	GTEx
GTEX-117YW-0126-SM-5EGGN	-4.24684670114884	-5.5735	6.16872503716625	Normal	GTEx
GTEX-13PVQ-0726-SM-5L3GI	-4.55976277291272	-9.9658	6.13783376938931	Normal	GTEx
GTEX-117XS-0526-SM-5987Q	-4.42756094638193	-9.9658	6.19945718953479	Normal	GTEx
GTEX-11LCK-0526-SM-5A5M9	-4.349981056998	-9.9658	6.14845363657115	Normal	GTEx
GTEX-133LE-0326-SM-5P9G4	-4.44239450845837	-5.5735	5.96839984846466	Normal	GTEx
GTEX-13O3O-0926-SM-5KM1F	-4.52690722077124	-9.9658	6.19840215144648	Normal	GTEx
GTEX-WFG8-0426-SM-3GILD	-4.71666125706287	-9.9658	6.12780324646837	Normal	GTEx
GTEX-1212Z-0426-SM-5FQT6	-4.16147880200065	-4.2934	6.0705981551441	Normal	GTEx
GTEX-ZVP2-0426-SM-57WC2	-4.55322835048907	-9.9658	6.06354625106907	Normal	GTEx
GTEX-ZE7O-1126-SM-57WC8	-4.42937054676431	-9.9658	6.28026680093225	Normal	GTEx
GTEX-145ME-0126-SM-5S2QM	-4.6796631706526	-9.9658	6.19589503280783	Normal	GTEx
GTEX-13FTW-0626-SM-5IFEX	-4.68396419828955	-9.9658	6.06348482324334	Normal	GTEx
GTEX-11NUK-1026-SM-5HL5J	-4.39085245045322	-9.9658	6.12165586450163	Normal	GTEx
GTEX-12WSD-0926-SM-5GCNL	-4.26900788139499	-9.9658	6.2296789548009	Normal	GTEx
GTEX-111CU-0226-SM-5GZXC	-4.56213198477322	-9.9658	6.03413408548366	Normal	GTEx
GTEX-113JC-0126-SM-5EGJW	-4.52716626209863	-9.9658	6.14392383661734	Normal	GTEx
GTEX-OHPK-2626-SM-2HMK9	-4.4452148409894	-6.5064	6.0289819375989	Normal	GTEx
GTEX-13YAN-0926-SM-5O9C3	-4.34223856540517	-9.9658	6.19950880522429	Normal	GTEx
GTEX-WL46-0126-SM-3TW8I	-4.30827917413496	-5.5735	6.08906292711384	Normal	GTEx
GTEX-13FXS-0726-SM-5LZXJ	-4.60820564005394	-9.9658	6.21150714462916	Normal	GTEx
GTEX-OXRP-0326-SM-33HBJ	-4.86161992625595	-9.9658	6.1242671454597	Normal	GTEx
GTEX-YEC4-0626-SM-5CVLU	-4.56628753862174	-9.9658	6.10470412812811	Normal	GTEx
GTEX-OIZG-0226-SM-2TC5L	-4.57466819446578	-9.9658	6.13353855846099	Normal	GTEx
GTEX-14BMU-0226-SM-5S2QA	-4.52971678701286	-9.9658	6.14670976700956	Normal	GTEx
GTEX-13CF3-0926-SM-5LZZC	-4.52302519588262	-9.9658	6.12542980048461	Normal	GTEx
GTEX-13X6J-0826-SM-5LU32	-4.48048541335928	-9.9658	6.21560113638776	Normal	GTEx
GTEX-14ABY-0926-SM-5Q5DY	-4.41236163261126	-9.9658	6.17661640222257	Normal	GTEx
GTEX-SIU8-0626-SM-2XCDN	-4.37423084447176	-9.9658	6.32354667044532	Normal	GTEx
GTEX-Y5V6-0526-SM-4VBRV	-4.67100996739557	-9.9658	6.10078570757838	Normal	GTEx
GTEX-13O21-2226-SM-5MR3L	-4.49835896451068	-9.9658	6.08489813778437	Normal	GTEx
GTEX-RTLS-0626-SM-5SI7Z	-4.47344564790632	-9.9658	6.10129240028983	Normal	GTEx
GTEX-X4LF-0426-SM-3NMB5	-4.56861671531725	-9.9658	6.0882301799926	Normal	GTEx
GTEX-1128S-0126-SM-5H12S	-4.45337613048599	-9.9658	6.21027747385916	Normal	GTEx
GTEX-YJ89-0726-SM-5P9F7	-4.30163699663714	-5.5735	6.1354564160565	Normal	GTEx
GTEX-ZLV1-0126-SM-4WWBZ	-4.44524444444445	-9.9658	6.10002787936681	Normal	GTEx
GTEX-ZZ64-0126-SM-5GZXA	-4.55221203632577	-9.9658	6.09467076968552	Normal	GTEx
GTEX-12696-0326-SM-5EGL4	-4.41673606459432	-9.9658	6.12269563470276	Normal	GTEx
GTEX-WXYG-0226-SM-3NB2Y	-4.42178063535959	-9.9658	6.13090641830038	Normal	GTEx
GTEX-145MG-0826-SM-5Q5C2	-4.5966360543521	-9.9658	6.24770165298432	Normal	GTEx
GTEX-P4QT-2626-SM-2I3FM	-4.50843288608935	-9.9658	6.02035663778062	Normal	GTEx
GTEX-Y3IK-0526-SM-4WWE3	-4.1080103224595	-4.2934	6.03312418266192	Normal	GTEx
GTEX-13FTY-0726-SM-5J2OH	-4.3557440347553	-9.9658	6.18942146718615	Normal	GTEx
GTEX-OOBK-2626-SM-2HMKY	-4.51814867107083	-9.9658	6.11177637670681	Normal	GTEx
GTEX-12WSN-0726-SM-5GCMS	-4.57974494972773	-9.9658	6.12012460831173	Normal	GTEx
GTEX-QDVN-0626-SM-2I3FP	-4.44922807907001	-9.9658	6.09576357310277	Normal	GTEx
GTEX-12WSJ-0326-SM-5GCMT	-4.66092243901606	-9.9658	6.05741970646991	Normal	GTEx
GTEX-132AR-1126-SM-5P9GA	-4.40878627029242	-9.9658	6.15080175470041	Normal	GTEx
GTEX-11XUK-0226-SM-5EQLW	-4.27144362335911	-5.0116	6.05671414122501	Normal	GTEx
GTEX-X8HC-0726-SM-46MWG	-4.43315993752241	-9.9658	6.20008295206549	Normal	GTEx
GTEX-11ZTS-1126-SM-5LU9X	-4.57085379047814	-9.9658	6.09424322969497	Normal	GTEx
GTEX-YF7O-0726-SM-4W213	-4.64309371127157	-9.9658	6.00188204624798	Normal	GTEx
GTEX-13X6H-0526-SM-5LU4Q	-4.6133381505949	-9.9658	6.09925822269972	Normal	GTEx
GTEX-132QS-0326-SM-5IJFN	-4.61416042573531	-9.9658	6.01755418021318	Normal	GTEx
GTEX-X15G-0526-SM-3NMB7	-4.44759057885663	-9.9658	6.16727158140582	Normal	GTEx
GTEX-111YS-0726-SM-5GZY8	-4.57976872194056	-9.9658	6.08539070963269	Normal	GTEx
GTEX-ZAK1-0726-SM-5HL8Q	-4.49444045509636	-9.9658	6.15235812544789	Normal	GTEx
GTEX-WYJK-1626-SM-3NM9J	-4.32059780304194	-6.5064	6.17082975711454	Normal	GTEx
GTEX-U8T8-2326-SM-3DB96	-4.55489745139209	-9.9658	6.217591887285	Normal	GTEx
GTEX-12BJ1-0426-SM-5FQSO	-4.4785362113996	-6.5064	6.01255507865616	Normal	GTEx
GTEX-13NYC-2426-SM-5MR3K	-4.56474118400164	-9.9658	6.13167676956608	Normal	GTEx
GTEX-ZPU1-0426-SM-4WWCA	-4.2441622437309	-5.5735	6.16762225412109	Normal	GTEx
GTEX-Y8E4-0126-SM-4VBQ2	-4.40689652105632	-9.9658	6.10398421742041	Normal	GTEx
GTEX-11EQ9-0626-SM-5A5K1	-4.47146693125758	-6.5064	6.02060568421262	Normal	GTEx
GTEX-ZAB5-0726-SM-5P9JG	-4.18163557638142	-5.0116	6.18065333391712	Normal	GTEx
GTEX-S32W-0726-SM-2XCBL	-4.83786393369864	-9.9658	6.14727322749598	Normal	GTEx
GTEX-SE5C-0726-SM-4BRWY	-4.56769032962906	-9.9658	6.21361800548326	Normal	GTEx
GTEX-ZPCL-0126-SM-4WWC8	-4.71728767006367	-9.9658	6.09290692160273	Normal	GTEx
GTEX-ZVT3-0726-SM-5GICN	-4.48115041566378	-9.9658	6.22139489898063	Normal	GTEx
GTEX-X4XY-0826-SM-4E3JM	-4.28479059080589	-9.9658	6.19878786581785	Normal	GTEx
GTEX-ZYFG-0626-SM-5GZYA	-4.64379284068213	-9.9658	6.04149416154457	Normal	GTEx
GTEX-13OW7-0826-SM-5L3EL	-4.56114829722948	-9.9658	6.15903055228119	Normal	GTEx
GTEX-RVPV-1226-SM-2TF73	-4.69544132227173	-9.9658	6.15385995715914	Normal	GTEx
GTEX-ZV7C-0126-SM-57WDE	-4.51467277444905	-9.9658	6.10838861816538	Normal	GTEx
GTEX-WFG7-0326-SM-5SI7L	-4.65151024905686	-9.9658	6.15102792989034	Normal	GTEx
GTEX-13N1W-0826-SM-5MR5J	-4.71699179085369	-9.9658	6.11630171807187	Normal	GTEx
GTEX-R55G-0726-SM-2TC6J	-4.57299903040235	-9.9658	6.3021586854731	Normal	GTEx
GTEX-WYVS-0326-SM-3NM9V	-4.24377104692648	-5.0116	6.11510411909217	Normal	GTEx
GTEX-1211K-0726-SM-5FQUW	-4.61732587186972	-9.9658	6.07449917307702	Normal	GTEx
GTEX-XUW1-1026-SM-4BONY	-4.58980236254076	-9.9658	6.16248136414423	Normal	GTEx
GTEX-WHSB-1626-SM-3LK6J	-4.41429851487684	-9.9658	6.15170029464939	Normal	GTEx
GTEX-Y5LM-0626-SM-4V6G4	-4.5768775012376	-9.9658	6.06692450477443	Normal	GTEx
GTEX-11TUW-0226-SM-5LU8X	-4.61233781942951	-9.9658	6.17894121720463	Normal	GTEx
GTEX-145MH-0426-SM-5LU8T	-4.54851416329527	-9.9658	6.22595899293107	Normal	GTEx
GTEX-11VI4-0226-SM-5GU6C	-4.72974008125502	-9.9658	6.16664926280063	Normal	GTEx
GTEX-OOBJ-2626-SM-2I3F6	-4.36759493692494	-9.9658	6.12416941098298	Normal	GTEx
GTEX-13RTK-0326-SM-5RQHS	-4.70928363121149	-9.9658	6.12110769376327	Normal	GTEx
GTEX-13D11-0226-SM-5LZXL	-4.82521871938	-9.9658	6.09433310348502	Normal	GTEx
GTEX-S341-0226-SM-5S2VG	-4.55512522831635	-9.9658	6.10319290527332	Normal	GTEx
GTEX-PWCY-2326-SM-2I3EQ	-4.57035953807549	-9.9658	6.14403018908111	Normal	GTEx
GTEX-12ZZX-1226-SM-5EGHS	-4.47898786125194	-9.9658	6.13261494308111	Normal	GTEx
GTEX-11ZTT-1026-SM-5EQKF	-4.72621045048736	-9.9658	6.02208571126895	Normal	GTEx
GTEX-139UW-0126-SM-5KM1B	-4.56442819002748	-9.9658	6.14444500406914	Normal	GTEx
GTEX-TKQ1-0126-SM-33HB3	-4.62640807770438	-9.9658	6.01459495082954	Normal	GTEx
GTEX-WK11-0926-SM-3NMAU	-4.53934674382479	-9.9658	6.17196050388589	Normal	GTEx
GTEX-11P7K-0226-SM-5986Z	-4.52066766869804	-9.9658	6.1303394666602	Normal	GTEx
GTEX-OXRK-0626-SM-2HMJ5	-4.51084429251805	-9.9658	6.06266270508593	Normal	GTEx
GTEX-Q2AG-0826-SM-2HMKF	-4.27054449565559	-9.9658	6.21443310239766	Normal	GTEx
GTEX-ZT9X-0226-SM-51MT2	-4.53218022225636	-9.9658	6.08906265153129	Normal	GTEx
GTEX-PWOO-0926-SM-2I3EC	-4.46835288745498	-6.5064	5.99407874776215	Normal	GTEx
GTEX-WI4N-0926-SM-3LK7K	-4.56791453884365	-9.9658	6.17378614824194	Normal	GTEx
GTEX-11I78-0526-SM-5986A	-4.60201175466448	-9.9658	6.05473618117861	Normal	GTEx
GTEX-ZGAY-1026-SM-4WWBR	-4.54998453764873	-9.9658	6.13875803493766	Normal	GTEx
GTEX-1497J-0126-SM-5Q5BK	-4.43040231815777	-9.9658	6.14840823820215	Normal	GTEx
GTEX-131XF-1826-SM-5EGKG	-4.53888251310152	-9.9658	6.14950372763858	Normal	GTEx
GTEX-131XE-0126-SM-5LZVC	-4.59867270958161	-9.9658	6.1635490590066	Normal	GTEx
GTEX-146FQ-0726-SM-5LUA7	-4.53584295420017	-9.9658	6.2214024125081	Normal	GTEx
GTEX-ZYY3-1926-SM-5GZXS	-4.60154922927229	-9.9658	6.03666057497392	Normal	GTEx
GTEX-OIZH-2626-SM-2HMJM	-4.45515087485704	-9.9658	6.05910187643918	Normal	GTEx
GTEX-TSE9-0626-SM-3DB8B	-4.65089969785425	-9.9658	6.21216799925443	Normal	GTEx
GTEX-ZA64-0426-SM-5HL96	-4.57225247776583	-9.9658	6.09921155214155	Normal	GTEx
GTEX-1122O-0226-SM-5N9DA	-4.8308329065738	-9.9658	6.01037965234152	Normal	GTEx
GTEX-12WSG-0226-SM-5EGIF	-4.33855305474471	-9.9658	6.14045729222245	Normal	GTEx
GTEX-12ZZZ-1226-SM-59HK1	-4.5124112630375	-9.9658	6.1843456817015	Normal	GTEx
GTEX-13OVG-0226-SM-5LU93	-4.49521104624366	-9.9658	6.17191390973146	Normal	GTEx
GTEX-NFK9-0726-SM-2HMJW	-4.39986794865229	-5.5735	6.05040095231819	Normal	GTEx
GTEX-XV7Q-0326-SM-4BRVM	-4.51140092180058	-9.9658	6.17254679411001	Normal	GTEx
GTEX-R3RS-0726-SM-3GIJR	-5.06330768167153	-9.9658	6.29314291278848	Normal	GTEx
GTEX-W5X1-0426-SM-3GILB	-4.4303796418634	-9.9658	6.25427723811585	Normal	GTEx
GTEX-11EI6-0726-SM-59866	-4.43832432529318	-9.9658	6.18686172050681	Normal	GTEx
GTEX-RWS6-0626-SM-2XCAS	-4.55841750908998	-9.9658	6.14300368990226	Normal	GTEx
GTEX-14ICL-0426-SM-5RQJ3	-4.81552412044861	-9.9658	6.13635044470721	Normal	GTEx
GTEX-ZXG5-0926-SM-5NQ8H	-4.70014832283505	-9.9658	6.17844118973338	Normal	GTEx
GTEX-SN8G-1526-SM-4DM79	-4.40877148904935	-9.9658	6.19596641457355	Normal	GTEx
GTEX-14C38-0826-SM-5S2U8	-4.47141015516977	-9.9658	6.10949208791932	Normal	GTEx
GTEX-ZT9W-0226-SM-4YCCZ	-4.87731439374541	-9.9658	5.91403727157761	Normal	GTEx
GTEX-QXCU-0326-SM-2TC63	-4.49816533517694	-9.9658	6.14848422866048	Normal	GTEx
GTEX-ZV6S-0226-SM-59HJT	-4.47206364350216	-9.9658	6.10656168014254	Normal	GTEx
GTEX-14753-0926-SM-5Q5BI	-4.49093846639696	-9.9658	6.21785465781647	Normal	GTEx
GTEX-P4QS-2626-SM-2I3EV	-4.48737078745668	-9.9658	6.02523897004256	Normal	GTEx
GTEX-XBEW-0126-SM-4AT66	-4.57943430975914	-9.9658	6.17712020741166	Normal	GTEx
GTEX-144GO-0126-SM-5LUAO	-4.68242942421604	-9.9658	6.16543005333848	Normal	GTEx
GTEX-111FC-1026-SM-5GZX1	-4.56504508458374	-9.9658	6.12814446155798	Normal	GTEx
GTEX-ZY6K-0226-SM-5SIAY	-4.56780729929499	-9.9658	6.09744142416637	Normal	GTEx
GTEX-12WSL-0626-SM-5GCOY	-4.40180370085864	-9.9658	6.22415671423084	Normal	GTEx
GTEX-13JVG-0926-SM-5IJE1	-4.57583981837115	-9.9658	6.14404311300509	Normal	GTEx
GTEX-14A5H-0726-SM-5Q5DW	-4.4253470801113	-9.9658	6.0978165237674	Normal	GTEx
GTEX-RN64-0626-SM-2TC5V	-4.26611891398235	-5.5735	6.16484020571289	Normal	GTEx
GTEX-XXEK-1326-SM-4BRV1	-4.58949521005104	-9.9658	6.14879622816235	Normal	GTEx
GTEX-XGQ4-0426-SM-4AT4I	-4.67706293678838	-9.9658	6.15841164642125	Normal	GTEx
GTEX-YFCO-0326-SM-4W1ZP	-4.77578542872262	-9.9658	5.94130353757518	Normal	GTEx
GTEX-13N2G-0726-SM-5MR38	-4.31175566139192	-6.5064	6.14305285471347	Normal	GTEx
GTEX-WH7G-0526-SM-3NMBI	-4.64348502756867	-9.9658	6.08248688890716	Normal	GTEx
GTEX-ZYW4-1126-SM-5SI99	-4.62489934449736	-9.9658	6.14074977159798	Normal	GTEx
GTEX-XMK1-0626-SM-4B65A	-4.5096129512982	-9.9658	6.14820881159553	Normal	GTEx
GTEX-13PL6-1026-SM-5L3E5	-4.57163236373568	-9.9658	6.2221677885056	Normal	GTEx
GTEX-RTLS-0626-SM-2TF6G	-5.11492042471109	-9.9658	6.34723265357529	Normal	GTEx
GTEX-13N11-1026-SM-5K7XQ	-4.4817655263652	-9.9658	6.21740784489343	Normal	GTEx
GTEX-Y3I4-0226-SM-4TT27	-4.63479368908008	-9.9658	5.95133764973947	Normal	GTEx
GTEX-Y9LG-0426-SM-4VBRT	-4.57875020911217	-9.9658	6.0804685825273	Normal	GTEx
GTEX-Y114-0626-SM-4TT98	-4.44828690872467	-9.9658	6.07426038833791	Normal	GTEx
GTEX-X5EB-0726-SM-46MVR	-4.49380376231201	-9.9658	6.18444185808846	Normal	GTEx
GTEX-SJXC-0726-SM-2XCFJ	-4.57781938853895	-9.9658	6.24769492944972	Normal	GTEx
GTEX-ZYT6-0426-SM-5GID3	-4.52217176046841	-9.9658	6.15757918555068	Normal	GTEx
GTEX-P4PQ-2626-SM-5SI7K	-4.67894547037435	-9.9658	6.07639084018934	Normal	GTEx
GTEX-Y5V5-0326-SM-5RQJG	-4.6709994042437	-9.9658	6.17635396000354	Normal	GTEx
GTEX-1399R-0126-SM-5IFEV	-4.49847661016371	-9.9658	6.10505166684743	Normal	GTEx
GTEX-S7SE-0726-SM-2XCD7	-4.46303894266059	-9.9658	6.2626802715999	Normal	GTEx
GTEX-XUJ4-0726-SM-4BOOP	-4.51495370683327	-9.9658	6.12455324462536	Normal	GTEx
GTEX-RNOR-0926-SM-2TF56	-4.60881929123777	-9.9658	6.21806561316796	Normal	GTEx
GTEX-13113-0126-SM-5LZVX	-4.45753737047848	-9.9658	6.18964871328716	Normal	GTEx
GTEX-WWYW-0826-SM-3NB2X	-4.61820376572609	-9.9658	6.17551887752331	Normal	GTEx
GTEX-13NZ9-1126-SM-5MR37	-4.17877254058483	-5.0116	6.18845176918274	Normal	GTEx
GTEX-WYBS-1926-SM-3NM8N	-4.65959902186716	-9.9658	6.11409983105008	Normal	GTEx
GTEX-12WSH-0226-SM-5GCOG	-4.58206394052679	-9.9658	6.20835749793508	Normal	GTEx
GTEX-11TTK-0826-SM-5N9EG	-4.70524113449753	-9.9658	6.01930130394975	Normal	GTEx
GTEX-XUZC-0126-SM-4BOO6	-4.66263358085386	-9.9658	6.12007919015318	Normal	GTEx
GTEX-POYW-0826-SM-2XCEM	-4.62880325190762	-9.9658	6.42012701310942	Normal	GTEx
GTEX-XLM4-0726-SM-4AT64	-4.6964383025213	-9.9658	6.15109589673998	Normal	GTEx
GTEX-131XG-0226-SM-5IFG1	-4.64014194704768	-9.9658	6.08357625406668	Normal	GTEx
GTEX-WFG7-0326-SM-3GILI	-5.12220153974838	-9.9658	6.28691988930554	Normal	GTEx
GTEX-R55E-0826-SM-2TC5M	-4.58300715931787	-9.9658	6.18158465205012	Normal	GTEx
GTEX-XBED-0126-SM-47JY7	-4.49480961403868	-9.9658	6.17654391609566	Normal	GTEx
GTEX-14E6C-2626-SM-5RQJP	-4.80394826479575	-9.9658	6.11260383992631	Normal	GTEx
GTEX-11NSD-0126-SM-5987F	-4.40151109404073	-9.9658	6.17570858846648	Normal	GTEx
GTEX-144FL-2326-SM-5LUAC	-4.81853778016763	-9.9658	5.86308311998636	Normal	GTEx
GTEX-ZC5H-0626-SM-5LU9K	-4.50061769003602	-9.9658	6.25554653144927	Normal	GTEx
GTEX-U4B1-0626-SM-3DB8L	-4.46663047404449	-9.9658	6.17409000628799	Normal	GTEx
GTEX-13O3P-0726-SM-5J2OM	-4.41682571311517	-9.9658	6.22406302656604	Normal	GTEx
GTEX-YB5E-0626-SM-4VDSE	-4.92794523309606	-9.9658	6.03039293249074	Normal	GTEx
GTEX-ZVZP-1026-SM-5GICI	-4.64395697239719	-9.9658	6.0739860228688	Normal	GTEx
GTEX-14AS3-0226-SM-5Q5B6	-4.31040069476452	-9.9658	6.22167982588715	Normal	GTEx
GTEX-148VJ-0726-SM-5LU8J	-4.68856558611154	-9.9658	6.13733097486402	Normal	GTEx
GTEX-1313W-0726-SM-5EGK1	-4.50687749270241	-9.9658	6.18577998231936	Normal	GTEx
GTEX-X4XX-0926-SM-46MV7	-4.5047328570697	-9.9658	6.27254486651849	Normal	GTEx
GTEX-1192X-1126-SM-5EGGU	-4.53068460593025	-9.9658	6.1982503674294	Normal	GTEx
GTEX-146FR-0326-SM-5SI8U	-4.47575928884792	-9.9658	6.08402142687364	Normal	GTEx
GTEX-11DZ1-2726-SM-5A5KH	-4.57940905413018	-9.9658	6.19555864665812	Normal	GTEx
GTEX-OIZI-0726-SM-2XCEI	-4.64506662399071	-9.9658	6.16716897232949	Normal	GTEx
GTEX-P4PQ-2626-SM-33HC9	-4.83240902852461	-9.9658	6.0589444597236	Normal	GTEx
GTEX-11UD2-0626-SM-5GU6L	-4.65994198972363	-9.9658	6.18037401710344	Normal	GTEx
GTEX-Q734-0526-SM-2I3EH	-4.33687818063877	-9.9658	6.18753019222727	Normal	GTEx
GTEX-ZZPU-1326-SM-5GZWS	-4.57543698298083	-9.9658	6.10892540808345	Normal	GTEx
GTEX-13W46-0926-SM-5LU3T	-4.35946418463324	-9.9658	6.23104218758495	Normal	GTEx
GTEX-UJMC-0326-SM-3GAE2	-4.5816408374729	-9.9658	6.28908616916606	Normal	GTEx
GTEX-SUCS-0226-SM-32PLQ	-4.53519126337891	-9.9658	6.16908372589082	Normal	GTEx
GTEX-13OVI-0826-SM-5KLZ8	-4.62871840528499	-9.9658	6.03962510991539	Normal	GTEx
GTEX-13VXT-0626-SM-5SIA1	-4.52103377033509	-9.9658	6.19594994068722	Normal	GTEx
GTEX-VUSG-0426-SM-3GIKD	-4.72410975913692	-9.9658	6.25478185084209	Normal	GTEx
GTEX-T6MO-0226-SM-32QOL	-4.67463911507144	-9.9658	6.13081624017381	Normal	GTEx
GTEX-13OW5-0626-SM-5J2N2	-4.49995921885936	-9.9658	6.15399288535672	Normal	GTEx
GTEX-RU1J-0226-SM-2TF5Y	-4.7556655349004	-9.9658	6.18912947777959	Normal	GTEx
GTEX-117YX-1226-SM-5H11S	-4.7810286475137	-9.9658	6.08742776584319	Normal	GTEx
GTEX-12WSK-0926-SM-5CVNQ	-4.57761351120671	-9.9658	6.07182199752281	Normal	GTEx
GTEX-WHSE-0626-SM-4RGNF	-4.76347503456752	-9.9658	6.1538783039467	Normal	GTEx
GTEX-QV44-0826-SM-2S1RG	-4.43318671924344	-9.9658	6.27693800005927	Normal	GTEx
GTEX-XYKS-0826-SM-4BRVF	-4.75700265273724	-9.9658	6.00877839495783	Normal	GTEx
GTEX-OHPM-2626-SM-5SI7I	-4.87892682439699	-9.9658	6.16732592009263	Normal	GTEx
GTEX-R55C-0626-SM-2TF4Q	-4.71609573411174	-9.9658	6.25204305097345	Normal	GTEx
GTEX-SIU7-1126-SM-2XCDW	-4.80870613680204	-9.9658	6.09106637722202	Normal	GTEx
GTEX-V1D1-0926-SM-4JBHQ	-4.47075224390161	-9.9658	6.17837035498563	Normal	GTEx
GTEX-Y111-1926-SM-4SOIS	-4.61005755791127	-9.9658	6.20586592229849	Normal	GTEx
GTEX-V955-0426-SM-3GAEL	-4.9040843037845	-9.9658	6.22413714072569	Normal	GTEx
GTEX-SNOS-0226-SM-32PLR	-4.83501901640464	-9.9658	6.2490736380096	Normal	GTEx
GTEX-12WS9-0726-SM-5FQT7	-4.65287434321709	-9.9658	6.12556735988774	Normal	GTEx
GTEX-OHPM-2626-SM-33HC5	-4.93647157440126	-9.9658	6.09235210436243	Normal	GTEx
GTEX-11P81-0126-SM-5HL5Y	-4.47885590549837	-9.9658	6.19241552074668	Normal	GTEx
GTEX-11GSO-0626-SM-5A5LW	-4.81940309827419	-9.9658	6.15793314613647	Normal	GTEx
GTEX-UPIC-0226-SM-3GADO	-4.89720955429235	-9.9658	6.25505909062851	Normal	GTEx
GTEX-13IVO-0926-SM-5KLZP	-4.55332795274919	-9.9658	6.24874919353139	Normal	GTEx
GTEX-145MI-1126-SM-5O9AK	-4.54551547430054	-9.9658	6.2346679204941	Normal	GTEx
GTEX-OXRO-1226-SM-48TDL	-4.63758659121558	-9.9658	6.22863929234697	Normal	GTEx
GTEX-13NZ8-0226-SM-5J2OK	-4.50488335808539	-9.9658	6.22820466288652	Normal	GTEx
GTEX-11EQ8-0826-SM-5N9FG	-4.4291314555914	-9.9658	6.20181576233329	Normal	GTEx
GTEX-SUCS-0226-SM-5CHQG	-9.82751826337768	-9.9658	1.58290286298284	Normal	GTEx
TCGA-EM-A3O9-01	-5.75200547447125	-9.9658	5.3460050208076	THCA	TCGA
TCGA-BJ-A28W-01	-5.23733143169287	-9.9658	5.69186674443774	THCA	TCGA
TCGA-ET-A40P-01	-5.03790064184633	-9.9658	5.93417213238079	THCA	TCGA
TCGA-DJ-A13R-01	-5.89468305935372	-9.9658	5.23763947316679	THCA	TCGA
TCGA-DJ-A2Q9-01	-4.74822968880695	-9.9658	6.02445206144017	THCA	TCGA
TCGA-EL-A3CR-01	-4.94618014031853	-9.9658	5.8288585156086	THCA	TCGA
TCGA-EL-A3CO-01	-4.68882748672778	-9.9658	6.06109696188015	THCA	TCGA
TCGA-EL-A3ZO-01	-5.11077693791502	-9.9658	5.81742431391242	THCA	TCGA
TCGA-EL-A3CY-01	-4.61908161007835	-6.5064	5.97139715735913	THCA	TCGA
TCGA-DJ-A2Q1-01	-5.61252964442396	-9.9658	5.75847608927327	THCA	TCGA
TCGA-EL-A3H5-01	-5.63844424813506	-9.9658	5.52754945895887	THCA	TCGA
TCGA-EL-A3ZM-01	-5.48926966251857	-9.9658	5.67760773931915	THCA	TCGA
TCGA-EM-A3O3-01	-5.25974228504123	-9.9658	5.83502488396851	THCA	TCGA
TCGA-FK-A3SG-01	-5.25599000529182	-9.9658	5.95538139526197	THCA	TCGA
TCGA-EM-A3FM-01	-5.38182909817176	-9.9658	5.75337204058867	THCA	TCGA
TCGA-EL-A3T9-01	-4.81825127259692	-9.9658	5.98274363489013	THCA	TCGA
TCGA-ET-A2N0-01	-5.5658859920452	-9.9658	5.65367527295873	THCA	TCGA
TCGA-FY-A3WA-01	-4.58428110479507	-9.9658	6.11781318337536	THCA	TCGA
TCGA-CE-A27D-01	-4.87472962223247	-9.9658	5.92104068643941	THCA	TCGA
TCGA-FY-A3I5-01	-4.86432871579522	-9.9658	5.82826589940117	THCA	TCGA
TCGA-BJ-A45E-01	-5.48475395606084	-9.9658	5.47236737938689	THCA	TCGA
TCGA-DJ-A4UP-01	-4.63210432563459	-9.9658	6.04494330558932	THCA	TCGA
TCGA-4C-A93U-01	-5.01590980010584	-9.9658	5.97513792254134	THCA	TCGA
TCGA-EL-A3GP-01	-5.15580675474983	-9.9658	5.84832303904336	THCA	TCGA
TCGA-KS-A41L-01	-5.28361896519349	-9.9658	5.71526612843395	THCA	TCGA
TCGA-EM-A3FQ-01	-4.70620202454721	-9.9658	5.99294763916653	THCA	TCGA
TCGA-BJ-A2N9-01	-5.35089508885134	-9.9658	5.75141798817366	THCA	TCGA
TCGA-DJ-A3VB-01	-5.21541532237415	-9.9658	5.74817972985784	THCA	TCGA
TCGA-EM-A3AO-01	-5.24062944982162	-9.9658	5.87958121260826	THCA	TCGA
TCGA-BJ-A3PR-01	-4.92557120568102	-9.9658	5.8672871104595	THCA	TCGA
TCGA-FE-A23A-01	-5.09825759205203	-9.9658	5.61585881487088	THCA	TCGA
TCGA-DJ-A3UW-01	-5.17382284529114	-9.9658	5.71199375296374	THCA	TCGA
TCGA-ET-A4KN-01	-6.29071013639235	-9.9658	5.37500282646055	THCA	TCGA
TCGA-EM-A4FQ-01	-5.24631718987385	-9.9658	5.71944703685601	THCA	TCGA
TCGA-FE-A3PB-01	-5.02261775661051	-9.9658	5.77064647702161	THCA	TCGA
TCGA-ET-A39K-01	-5.38888560796163	-9.9658	5.8296395431352	THCA	TCGA
TCGA-FE-A235-01	-5.14372033935918	-9.9658	5.92886602872587	THCA	TCGA
TCGA-EM-A4FM-01	-5.29165703214353	-9.9658	5.81050515457903	THCA	TCGA
TCGA-FY-A3I4-01	-4.43159016063229	-5.5735	5.92742375135392	THCA	TCGA
TCGA-ET-A3DU-01	-5.36440405250849	-9.9658	5.65558744364873	THCA	TCGA
TCGA-ET-A25G-01	-5.21374434202216	-9.9658	5.84137131710944	THCA	TCGA
TCGA-EL-A3D6-01	-5.1525949215616	-9.9658	5.79532522811897	THCA	TCGA
TCGA-E8-A2JQ-01	-5.16300491114867	-9.9658	5.7863967595279	THCA	TCGA
TCGA-DJ-A3VD-01	-4.73600171898739	-9.9658	5.94730293689214	THCA	TCGA
TCGA-EL-A3D1-01	-5.38899699902699	-9.9658	5.82539186123575	THCA	TCGA
TCGA-BJ-A0ZH-01	-5.11917030265786	-9.9658	5.79842066971931	THCA	TCGA
TCGA-ET-A3BV-01	-4.81206791792561	-9.9658	6.07008947281	THCA	TCGA
TCGA-IM-A3U2-01	-5.31007982793056	-9.9658	5.77467378849449	THCA	TCGA
TCGA-DJ-A4UW-01	-4.76508218705724	-9.9658	5.94941371306693	THCA	TCGA
TCGA-EL-A3ZP-01	-4.70247923558833	-9.9658	5.94235513399938	THCA	TCGA
TCGA-EL-A3CT-01	-5.24238427305782	-9.9658	5.95014998608387	THCA	TCGA
TCGA-EL-A3MY-01	-4.83564877007904	-9.9658	5.94879429922545	THCA	TCGA
TCGA-DJ-A2PT-01	-5.25511446202694	-9.9658	5.84209067186658	THCA	TCGA
TCGA-DE-A4MB-01	-5.0701484013588	-9.9658	5.93084627338299	THCA	TCGA
TCGA-EM-A2CO-01	-5.51041938512487	-9.9658	5.66347860491889	THCA	TCGA
TCGA-BJ-A28Z-01	-5.10471961898909	-9.9658	5.80539041474898	THCA	TCGA
TCGA-EM-A2P1-01	-5.28853343746266	-9.9658	5.77282098349215	THCA	TCGA
TCGA-FE-A3PA-01	-5.06290185896451	-9.9658	5.77577431954921	THCA	TCGA
TCGA-IM-A420-01	-5.111124854475	-9.9658	5.77197343276022	THCA	TCGA
TCGA-BJ-A0Z9-01	-5.31045358904764	-9.9658	5.91883454637365	THCA	TCGA
TCGA-EM-A2CM-01	-5.73085003840836	-9.9658	5.27051372979878	THCA	TCGA
TCGA-E8-A242-01	-5.0514479848415	-9.9658	5.78745454018833	THCA	TCGA
TCGA-EL-A3TA-01	-4.78027844693672	-9.9658	5.91979036604212	THCA	TCGA
TCGA-DJ-A3UT-01	-4.92258670217306	-9.9658	5.83834952856266	THCA	TCGA
TCGA-EL-A3T0-01	-4.69404575032861	-9.9658	5.98801517566487	THCA	TCGA
TCGA-E8-A2EA-01	-5.15359906454311	-9.9658	5.80113469673584	THCA	TCGA
TCGA-KS-A41I-01	-5.58928314470562	-9.9658	5.40732365304915	THCA	TCGA
TCGA-FE-A22Z-01	-5.24276971372971	-9.9658	5.85466229376601	THCA	TCGA
TCGA-ET-A3DO-01	-5.26653834861133	-9.9658	5.80656715065072	THCA	TCGA
TCGA-H2-A26U-01	-4.75012796128438	-9.9658	5.94160871335878	THCA	TCGA
TCGA-EM-A1YD-01	-4.73453880951162	-9.9658	6.05292758746376	THCA	TCGA
TCGA-DO-A2HM-01	-4.73128951707892	-9.9658	5.9724480756741	THCA	TCGA
TCGA-DJ-A13O-01	-5.00047620047456	-9.9658	5.78011398742036	THCA	TCGA
TCGA-FE-A3PC-01	-5.2640686297605	-9.9658	5.68072145322146	THCA	TCGA
TCGA-KS-A4I5-01	-5.08201037708472	-9.9658	5.95443723893936	THCA	TCGA
TCGA-J8-A3YF-01	-5.01549109608918	-9.9658	5.83470577270384	THCA	TCGA
TCGA-EM-A4FO-01	-4.85024415083389	-9.9658	5.83137828094293	THCA	TCGA
TCGA-KS-A41J-01	-5.37951859305918	-9.9658	5.79529922822246	THCA	TCGA
TCGA-CE-A484-01	-4.81842299892457	-6.5064	5.84284475594113	THCA	TCGA
TCGA-J8-A3YG-01	-4.59366736484526	-5.5735	5.86001342308181	THCA	TCGA
TCGA-EM-A1YB-01	-5.70450050699032	-9.9658	5.57975917782322	THCA	TCGA
TCGA-EL-A3H7-01	-5.10562605281576	-9.9658	5.79302499308266	THCA	TCGA
TCGA-EL-A4K1-01	-5.55929561974019	-9.9658	5.47883334100328	THCA	TCGA
TCGA-DE-A7U5-01	-4.90227054847135	-9.9658	5.9831412118941	THCA	TCGA
TCGA-BJ-A45I-01	-5.01223031699698	-9.9658	5.85926420725124	THCA	TCGA
TCGA-E8-A438-01	-4.93195705945614	-9.9658	5.86916101159491	THCA	TCGA
TCGA-IM-A4EB-01	-5.13836205766375	-9.9658	5.76832089119883	THCA	TCGA
TCGA-DJ-A3UY-01	-4.8140578190881	-9.9658	5.95295971893931	THCA	TCGA
TCGA-EM-A4FN-01	-5.34558414844404	-9.9658	5.74243052229038	THCA	TCGA
TCGA-EL-A3CV-01	-5.04316231884058	-9.9658	6.01159327825243	THCA	TCGA
TCGA-ET-A25I-01	-5.3054171830457	-9.9658	5.61596448517015	THCA	TCGA
TCGA-DJ-A3V6-01	-5.08994725593623	-9.9658	5.88587829169544	THCA	TCGA
TCGA-EL-A3ZN-01	-4.7352564756491	-9.9658	5.94777857471368	THCA	TCGA
TCGA-EL-A4K4-01	-5.13486093272563	-9.9658	5.91555606116692	THCA	TCGA
TCGA-DJ-A1QO-01	-5.09322857411106	-9.9658	5.92796687179667	THCA	TCGA
TCGA-ET-A25R-01	-5.18274315050955	-9.9658	5.90678257773341	THCA	TCGA
TCGA-DJ-A3VF-01	-5.00287273518718	-9.9658	5.84248102712732	THCA	TCGA
TCGA-EL-A3H3-01	-5.35216883972619	-9.9658	5.8191408911732	THCA	TCGA
TCGA-EL-A3CN-01	-5.27666974104232	-9.9658	5.79273322281303	THCA	TCGA
TCGA-L6-A4EU-01	-5.24163545688875	-9.9658	5.79936760034713	THCA	TCGA
TCGA-DJ-A13L-01	-5.00732613475359	-9.9658	5.83767492204122	THCA	TCGA
TCGA-ET-A2MX-01	-5.51079276045134	-9.9658	5.74232351718689	THCA	TCGA
TCGA-BJ-A4O8-01	-4.64386718560626	-9.9658	5.98067603787639	THCA	TCGA
TCGA-ET-A40R-01	-4.85504940851129	-9.9658	5.92160811313585	THCA	TCGA
TCGA-EM-A22I-01	-5.0489618135573	-9.9658	5.77248129508913	THCA	TCGA
TCGA-DJ-A1QH-01	-5.01890376231201	-9.9658	5.9351150091603	THCA	TCGA
TCGA-EL-A3T1-01	-4.93138478175518	-9.9658	5.86948874459892	THCA	TCGA
TCGA-DJ-A4UT-01	-4.87143606630136	-9.9658	5.98237512976956	THCA	TCGA
TCGA-E8-A44K-01	-5.21777439954934	-9.9658	5.75416645782851	THCA	TCGA
TCGA-DJ-A3V3-01	-4.81822342739114	-9.9658	5.94152056800822	THCA	TCGA
TCGA-E3-A3E2-01	-4.86246482818662	-9.9658	5.95959255297388	THCA	TCGA
TCGA-DJ-A2QA-01	-5.60844219627524	-9.9658	5.77051082703561	THCA	TCGA
TCGA-EL-A4JZ-01	-4.78537084549598	-9.9658	6.00151102725828	THCA	TCGA
TCGA-ET-A40T-01	-4.57196478380362	-9.9658	6.02291502167812	THCA	TCGA
TCGA-CE-A13K-01	-4.83879105341322	-9.9658	6.0533555409422	THCA	TCGA
TCGA-ET-A39N-01	-5.09462528464861	-9.9658	5.90012077550379	THCA	TCGA
TCGA-EL-A3GO-01	-4.85629391953022	-9.9658	6.00565659091623	THCA	TCGA
TCGA-FE-A234-01	-5.00775447500043	-9.9658	5.96130701578389	THCA	TCGA
TCGA-DJ-A3UQ-01	-4.97417463682764	-9.9658	5.94805184200151	THCA	TCGA
TCGA-EL-A3ZK-01	-5.04098219388539	-9.9658	5.80842984479989	THCA	TCGA
TCGA-DJ-A3UV-01	-4.59001615370171	-9.9658	6.0257092020467	THCA	TCGA
TCGA-BJ-A0YZ-01	-5.02337148904935	-9.9658	5.91818918792215	THCA	TCGA
TCGA-EL-A3N3-01	-5.07804966115293	-9.9658	5.83169674431539	THCA	TCGA
TCGA-E8-A419-01	-5.08176527030949	-9.9658	5.77509915114426	THCA	TCGA
TCGA-KS-A4ID-01	-5.2306591625271	-9.9658	5.71872145097233	THCA	TCGA
TCGA-ET-A40S-01	-4.85125001450983	-9.9658	5.97218251392437	THCA	TCGA
TCGA-E8-A416-01	-4.46660299414486	-5.5735	6.00412427817912	THCA	TCGA
TCGA-EM-A3FO-01	-5.09426299824175	-9.9658	5.90166781186741	THCA	TCGA
TCGA-DJ-A2QC-01	-5.20547172803469	-9.9658	5.87425899703667	THCA	TCGA
TCGA-E8-A436-01	-4.81396875608132	-9.9658	5.91865388086094	THCA	TCGA
TCGA-DJ-A2Q3-01	-4.78502873798672	-9.9658	5.91113586315026	THCA	TCGA
TCGA-CE-A482-01	-4.68559782011232	-9.9658	6.01704544606908	THCA	TCGA
TCGA-BJ-A45J-01	-5.05344797972039	-9.9658	5.9384851998898	THCA	TCGA
TCGA-EM-A22M-01	-5.28836345572797	-9.9658	5.67254688197337	THCA	TCGA
TCGA-ET-A3DP-01	-4.62158027858862	-6.5064	5.99852908555551	THCA	TCGA
TCGA-ET-A39R-01	-4.81655506222154	-9.9658	5.98253910717971	THCA	TCGA
TCGA-BJ-A3PT-01	-5.0801006896434	-9.9658	5.92319029636191	THCA	TCGA
TCGA-BJ-A0ZJ-01	-4.81928469981735	-9.9658	6.01697515984222	THCA	TCGA
TCGA-EL-A3CW-01	-4.83455626909749	-9.9658	6.06471319210976	THCA	TCGA
TCGA-DJ-A3V0-01	-5.05907412300917	-9.9658	5.82061051741632	THCA	TCGA
TCGA-FK-A3S3-01	-4.92827043068572	-9.9658	5.9624548194947	THCA	TCGA
TCGA-L6-A4EP-01	-5.09450512794251	-9.9658	5.88889315156107	THCA	TCGA
TCGA-EM-A3FR-01	-4.98101541284717	-9.9658	5.99683284874518	THCA	TCGA
TCGA-DJ-A1QM-01	-4.68308975265018	-9.9658	5.98931695023191	THCA	TCGA
TCGA-CE-A485-01	-4.47115907546816	-6.5064	6.03891446470987	THCA	TCGA
TCGA-EM-A2CP-01	-5.01241389358324	-9.9658	5.85853100065122	THCA	TCGA
TCGA-DE-A4MC-01	-5.06966222666052	-9.9658	5.83009982938506	THCA	TCGA
TCGA-DE-A0Y2-01	-5.02735480787286	-9.9658	5.96007747993688	THCA	TCGA
TCGA-EL-A3MZ-01	-5.05416629794643	-9.9658	5.80316765593143	THCA	TCGA
TCGA-ET-A25K-01	-4.90825595329544	-9.9658	6.03993948376221	THCA	TCGA
TCGA-E8-A433-01	-5.27220123248152	-9.9658	5.80543167094266	THCA	TCGA
TCGA-DJ-A4V5-01	-4.67175225755791	-9.9658	6.07114526978299	THCA	TCGA
TCGA-EL-A3ZS-01	-4.54295682729895	-6.5064	6.01185556475835	THCA	TCGA
TCGA-FE-A239-01	-4.79409950837302	-9.9658	5.9537629394968	THCA	TCGA
TCGA-EL-A4JX-01	-5.31650532766597	-9.9658	5.6952872447055	THCA	TCGA
TCGA-EM-A1CW-01	-5.22886089004968	-9.9658	5.86024291254197	THCA	TCGA
TCGA-ET-A25L-01	-5.26068509585019	-9.9658	5.9483326432927	THCA	TCGA
TCGA-ET-A39M-01	-5.39086163773237	-9.9658	5.74309049792797	THCA	TCGA
TCGA-EL-A3GU-01	-5.00335201174442	-9.9658	5.87722137750061	THCA	TCGA
TCGA-EL-A4K2-01	-4.72739612843755	-9.9658	6.00096300300058	THCA	TCGA
TCGA-DJ-A2Q5-01	-4.75913564807702	-9.9658	5.93988186815701	THCA	TCGA
TCGA-ET-A25N-01	-4.94929494375309	-9.9658	5.98341053502605	THCA	TCGA
TCGA-EM-A4G1-01	-5.15659801642171	-9.9658	5.81440069475659	THCA	TCGA
TCGA-BJ-A3PU-01	-5.45723064133422	-9.9658	5.74033933288436	THCA	TCGA
TCGA-EM-A3SU-01	-5.51135080486847	-9.9658	5.7192063519421	THCA	TCGA
TCGA-BJ-A3EZ-01	-5.15311049657739	-9.9658	5.82479352983425	THCA	TCGA
TCGA-EM-A3SZ-01	-5.26335489663884	-9.9658	5.84834955375832	THCA	TCGA
TCGA-BJ-A28X-01	-4.86887682012939	-9.9658	5.90431594463958	THCA	TCGA
TCGA-EM-A4FR-01	-5.16223323261809	-9.9658	5.74183702209798	THCA	TCGA
TCGA-ET-A39S-01	-4.94421949437531	-9.9658	6.02686167854473	THCA	TCGA
TCGA-BJ-A18Z-01	-5.01164034243185	-9.9658	5.9085189963271	THCA	TCGA
TCGA-DJ-A13M-01	-5.31668226728803	-9.9658	5.88502352838894	THCA	TCGA
TCGA-FE-A237-01	-4.85350002560557	-9.9658	5.99977583419766	THCA	TCGA
TCGA-EL-A3T6-01	-5.15488341441765	-9.9658	5.82789910467985	THCA	TCGA
TCGA-DE-A3KN-01	-4.71676076031478	-9.9658	6.00528605751286	THCA	TCGA
TCGA-EM-A2CU-01	-4.96281477441491	-9.9658	6.00106602833927	THCA	TCGA
TCGA-E8-A414-01	-4.54781705501784	-6.5064	6.03237050000419	THCA	TCGA
TCGA-DE-A4M9-01	-4.73512586333453	-9.9658	6.09296258902071	THCA	TCGA
TCGA-MK-A4N6-01	-5.13502555606767	-9.9658	5.9357939493586	THCA	TCGA
TCGA-EL-A4KG-01	-4.99963520595415	-9.9658	5.90390027814534	THCA	TCGA
TCGA-H2-A421-01	-5.02384047045971	-9.9658	5.73193865513254	THCA	TCGA
TCGA-BJ-A28T-01	-4.9473752035643	-9.9658	5.93664709835211	THCA	TCGA
TCGA-EL-A4KI-01	-5.28828812584285	-9.9658	5.79639204875993	THCA	TCGA
TCGA-EM-A1YA-01	-4.97100600194602	-9.9658	5.83385926890967	THCA	TCGA
TCGA-ET-A39O-01	-5.34232842389171	-9.9658	5.87279382303132	THCA	TCGA
TCGA-E3-A3E0-01	-4.81750909339206	-9.9658	6.02133328090936	THCA	TCGA
TCGA-ET-A3DQ-01	-4.80032914255475	-9.9658	6.04756538654796	THCA	TCGA
TCGA-DE-A4MA-01	-5.69182433553541	-9.9658	5.67877625490943	THCA	TCGA
TCGA-ET-A3BX-01	-5.14654109011454	-9.9658	5.99224492280001	THCA	TCGA
TCGA-FY-A4B4-01	-4.77161962411021	-9.9658	5.94538884399795	THCA	TCGA
TCGA-EL-A3H1-01	-4.76530658063195	-9.9658	6.04575258743541	THCA	TCGA
TCGA-BJ-A45D-01	-5.12884888103651	-9.9658	5.84306435844179	THCA	TCGA
TCGA-CE-A3MD-01	-4.803000940578	-9.9658	5.91387927379287	THCA	TCGA
TCGA-DJ-A3US-01	-4.68517181338659	-9.9658	6.03819121840251	THCA	TCGA
TCGA-EM-A1YE-01	-5.11300554958092	-9.9658	5.91945676834286	THCA	TCGA
TCGA-EL-A4JW-01	-4.95013049452894	-9.9658	5.96476178922516	THCA	TCGA
TCGA-FE-A230-01	-5.43869264607979	-9.9658	5.63053560016775	THCA	TCGA
TCGA-FE-A3PD-01	-4.9430083252249	-9.9658	5.9452950661806	THCA	TCGA
TCGA-GE-A2C6-01	-4.66688779979857	-9.9658	6.00614929873182	THCA	TCGA
TCGA-BJ-A0Z3-01	-4.74396233932504	-9.9658	5.92664240735648	THCA	TCGA
TCGA-FK-A4UB-01	-5.30708640002731	-9.9658	5.89332275534377	THCA	TCGA
TCGA-FE-A233-01	-4.96131778904423	-9.9658	5.88941738854753	THCA	TCGA
TCGA-DJ-A3V7-01	-5.12605920349601	-9.9658	5.85456670324227	THCA	TCGA
TCGA-J8-A42S-01	-4.89662414434714	-9.9658	6.00135750044422	THCA	TCGA
TCGA-FE-A231-01	-5.09155796077226	-9.9658	5.86779954202701	THCA	TCGA
TCGA-DJ-A3VJ-01	-4.81508988921323	-9.9658	5.98013086015542	THCA	TCGA
TCGA-ET-A40Q-01	-5.06090715078268	-9.9658	5.78926012405426	THCA	TCGA
TCGA-DJ-A3V2-01	-4.92048767859886	-9.9658	5.8921197086392	THCA	TCGA
TCGA-FY-A3TY-01	-4.74868012324815	-9.9658	6.03307269897672	THCA	TCGA
TCGA-EM-A3FN-01	-5.39635694679162	-9.9658	5.71980820587613	THCA	TCGA
TCGA-EL-A4K7-01	-5.46831285911815	-9.9658	5.80953033070007	THCA	TCGA
TCGA-EM-A1CU-01	-4.85332917498848	-9.9658	5.98133853831337	THCA	TCGA
TCGA-BJ-A45H-01	-4.88352110923337	-9.9658	6.00467457698539	THCA	TCGA
TCGA-EM-A22P-01	-4.6314039227736	-9.9658	6.04572750443506	THCA	TCGA
TCGA-DE-A69K-01	-4.94585986753384	-9.9658	6.03939436711205	THCA	TCGA
TCGA-DE-A69J-01	-4.88010836448678	-9.9658	5.98605088641403	THCA	TCGA
TCGA-DJ-A1QE-01	-4.92509483279562	-9.9658	5.93770038924626	THCA	TCGA
TCGA-E8-A432-01	-4.70841694406036	-9.9658	6.07056094440245	THCA	TCGA
TCGA-FY-A3R6-01	-5.12154122667759	-9.9658	5.96844463344879	THCA	TCGA
TCGA-E8-A44M-01	-4.77144112084123	-9.9658	5.89131512711636	THCA	TCGA
TCGA-EL-A4KH-01	-5.23248301497073	-9.9658	5.84662903253288	THCA	TCGA
TCGA-EM-A2CQ-01	-4.98728795855312	-9.9658	5.92913418332613	THCA	TCGA
TCGA-EM-A3FP-01	-5.11252994998378	-9.9658	5.85505404853286	THCA	TCGA
TCGA-EM-A3AJ-01	-4.81569005821	-9.9658	5.98448768243612	THCA	TCGA
TCGA-EM-A2CR-01	-5.67916553831447	-9.9658	5.69566465569815	THCA	TCGA
TCGA-FY-A4B3-01	-4.72958856625869	-9.9658	6.02859681094182	THCA	TCGA
TCGA-ET-A3DW-01	-5.26032204981137	-9.9658	5.84657461784086	THCA	TCGA
TCGA-EM-A1YC-01	-5.2283257813967	-9.9658	5.72059910906276	THCA	TCGA
TCGA-EL-A3D0-01	-5.22852956760725	-9.9658	5.86397353930365	THCA	TCGA
TCGA-FE-A232-01	-4.99523808743449	-9.9658	5.92985277378087	THCA	TCGA
TCGA-FY-A40L-01	-5.12032399583483	-9.9658	5.80464063389198	THCA	TCGA
TCGA-EL-A3ZL-01	-5.12042113142487	-9.9658	5.80573476270821	THCA	TCGA
TCGA-DE-A4M8-01	-5.04512487154538	-9.9658	5.79925450701236	THCA	TCGA
TCGA-BJ-A190-01	-4.89855097386525	-9.9658	5.87051648142659	THCA	TCGA
TCGA-EM-A22N-01	-5.09185749816493	-9.9658	5.66962647664472	THCA	TCGA
TCGA-DJ-A4V0-01	-4.68103312848876	-9.9658	5.95666470109757	THCA	TCGA
TCGA-EM-A2P2-01	-4.76463779553098	-9.9658	5.97209429295744	THCA	TCGA
TCGA-KS-A4I9-01	-5.11406352571653	-9.9658	5.83366242577405	THCA	TCGA
TCGA-EM-A2CL-01	-4.79427759341766	-9.9658	5.98085527970257	THCA	TCGA
TCGA-EL-A3CM-01	-5.23270204161759	-9.9658	5.85277490807118	THCA	TCGA
TCGA-EM-A2CT-01	-4.94849241733668	-9.9658	5.98847174273215	THCA	TCGA
TCGA-EL-A3GY-01	-4.84156214642973	-9.9658	5.98317390612679	THCA	TCGA
TCGA-E8-A413-01	-4.72820341919735	-9.9658	5.96721586697993	THCA	TCGA
TCGA-EL-A3GR-01	-4.68185958245848	-9.9658	6.12332663208884	THCA	TCGA
TCGA-BJ-A2P4-01	-5.2169160410372	-9.9658	5.88900193461752	THCA	TCGA
TCGA-EL-A3ZT-01	-4.71455475666172	-9.9658	5.94373018656356	THCA	TCGA
TCGA-E8-A437-01	-4.99870016216862	-9.9658	5.80957105373449	THCA	TCGA
TCGA-EL-A3CS-01	-5.31381805534218	-9.9658	5.87213486442359	THCA	TCGA
TCGA-DJ-A1QD-01	-5.09100104982844	-9.9658	5.79957174872589	THCA	TCGA
TCGA-EL-A3T3-01	-5.0363934125399	-9.9658	5.86640615354699	THCA	TCGA
TCGA-BJ-A45G-01	-4.81130566224544	-9.9658	5.9763086292951	THCA	TCGA
TCGA-CE-A481-01	-4.59147259008894	-9.9658	6.03446397596564	THCA	TCGA
TCGA-E8-A3X7-01	-5.37438260357454	-9.9658	5.75794472253066	THCA	TCGA
TCGA-KS-A4I7-01	-4.99721479319233	-9.9658	6.03904159222203	THCA	TCGA
TCGA-EL-A3ZG-01	-5.15576154725935	-9.9658	5.8740418655306	THCA	TCGA
TCGA-EL-A4KD-01	-4.68680412591113	-9.9658	5.94634977505244	THCA	TCGA
TCGA-FY-A3YR-01	-5.29014354142128	-9.9658	5.72322134424731	THCA	TCGA
TCGA-BJ-A28R-01	-4.89094710571687	-9.9658	5.9021452010061	THCA	TCGA
TCGA-KS-A41F-01	-5.59697883614141	-9.9658	5.3449604523262	THCA	TCGA
TCGA-IM-A3U3-01	-5.00217743807719	-9.9658	5.90670341366096	THCA	TCGA
TCGA-BJ-A2N7-01	-4.9504521227019	-9.9658	5.89835639177078	THCA	TCGA
TCGA-FY-A3NM-01	-4.75361807070552	-9.9658	5.96583721085243	THCA	TCGA
TCGA-BJ-A45K-01	-4.68113632918523	-9.9658	6.0588707353623	THCA	TCGA
TCGA-DJ-A3UM-01	-4.80425364879398	-9.9658	5.94488639084805	THCA	TCGA
TCGA-E3-A3E1-01	-5.08538593059183	-9.9658	5.9019520903771	THCA	TCGA
TCGA-DJ-A1QQ-01	-4.74811362045715	-9.9658	6.04502910286257	THCA	TCGA
TCGA-ET-A3DT-01	-5.10763411857087	-9.9658	5.81948691554778	THCA	TCGA
TCGA-DJ-A4V2-01	-4.96490266810058	-9.9658	5.97233493223408	THCA	TCGA
TCGA-DJ-A2Q4-01	-4.85966452433383	-9.9658	5.90992265611211	THCA	TCGA
TCGA-EL-A3GX-01	-5.04123448216999	-9.9658	5.94400636403392	THCA	TCGA
TCGA-DJ-A1QN-01	-4.87921136375275	-6.5064	5.79356247440415	THCA	TCGA
TCGA-EM-A4FF-01	-5.00327310220037	-9.9658	5.84453280977118	THCA	TCGA
TCGA-ET-A2MZ-01	-5.03028662877042	-9.9658	6.02151427344556	THCA	TCGA
TCGA-DJ-A2Q0-01	-5.42546948840068	-9.9658	5.74152438149149	THCA	TCGA
TCGA-DJ-A2PX-01	-4.85706058790393	-9.9658	5.96426739758717	THCA	TCGA
TCGA-EM-A1CT-01	-5.17205239753504	-9.9658	5.9156719468538	THCA	TCGA
TCGA-ET-A39L-01	-4.94298645806661	-9.9658	6.0449224736541	THCA	TCGA
TCGA-EL-A4K6-01	-4.86499173622847	-9.9658	5.83363118026886	THCA	TCGA
TCGA-EM-A22Q-01	-5.74305815878869	-9.9658	5.72019545503158	THCA	TCGA
TCGA-DJ-A3V9-01	-4.60967616974787	-9.9658	6.01335540205062	THCA	TCGA
TCGA-DJ-A4UR-01	-5.09788011300592	-9.9658	5.82569592980063	THCA	TCGA
TCGA-DE-A0XZ-01	-4.61147191922296	-9.9658	6.00342122231951	THCA	TCGA
TCGA-FK-A3SD-01	-5.26433168604155	-9.9658	5.85544920160055	THCA	TCGA
TCGA-BJ-A0ZB-01	-5.14130357112374	-9.9658	5.82463336107191	THCA	TCGA
TCGA-FY-A3R9-01	-5.42337088475786	-9.9658	5.65323453164063	THCA	TCGA
TCGA-EL-A3N2-01	-4.95109139652789	-9.9658	5.88386469403256	THCA	TCGA
TCGA-EM-A3FJ-01	-4.83075452962565	-9.9658	5.99248103863406	THCA	TCGA
TCGA-EM-A3ST-01	-5.06588489612673	-9.9658	5.8994869506156	THCA	TCGA
TCGA-QD-A8IV-01	-4.84309598333931	-9.9658	6.07808240786385	THCA	TCGA
TCGA-DJ-A2PW-01	-5.04369797715983	-9.9658	5.9813687150811	THCA	TCGA
TCGA-ET-A3DR-01	-4.98014134446322	-9.9658	6.06483545498266	THCA	TCGA
TCGA-DJ-A2Q2-01	-4.96263484064799	-9.9658	6.0306898122576	THCA	TCGA
TCGA-BJ-A0ZF-01	-5.02469936156775	-9.9658	5.9397741888661	THCA	TCGA
TCGA-FE-A238-01	-4.94298834092965	-9.9658	5.93683114818995	THCA	TCGA
TCGA-DJ-A2PZ-01	-5.21383673375327	-9.9658	5.90871153433562	THCA	TCGA
TCGA-EM-A3FL-01	-5.29714120960721	-9.9658	5.81465175932856	THCA	TCGA
TCGA-DJ-A13X-01	-4.83605393557638	-9.9658	6.08694544078161	THCA	TCGA
TCGA-DE-A0Y3-01	-5.19291557842987	-9.9658	5.94396379861961	THCA	TCGA
TCGA-EL-A3D4-01	-5.04776010139807	-9.9658	5.97281221404717	THCA	TCGA
TCGA-EL-A3CX-01	-4.85695923763678	-9.9658	6.02584271659675	THCA	TCGA
TCGA-MK-A84Z-01	-4.98396130144586	-9.9658	5.92891399960303	THCA	TCGA
TCGA-DJ-A3VI-01	-5.12558946416074	-9.9658	5.827565056942	THCA	TCGA
TCGA-FY-A4B0-01	-4.83105189566583	-9.9658	5.93554981724105	THCA	TCGA
TCGA-ET-A2MY-01	-5.32246450214233	-9.9658	5.86969429253721	THCA	TCGA
TCGA-EL-A3T2-01	-4.72800641163517	-9.9658	6.08357531842117	THCA	TCGA
TCGA-BJ-A45F-01	-5.25621303835715	-9.9658	5.65565964970284	THCA	TCGA
TCGA-EM-A2OW-01	-5.25986795718749	-9.9658	5.82014188556833	THCA	TCGA
TCGA-BJ-A3F0-01	-5.29858032297161	-9.9658	5.88936770898529	THCA	TCGA
TCGA-DO-A1JZ-01	-4.78148030760827	-9.9658	6.03998131901936	THCA	TCGA
TCGA-EM-A4FU-01	-4.97375508782711	-9.9658	5.80774598451831	THCA	TCGA
TCGA-DJ-A3UX-01	-4.76162240999642	-9.9658	5.95936018736028	THCA	TCGA
TCGA-E8-A434-01	-4.73463770676499	-9.9658	5.98454732310026	THCA	TCGA
TCGA-DJ-A2PY-01	-5.20472112971783	-9.9658	6.05702111522979	THCA	TCGA
TCGA-DJ-A1QG-01	-5.47651233676448	-9.9658	5.75904537332505	THCA	TCGA
TCGA-EL-A3GZ-01	-4.77839991806217	-9.9658	5.9982386982285	THCA	TCGA
TCGA-ET-A3BO-01	-5.01321056827299	-9.9658	5.97690405132908	THCA	TCGA
TCGA-DJ-A3V8-01	-5.06034794728666	-9.9658	5.88697069797748	THCA	TCGA
TCGA-EM-A3AN-01	-4.95659649374371	-9.9658	5.97687865838363	THCA	TCGA
TCGA-DJ-A3V5-01	-4.93415266724706	-9.9658	5.92350932286287	THCA	TCGA
TCGA-EM-A3AQ-01	-5.10475474300541	-9.9658	5.94694812588782	THCA	TCGA
TCGA-EM-A3SY-01	-5.56289518956658	-9.9658	5.58868589551974	THCA	TCGA
TCGA-EL-A3GV-01	-4.77771768150083	-9.9658	6.06425579856497	THCA	TCGA
TCGA-FY-A3R7-01	-4.70079757771291	-9.9658	6.0126790165229	THCA	TCGA
TCGA-EM-A3AI-01	-4.98056623137195	-9.9658	5.94666276755477	THCA	TCGA
TCGA-ET-A3BU-01	-4.983970353869	-9.9658	6.02565344320482	THCA	TCGA
TCGA-J8-A4HY-01	-5.1019657636435	-9.9658	5.87254570877018	THCA	TCGA
TCGA-DJ-A3V4-01	-4.86729183523668	-9.9658	5.90761669176974	THCA	TCGA
TCGA-BJ-A290-01	-4.84574910465851	-9.9658	5.92670597247791	THCA	TCGA
TCGA-J8-A3NZ-01	-4.94972550656356	-9.9658	5.96454420356342	THCA	TCGA
TCGA-BJ-A0Z5-01	-5.16896928697018	-9.9658	5.80280028066465	THCA	TCGA
TCGA-EM-A3AR-01	-4.92925194687698	-9.9658	6.07175153135808	THCA	TCGA
TCGA-ET-A25M-01	-5.24896195353442	-9.9658	6.05184845206115	THCA	TCGA
TCGA-DJ-A4V4-01	-5.09603124903979	-9.9658	5.85257476143366	THCA	TCGA
TCGA-IM-A41Z-01	-5.28300287465219	-9.9658	5.98812377128721	THCA	TCGA
TCGA-CE-A3ME-01	-5.0259441918028	-9.9658	5.98046908676853	THCA	TCGA
TCGA-IM-A3EB-01	-5.20778882402144	-9.9658	5.88764884084757	THCA	TCGA
TCGA-EL-A3ZQ-01	-5.8126612092658	-9.9658	5.59968243839068	THCA	TCGA
TCGA-H2-A2K9-01	-4.51389642546218	-6.5064	6.02752960312293	THCA	TCGA
TCGA-EL-A4K9-01	-4.83242106655742	-9.9658	6.01211822150967	THCA	TCGA
TCGA-FY-A3R8-01	-5.06399119680443	-9.9658	5.90666743317114	THCA	TCGA
TCGA-DO-A1K0-01	-4.9076202147454	-9.9658	5.99119922670849	THCA	TCGA
TCGA-E8-A417-01	-5.02095647735614	-9.9658	5.82724951634205	THCA	TCGA
TCGA-ET-A39P-01	-5.19275799662007	-9.9658	5.92265872012634	THCA	TCGA
TCGA-FK-A3SH-01	-5.02550451511582	-9.9658	5.88395813681528	THCA	TCGA
TCGA-E8-A418-01	-5.06393973984739	-9.9658	5.85362585377736	THCA	TCGA
TCGA-ET-A25J-01	-5.12559775865895	-9.9658	5.88413302215481	THCA	TCGA
TCGA-FY-A3BL-01	-5.26520075792493	-9.9658	5.83362529088471	THCA	TCGA
TCGA-EL-A4JV-01	-4.77316196548369	-9.9658	6.03218178866021	THCA	TCGA
TCGA-BJ-A45C-01	-4.72885311107697	-9.9658	6.02520870851234	THCA	TCGA
TCGA-ET-A39J-01	-5.09491175125041	-9.9658	6.0564209026518	THCA	TCGA
TCGA-EL-A3T8-01	-4.73546813301241	-9.9658	6.01338513367765	THCA	TCGA
TCGA-BJ-A2NA-01	-4.97760108396921	-9.9658	5.9361596444263	THCA	TCGA
TCGA-DJ-A2Q7-01	-4.79042399071371	-9.9658	5.99157845927533	THCA	TCGA
TCGA-EM-A3AK-01	-4.8335299909527	-9.9658	6.0053080167188	THCA	TCGA
TCGA-EM-A22K-01	-4.77884094330927	-9.9658	6.04098031523551	THCA	TCGA
TCGA-EL-A3CU-01	-5.09106543759922	-9.9658	6.03258814706755	THCA	TCGA
TCGA-DJ-A3UZ-01	-4.66926788719892	-9.9658	5.99426027834797	THCA	TCGA
TCGA-EM-A22O-01	-5.51852093682252	-9.9658	5.91980441941847	THCA	TCGA
TCGA-BJ-A18Y-01	-4.72107876273877	-9.9658	6.00577998468213	THCA	TCGA
TCGA-ET-A3BN-01	-5.05087014731739	-9.9658	6.02845913485994	THCA	TCGA
TCGA-ET-A3BP-01	-5.0801765248118	-9.9658	5.9430997682668	THCA	TCGA
TCGA-DJ-A4UL-01	-5.15202242365272	-9.9658	5.95072513812331	THCA	TCGA
TCGA-ET-A3BQ-01	-4.82061625441696	-9.9658	6.01956779799488	THCA	TCGA
TCGA-DJ-A2Q6-01	-4.71621862719995	-9.9658	5.98698648971207	THCA	TCGA
TCGA-DJ-A3VL-01	-5.10352061248528	-9.9658	5.85671691407025	THCA	TCGA
TCGA-BJ-A0ZG-01	-4.75154515286526	-9.9658	6.00640188328763	THCA	TCGA
TCGA-J8-A4HW-01	-4.7413568426623	-9.9658	6.06091690841214	THCA	TCGA
TCGA-IM-A3ED-01	-4.81450464997184	-9.9658	6.01777500532453	THCA	TCGA
TCGA-DJ-A2PO-01	-4.85489145456718	-9.9658	6.03653657513577	THCA	TCGA
TCGA-E3-A3E3-01	-5.11273083422953	-9.9658	5.88613464803184	THCA	TCGA
TCGA-EM-A2P3-01	-4.87117230501357	-9.9658	6.01414989601256	THCA	TCGA
TCGA-EM-A2OV-01	-5.20525576552125	-9.9658	5.77132820289232	THCA	TCGA
TCGA-FK-A3SE-01	-4.88479693074546	-9.9658	5.98376724970699	THCA	TCGA
TCGA-ET-A3BT-01	-5.06421246649938	-9.9658	5.96141963823377	THCA	TCGA
TCGA-IM-A41Y-01	-5.31975147402742	-9.9658	5.7786874035363	THCA	TCGA
TCGA-E8-A415-01	-4.80575465423943	-9.9658	5.90895109507596	THCA	TCGA
TCGA-FY-A76V-01	-4.59805366074325	-9.9658	6.12354624078643	THCA	TCGA
TCGA-EM-A4FV-01	-4.77173140267322	-9.9658	6.06402599497145	THCA	TCGA
TCGA-H2-A422-01	-4.9782539048497	-9.9658	5.89414671630124	THCA	TCGA
TCGA-ET-A3BS-01	-5.10249095099094	-9.9658	5.85045384731739	THCA	TCGA
TCGA-EL-A3T7-01	-4.87034727983476	-9.9658	5.95229389624371	THCA	TCGA
TCGA-ET-A25P-01	-4.65224384527407	-9.9658	6.09204303799344	THCA	TCGA
TCGA-DJ-A13U-01	-5.1070203581366	-9.9658	5.8952766059471	THCA	TCGA
TCGA-FY-A3W9-01	-4.65550637578737	-9.9658	5.99905837523662	THCA	TCGA
TCGA-J8-A3YD-01	-4.8684696147215	-9.9658	5.98070699503525	THCA	TCGA
TCGA-BJ-A192-01	-5.02760781652754	-9.9658	5.90975356494639	THCA	TCGA
TCGA-BJ-A0ZA-01	-4.9010100715249	-9.9658	6.00880608243554	THCA	TCGA
TCGA-DJ-A2PP-01	-5.01655526535908	-9.9658	6.01872385529299	THCA	TCGA
TCGA-DJ-A2PN-01	-4.85589629743432	-9.9658	6.00193527744771	THCA	TCGA
TCGA-EL-A3TB-01	-4.97137691230945	-9.9658	5.96602968494798	THCA	TCGA
TCGA-DJ-A1QF-01	-4.87302636861781	-9.9658	5.91193642457545	THCA	TCGA
TCGA-DJ-A2PU-01	-4.97549245659856	-9.9658	6.04889621935222	THCA	TCGA
TCGA-EM-A3AL-01	-4.84682134480463	-9.9658	5.99056702281319	THCA	TCGA
TCGA-EM-A2CN-01	-5.1461913658012	-9.9658	5.9298541130453	THCA	TCGA
TCGA-EL-A3GW-01	-4.9060918403578	-9.9658	6.04556474438036	THCA	TCGA
TCGA-KS-A4I1-01	-5.16138521363582	-9.9658	5.92503884393917	THCA	TCGA
TCGA-FE-A236-01	-4.99181812874482	-9.9658	5.93222369373977	THCA	TCGA
TCGA-EL-A3MW-01	-4.99144620440075	-9.9658	5.9688133958772	THCA	TCGA
TCGA-DJ-A13S-01	-5.22532603745242	-9.9658	5.86878754108041	THCA	TCGA
TCGA-EL-A3H4-01	-5.27763155972073	-9.9658	5.92199017114444	THCA	TCGA
TCGA-KS-A4IC-01	-5.03124963384032	-9.9658	5.91144631048625	THCA	TCGA
TCGA-DJ-A2PR-01	-4.97970875369147	-9.9658	6.09370393200588	THCA	TCGA
TCGA-DJ-A1QL-01	-4.73676258684557	-9.9658	6.03756157263666	THCA	TCGA
TCGA-DJ-A13P-01	-4.92206613919189	-9.9658	6.01763442723364	THCA	TCGA
TCGA-EL-A3GQ-01	-4.5904517061846	-9.9658	6.04123967038981	THCA	TCGA
TCGA-EM-A4FK-01	-5.0242955531657	-9.9658	6.07954039037704	THCA	TCGA
TCGA-DJ-A3UU-01	-4.75586971372971	-9.9658	6.03994373033742	THCA	TCGA
TCGA-BJ-A291-01	-5.3123646574828	-9.9658	5.80879979869311	THCA	TCGA
TCGA-FY-A2QD-01	-5.0628369368908	-9.9658	6.10547102173273	THCA	TCGA
TCGA-CE-A483-01	-5.00664548744474	-9.9658	5.91133213890207	THCA	TCGA
TCGA-FY-A40M-01	-4.81376547173999	-9.9658	5.94379852214528	THCA	TCGA
TCGA-DJ-A3VM-01	-4.96324429763917	-9.9658	5.80939600399758	THCA	TCGA
TCGA-DJ-A3VG-01	-4.95809682149502	-9.9658	5.85912764503905	THCA	TCGA
TCGA-J8-A3O0-01	-4.597766726413	-6.5064	6.00454147346538	THCA	TCGA
TCGA-H2-A3RH-01	-4.67890420272785	-9.9658	6.03097967577116	THCA	TCGA
TCGA-FY-A3ON-01	-4.70859349618477	-9.9658	6.03426405258565	THCA	TCGA
TCGA-EM-A2OZ-01	-4.82517250302999	-9.9658	5.97189268747095	THCA	TCGA
TCGA-E3-A3DY-01	-4.8793527764975	-9.9658	6.0046447425395	THCA	TCGA
TCGA-EM-A2OX-01	-4.97316860415493	-9.9658	6.02520131941178	THCA	TCGA
TCGA-ET-A39T-01	-5.26339319403902	-9.9658	5.92292443962642	THCA	TCGA
TCGA-DJ-A3UN-01	-4.86454966627405	-9.9658	6.01372800702899	THCA	TCGA
TCGA-DJ-A3UO-01	-4.94388744644168	-9.9658	5.96963404513755	THCA	TCGA
TCGA-E3-A3E5-01	-5.00869490961233	-9.9658	5.991456144284	THCA	TCGA
TCGA-DJ-A2PV-01	-4.82448707601441	-9.9658	6.08379725866739	THCA	TCGA
TCGA-EL-A4K0-01	-4.53255305815879	-9.9658	6.10914590242112	THCA	TCGA
TCGA-EL-A3MX-01	-4.70886675713969	-6.5064	5.83683526672122	THCA	TCGA
TCGA-EM-A3FK-01	-4.95727372697632	-9.9658	6.05537488200597	THCA	TCGA
TCGA-EM-A2P0-01	-4.74242704460491	-9.9658	6.04384135652119	THCA	TCGA
TCGA-EL-A3CZ-01	-4.9809804834332	-9.9658	6.09060453217771	THCA	TCGA
TCGA-KS-A4I3-01	-5.1547147829501	-9.9658	5.95096672447779	THCA	TCGA
TCGA-J8-A3O1-01	-5.01830950478824	-9.9658	5.95250409657855	THCA	TCGA
TCGA-L6-A4EQ-01	-4.98583401785562	-9.9658	6.00577172888688	THCA	TCGA
TCGA-DJ-A4UQ-01	-4.66579841586863	-9.9658	6.06547804075179	THCA	TCGA
TCGA-FY-A40K-01	-4.60046303579659	-9.9658	6.02533098241411	THCA	TCGA
TCGA-EM-A3AP-01	-4.8033365784128	-9.9658	5.96375632966772	THCA	TCGA
TCGA-H2-A3RI-01	-5.00793947354945	-9.9658	5.90394181902775	THCA	TCGA
TCGA-MK-A4N9-01	-4.76008206927161	-9.9658	6.00803623340354	THCA	TCGA
TCGA-ET-A2N4-01	-5.09681546576535	-9.9658	5.99224765264322	THCA	TCGA
TCGA-DJ-A13V-01	-4.97460361209266	-9.9658	5.9808968215514	THCA	TCGA
TCGA-EM-A2OY-01	-5.59824782950103	-9.9658	5.54513491228735	THCA	TCGA
TCGA-ET-A2N5-01	-5.08768434475342	-9.9658	5.92895315851947	THCA	TCGA
TCGA-EM-A4FH-01	-4.93945528584353	-9.9658	5.93507866173426	THCA	TCGA
TCGA-ET-A3DS-01	-4.94227190727369	-9.9658	6.09358698177792	THCA	TCGA
TCGA-FK-A3SB-01	-4.83102872603745	-9.9658	6.04705876847877	THCA	TCGA
TCGA-ET-A3DV-01	-5.13159667810382	-9.9658	5.95252712221584	THCA	TCGA
TCGA-DJ-A13T-01	-4.82667647189362	-9.9658	6.07361122587081	THCA	TCGA
TCGA-DJ-A3UR-01	-4.94883025212953	-9.9658	5.98635655539338	THCA	TCGA
TCGA-EM-A3O6-01	-5.10873233813011	-9.9658	5.8404988616807	THCA	TCGA
TCGA-DJ-A3VE-01	-4.80937764974992	-9.9658	5.99314422908838	THCA	TCGA
TCGA-EL-A3GS-01	-5.09966552124409	-9.9658	5.94948357295999	THCA	TCGA
TCGA-ET-A4KQ-01	-4.71774003687202	-9.9658	6.00407966422411	THCA	TCGA
TCGA-DJ-A2QB-01	-5.32765495126406	-9.9658	5.85584347506764	THCA	TCGA
TCGA-EM-A1CV-01	-4.79934716546321	-9.9658	6.07247699156661	THCA	TCGA
TCGA-BJ-A2N8-01	-4.90117997644288	-9.9658	5.89792355577133	THCA	TCGA
TCGA-DJ-A3UK-01	-4.70450376572609	-9.9658	6.06307082686065	THCA	TCGA
TCGA-EM-A3OA-01	-5.11568946757481	-9.9658	5.83434391154562	THCA	TCGA
TCGA-ET-A2N3-01	-5.02383117051604	-9.9658	5.92077308996084	THCA	TCGA
TCGA-EL-A3D5-01	-5.24491544698793	-9.9658	6.06916639546079	THCA	TCGA
TCGA-EM-A2CJ-01	-5.15646764992062	-9.9658	5.97588524817751	THCA	TCGA
TCGA-L6-A4ET-01	-4.96732830781311	-9.9658	5.98118052204125	THCA	TCGA
TCGA-EL-A3CP-01	-4.90235096020894	-9.9658	6.02190623733615	THCA	TCGA
TCGA-EL-A3CL-01	-4.89207127737662	-9.9658	6.05842978847152	THCA	TCGA
TCGA-ET-A39I-01	-5.05939764599444	-9.9658	6.05947418770809	THCA	TCGA
TCGA-DJ-A1QI-01	-4.81138133353818	-9.9658	6.0866835738265	THCA	TCGA
TCGA-EM-A22L-01	-4.75553282805005	-9.9658	6.01570961035182	THCA	TCGA
TCGA-DJ-A3VK-01	-4.84064238917055	-9.9658	6.00461140337773	THCA	TCGA
TCGA-EM-A2CS-01	-4.74535745548898	-9.9658	6.04634011200912	THCA	TCGA
TCGA-BJ-A28S-01	-4.95483001143716	-9.9658	6.00732964800655	THCA	TCGA
TCGA-EM-A22J-01	-5.26017793141121	-9.9658	5.69987945127055	THCA	TCGA
TCGA-EM-A1CS-01	-4.60882159573923	-9.9658	6.11832403062689	THCA	TCGA
TCGA-BJ-A191-01	-4.79927231013469	-9.9658	6.0349533480539	THCA	TCGA
TCGA-EL-A3ZH-01	-4.64402831293423	-9.9658	6.04778277851041	THCA	TCGA
TCGA-MK-A4N7-01	-4.87239698024957	-9.9658	6.02775317840463	THCA	TCGA
TCGA-DJ-A2PS-01	-4.79242516515594	-9.9658	6.09066827402324	THCA	TCGA
TCGA-KS-A4IB-01	-5.2659899148188	-9.9658	5.84621805356001	THCA	TCGA
TCGA-ET-A25O-01	-5.13842850582954	-9.9658	5.95498167566338	THCA	TCGA
TCGA-J8-A3O2-01	-4.71769320598829	-9.9658	6.00144498355974	THCA	TCGA
TCGA-FY-A3RA-01	-5.0792792116898	-9.9658	5.96611139265706	THCA	TCGA
TCGA-FY-A3NN-01	-5.14851224117035	-9.9658	5.86107474134192	THCA	TCGA
TCGA-DJ-A2PQ-01	-5.12202275652515	-9.9658	6.06917302399532	THCA	TCGA
TCGA-BJ-A0ZE-01	-5.61048823509329	-9.9658	5.69065066775174	THCA	TCGA
TCGA-EL-A3H8-01	-4.94386257831037	-9.9658	6.0621159185284	THCA	TCGA
TCGA-EM-A2CK-01	-5.12695198443181	-9.9658	6.01030346974782	THCA	TCGA
TCGA-DE-A4MD-01	-5.32635488639661	-9.9658	5.7956656415014	THCA	TCGA
TCGA-E3-A3DZ-01	-4.68980520988034	-9.9658	6.02765598990098	THCA	TCGA
TCGA-DE-A2OL-01	-4.62063294583568	-9.9658	6.05534849480963	THCA	TCGA
TCGA-BJ-A0Z2-01	-4.81269676516277	-9.9658	6.05303836667104	THCA	TCGA
TCGA-FY-A3NP-01	-4.873357187484	-9.9658	6.03342277890972	THCA	TCGA
TCGA-J8-A3YH-01	-4.85283596387907	-9.9658	6.02391295602595	THCA	TCGA
TCGA-EM-A3O7-01	-4.85254249159284	-9.9658	5.98216690136165	THCA	TCGA
TCGA-DJ-A3UP-01	-4.79121227701815	-9.9658	5.97357995761286	THCA	TCGA
TCGA-EM-A3SX-01	-4.85374875300866	-9.9658	6.03510126391715	THCA	TCGA
TCGA-EL-A3H2-01	-4.83745591403356	-9.9658	6.05034700600416	THCA	TCGA
TCGA-BJ-A28V-01	-4.74792465816562	-9.9658	6.09633349369903	THCA	TCGA
TCGA-FY-A40N-01	-4.77045431283181	-9.9658	6.03435189873549	THCA	TCGA
TCGA-EM-A3O8-01	-4.8549353203257	-9.9658	6.0072762652136	THCA	TCGA
TCGA-BJ-A0ZC-01	-4.99570230279442	-9.9658	6.01659685416893	THCA	TCGA
TCGA-BJ-A4O9-01	-5.13996173844762	-9.9658	5.93576840419937	THCA	TCGA
TCGA-DJ-A3VA-01	-4.81721595739233	-9.9658	5.93572691671118	THCA	TCGA
TCGA-J8-A3YE-01	-5.08536444410304	-9.9658	5.83299391807304	THCA	TCGA
TCGA-ET-A3BW-01	-5.02247299294993	-9.9658	6.06013078151266	THCA	TCGA
TCGA-BJ-A0Z0-01	-4.96261647974599	-9.9658	6.09622268717975	THCA	TCGA
TCGA-EL-A3ZR-01	-4.94364411157201	-9.9658	5.97570214858928	THCA	TCGA
TCGA-EM-A3OB-01	-4.86587216845052	-9.9658	5.95185401089858	THCA	TCGA
