sample	mahalanobis	is_outlier	condition	source
GTEX-OHPL-2626-SM-2HMJA	7.91953873483969	FALSE	Normal	GTEx
GTEX-YEC3-0826-SM-5P9JF	2.12621235224128	FALSE	Normal	GTEx
GTEX-WOFL-0726-SM-3MJG4	4.21823176040094	FALSE	Normal	GTEx
GTEX-11GSP-0126-SM-5A5KU	6.71846857056589	FALSE	Normal	GTEx
GTEX-YEC3-0826-SM-4WWFP	1.69800452573066	FALSE	Normal	GTEx
GTEX-ZLFU-0626-SM-4WWBO	3.2695132977271	FALSE	Normal	GTEx
GTEX-WEY5-0526-SM-3GIKZ	2.76158374979813	FALSE	Normal	GTEx
GTEX-RU72-0126-SM-2TF6Z	4.73701357060255	FALSE	Normal	GTEx
GTEX-11DXY-0426-SM-5H12R	3.92449587303574	FALSE	Normal	GTEx
GTEX-13VXU-0826-SM-5KLZ2	2.60380507517089	FALSE	Normal	GTEx
GTEX-13OW8-0126-SM-5IJE5	3.10841693921265	FALSE	Normal	GTEx
GTEX-Q2AH-0726-SM-2I3EA	5.79344856452445	FALSE	Normal	GTEx
GTEX-ZDTS-0926-SM-4WAXG	5.91814483691188	FALSE	Normal	GTEx
GTEX-ZYFC-0926-SM-5GZWW	3.64595089139868	FALSE	Normal	GTEx
GTEX-13FHP-0926-SM-5L3EC	3.75427916817449	FALSE	Normal	GTEx
GTEX-145LU-0426-SM-5O9AH	5.97353787685942	FALSE	Normal	GTEx
GTEX-REY6-0526-SM-2TF5M	4.32378457672868	FALSE	Normal	GTEx
GTEX-11EM3-0126-SM-5985K	3.52999859579584	FALSE	Normal	GTEx
GTEX-11DXX-0226-SM-5P9HL	3.02339287979054	FALSE	Normal	GTEx
GTEX-PWN1-2626-SM-2I3FH	3.96926343760394	FALSE	Normal	GTEx
GTEX-12584-0826-SM-5FQSK	3.74519043290769	FALSE	Normal	GTEx
GTEX-13111-0226-SM-5EQ55	2.86960762689501	FALSE	Normal	GTEx
GTEX-11ZVC-0126-SM-5986G	4.24122073657907	FALSE	Normal	GTEx
GTEX-Q2AI-0326-SM-2I3EK	3.3782246714026	FALSE	Normal	GTEx
GTEX-11O72-2326-SM-5BC7H	3.30526651588701	FALSE	Normal	GTEx
GTEX-139TS-0126-SM-5K7XJ	3.14315001487313	FALSE	Normal	GTEx
GTEX-RM2N-0526-SM-2TF4N	4.11522667984317	FALSE	Normal	GTEx
GTEX-13112-0326-SM-5P9IW	9.53746792644762	FALSE	Normal	GTEx
GTEX-11EMC-0226-SM-5EGLP	3.70408044773043	FALSE	Normal	GTEx
GTEX-132NY-1026-SM-5P9IY	5.20575771402091	FALSE	Normal	GTEx
GTEX-YFC4-2626-SM-5P9FQ	11.5734069019021	FALSE	Normal	GTEx
GTEX-11GS4-0826-SM-5986J	3.23047645291662	FALSE	Normal	GTEx
GTEX-ZDYS-0626-SM-5J2N5	4.7989565627151	FALSE	Normal	GTEx
GTEX-11TT1-1126-SM-5P9GV	2.71974926242945	FALSE	Normal	GTEx
GTEX-WVLH-0626-SM-3MJG7	3.60051244408667	FALSE	Normal	GTEx
GTEX-WY7C-0226-SM-3NB37	3.59757223282626	FALSE	Normal	GTEx
GTEX-13O3Q-0626-SM-5IJG1	6.13039515379743	FALSE	Normal	GTEx
GTEX-ZLWG-0526-SM-4WWFB	2.9672578547693	FALSE	Normal	GTEx
GTEX-111VG-0526-SM-5N9BW	4.9111461247319	FALSE	Normal	GTEx
GTEX-S4Q7-0326-SM-3K2B1	5.86613261564612	FALSE	Normal	GTEx
GTEX-13G51-1226-SM-5K7Z3	5.05993941119051	FALSE	Normal	GTEx
GTEX-12WSB-0726-SM-5N9GD	6.12520532626825	FALSE	Normal	GTEx
GTEX-12WSC-0826-SM-5EQ5Q	3.96767989116006	FALSE	Normal	GTEx
GTEX-13NYB-0726-SM-5MR4J	7.92221962084248	FALSE	Normal	GTEx
GTEX-13OW6-0726-SM-5L3FX	2.82608214027422	FALSE	Normal	GTEx
GTEX-144GM-0226-SM-5Q5CB	3.61987798577	FALSE	Normal	GTEx
GTEX-13QBU-0626-SM-5J2OG	3.93338147278945	FALSE	Normal	GTEx
GTEX-W5WG-1426-SM-4KKZP	5.64901060059409	FALSE	Normal	GTEx
GTEX-ZTPG-0826-SM-5DUVC	2.17196275646926	FALSE	Normal	GTEx
GTEX-13S86-1126-SM-5RQJX	4.63083566870881	FALSE	Normal	GTEx
GTEX-WHPG-0226-SM-3NMB9	2.96260961108591	FALSE	Normal	GTEx
GTEX-13O1R-0826-SM-5J2MB	3.36796297006968	FALSE	Normal	GTEx
GTEX-N7MS-2326-SM-2HMLD	6.06705186413736	FALSE	Normal	GTEx
GTEX-ZVZQ-0626-SM-59HJU	9.53674699912025	FALSE	Normal	GTEx
GTEX-OXRP-0326-SM-5SI7J	3.62580554636664	FALSE	Normal	GTEx
GTEX-117YW-0126-SM-5EGGN	4.21061482715815	FALSE	Normal	GTEx
GTEX-13PVQ-0726-SM-5L3GI	3.48534754568626	FALSE	Normal	GTEx
GTEX-117XS-0526-SM-5987Q	3.95457501701375	FALSE	Normal	GTEx
GTEX-11LCK-0526-SM-5A5M9	3.7731797248983	FALSE	Normal	GTEx
GTEX-133LE-0326-SM-5P9G4	2.54901576087685	FALSE	Normal	GTEx
GTEX-13O3O-0926-SM-5KM1F	3.12640137795503	FALSE	Normal	GTEx
GTEX-WFG8-0426-SM-3GILD	2.77331695702634	FALSE	Normal	GTEx
GTEX-1212Z-0426-SM-5FQT6	5.40783520884519	FALSE	Normal	GTEx
GTEX-ZVP2-0426-SM-57WC2	2.83781554618445	FALSE	Normal	GTEx
GTEX-ZE7O-1126-SM-57WC8	8.61910695092331	FALSE	Normal	GTEx
GTEX-145ME-0126-SM-5S2QM	3.6992468594215	FALSE	Normal	GTEx
GTEX-13FTW-0626-SM-5IFEX	3.30952024336178	FALSE	Normal	GTEx
GTEX-11NUK-1026-SM-5HL5J	3.4185797896482	FALSE	Normal	GTEx
GTEX-12WSD-0926-SM-5GCNL	5.22446243684428	FALSE	Normal	GTEx
GTEX-111CU-0226-SM-5GZXC	3.37530039842202	FALSE	Normal	GTEx
GTEX-113JC-0126-SM-5EGJW	3.26969937912401	FALSE	Normal	GTEx
GTEX-OHPK-2626-SM-2HMK9	2.94134084786087	FALSE	Normal	GTEx
GTEX-13YAN-0926-SM-5O9C3	4.19165235454694	FALSE	Normal	GTEx
GTEX-WL46-0126-SM-3TW8I	5.91490910016301	FALSE	Normal	GTEx
GTEX-13FXS-0726-SM-5LZXJ	6.49122053451256	FALSE	Normal	GTEx
GTEX-OXRP-0326-SM-33HBJ	4.04456576407698	FALSE	Normal	GTEx
GTEX-YEC4-0626-SM-5CVLU	2.50781045151851	FALSE	Normal	GTEx
GTEX-OIZG-0226-SM-2TC5L	2.30740977509506	FALSE	Normal	GTEx
GTEX-14BMU-0226-SM-5S2QA	7.6749716817636	FALSE	Normal	GTEx
GTEX-13CF3-0926-SM-5LZZC	5.61274364006451	FALSE	Normal	GTEx
GTEX-13X6J-0826-SM-5LU32	6.50620374552661	FALSE	Normal	GTEx
GTEX-14ABY-0926-SM-5Q5DY	5.16631210669917	FALSE	Normal	GTEx
GTEX-SIU8-0626-SM-2XCDN	4.07473064856397	FALSE	Normal	GTEx
GTEX-Y5V6-0526-SM-4VBRV	2.14552311830137	FALSE	Normal	GTEx
GTEX-13O21-2226-SM-5MR3L	2.11426257032514	FALSE	Normal	GTEx
GTEX-RTLS-0626-SM-5SI7Z	3.94493037514843	FALSE	Normal	GTEx
GTEX-X4LF-0426-SM-3NMB5	2.90021955966499	FALSE	Normal	GTEx
GTEX-1128S-0126-SM-5H12S	2.88987668165201	FALSE	Normal	GTEx
GTEX-YJ89-0726-SM-5P9F7	10.090099103432	FALSE	Normal	GTEx
GTEX-ZLV1-0126-SM-4WWBZ	8.10169159115055	FALSE	Normal	GTEx
GTEX-ZZ64-0126-SM-5GZXA	5.14175981266521	FALSE	Normal	GTEx
GTEX-12696-0326-SM-5EGL4	3.06567293459772	FALSE	Normal	GTEx
GTEX-WXYG-0226-SM-3NB2Y	3.68615523105767	FALSE	Normal	GTEx
GTEX-145MG-0826-SM-5Q5C2	5.50546437627671	FALSE	Normal	GTEx
GTEX-P4QT-2626-SM-2I3FM	3.25450258443699	FALSE	Normal	GTEx
GTEX-Y3IK-0526-SM-4WWE3	5.9982619300615	FALSE	Normal	GTEx
GTEX-13FTY-0726-SM-5J2OH	3.4968681783304	FALSE	Normal	GTEx
GTEX-OOBK-2626-SM-2HMKY	2.37726447402574	FALSE	Normal	GTEx
GTEX-12WSN-0726-SM-5GCMS	4.0990361523065	FALSE	Normal	GTEx
GTEX-QDVN-0626-SM-2I3FP	3.68528002378882	FALSE	Normal	GTEx
GTEX-12WSJ-0326-SM-5GCMT	2.13633560454721	FALSE	Normal	GTEx
GTEX-132AR-1126-SM-5P9GA	2.75527389942536	FALSE	Normal	GTEx
GTEX-11XUK-0226-SM-5EQLW	8.21395375856916	FALSE	Normal	GTEx
GTEX-X8HC-0726-SM-46MWG	3.11667307273689	FALSE	Normal	GTEx
GTEX-11ZTS-1126-SM-5LU9X	3.59497524593478	FALSE	Normal	GTEx
GTEX-YF7O-0726-SM-4W213	2.37386268278837	FALSE	Normal	GTEx
GTEX-13X6H-0526-SM-5LU4Q	5.42203811551078	FALSE	Normal	GTEx
GTEX-132QS-0326-SM-5IJFN	2.6492301174393	FALSE	Normal	GTEx
GTEX-X15G-0526-SM-3NMB7	3.54032387434463	FALSE	Normal	GTEx
GTEX-111YS-0726-SM-5GZY8	2.27084452966642	FALSE	Normal	GTEx
GTEX-ZAK1-0726-SM-5HL8Q	4.14935773491865	FALSE	Normal	GTEx
GTEX-WYJK-1626-SM-3NM9J	3.15759797019695	FALSE	Normal	GTEx
GTEX-U8T8-2326-SM-3DB96	2.86948276175244	FALSE	Normal	GTEx
GTEX-12BJ1-0426-SM-5FQSO	3.93130142614566	FALSE	Normal	GTEx
GTEX-13NYC-2426-SM-5MR3K	2.51065706858176	FALSE	Normal	GTEx
GTEX-ZPU1-0426-SM-4WWCA	3.0390836611605	FALSE	Normal	GTEx
GTEX-Y8E4-0126-SM-4VBQ2	4.03775587925675	FALSE	Normal	GTEx
GTEX-11EQ9-0626-SM-5A5K1	3.49082859737922	FALSE	Normal	GTEx
GTEX-ZAB5-0726-SM-5P9JG	5.15992135832706	FALSE	Normal	GTEx
GTEX-S32W-0726-SM-2XCBL	4.72926392234118	FALSE	Normal	GTEx
GTEX-SE5C-0726-SM-4BRWY	3.25646242976378	FALSE	Normal	GTEx
GTEX-ZPCL-0126-SM-4WWC8	2.76684360631203	FALSE	Normal	GTEx
GTEX-ZVT3-0726-SM-5GICN	3.75105531256015	FALSE	Normal	GTEx
GTEX-X4XY-0826-SM-4E3JM	3.58059331894526	FALSE	Normal	GTEx
GTEX-ZYFG-0626-SM-5GZYA	2.95369704224714	FALSE	Normal	GTEx
GTEX-13OW7-0826-SM-5L3EL	4.14373328396162	FALSE	Normal	GTEx
GTEX-RVPV-1226-SM-2TF73	3.47901405753324	FALSE	Normal	GTEx
GTEX-ZV7C-0126-SM-57WDE	2.31638200358591	FALSE	Normal	GTEx
GTEX-WFG7-0326-SM-5SI7L	3.13686100399613	FALSE	Normal	GTEx
GTEX-13N1W-0826-SM-5MR5J	4.57113417718938	FALSE	Normal	GTEx
GTEX-R55G-0726-SM-2TC6J	6.7379940456127	FALSE	Normal	GTEx
GTEX-WYVS-0326-SM-3NM9V	5.39347100343331	FALSE	Normal	GTEx
GTEX-1211K-0726-SM-5FQUW	4.92224682710369	FALSE	Normal	GTEx
GTEX-XUW1-1026-SM-4BONY	3.2191086114493	FALSE	Normal	GTEx
GTEX-WHSB-1626-SM-3LK6J	4.5521459865287	FALSE	Normal	GTEx
GTEX-Y5LM-0626-SM-4V6G4	3.53275179699569	FALSE	Normal	GTEx
GTEX-11TUW-0226-SM-5LU8X	3.52327780572332	FALSE	Normal	GTEx
GTEX-145MH-0426-SM-5LU8T	6.59403627630478	FALSE	Normal	GTEx
GTEX-11VI4-0226-SM-5GU6C	7.02512700520381	FALSE	Normal	GTEx
GTEX-OOBJ-2626-SM-2I3F6	2.90217185262565	FALSE	Normal	GTEx
GTEX-13RTK-0326-SM-5RQHS	3.56104838099258	FALSE	Normal	GTEx
GTEX-13D11-0226-SM-5LZXL	7.12017348900703	FALSE	Normal	GTEx
GTEX-S341-0226-SM-5S2VG	4.60552915404895	FALSE	Normal	GTEx
GTEX-PWCY-2326-SM-2I3EQ	3.62572742722845	FALSE	Normal	GTEx
GTEX-12ZZX-1226-SM-5EGHS	6.11676924904808	FALSE	Normal	GTEx
GTEX-11ZTT-1026-SM-5EQKF	3.30571978543559	FALSE	Normal	GTEx
GTEX-139UW-0126-SM-5KM1B	5.54044967013548	FALSE	Normal	GTEx
GTEX-TKQ1-0126-SM-33HB3	2.47363212635605	FALSE	Normal	GTEx
GTEX-WK11-0926-SM-3NMAU	6.60739615151027	FALSE	Normal	GTEx
GTEX-11P7K-0226-SM-5986Z	3.94479579583797	FALSE	Normal	GTEx
GTEX-OXRK-0626-SM-2HMJ5	3.46779546117	FALSE	Normal	GTEx
GTEX-Q2AG-0826-SM-2HMKF	4.29356378785093	FALSE	Normal	GTEx
GTEX-ZT9X-0226-SM-51MT2	5.07405984302593	FALSE	Normal	GTEx
GTEX-PWOO-0926-SM-2I3EC	3.30759848929393	FALSE	Normal	GTEx
GTEX-WI4N-0926-SM-3LK7K	7.71494671162498	FALSE	Normal	GTEx
GTEX-11I78-0526-SM-5986A	2.8260740287663	FALSE	Normal	GTEx
GTEX-ZGAY-1026-SM-4WWBR	2.60230534878033	FALSE	Normal	GTEx
GTEX-1497J-0126-SM-5Q5BK	2.75960638594124	FALSE	Normal	GTEx
GTEX-131XF-1826-SM-5EGKG	6.46838251603586	FALSE	Normal	GTEx
GTEX-131XE-0126-SM-5LZVC	3.05143496635151	FALSE	Normal	GTEx
GTEX-146FQ-0726-SM-5LUA7	2.57827476338476	FALSE	Normal	GTEx
GTEX-ZYY3-1926-SM-5GZXS	7.52166788164853	FALSE	Normal	GTEx
GTEX-OIZH-2626-SM-2HMJM	2.22358466365947	FALSE	Normal	GTEx
GTEX-TSE9-0626-SM-3DB8B	3.47708008087103	FALSE	Normal	GTEx
GTEX-ZA64-0426-SM-5HL96	3.41366011500619	FALSE	Normal	GTEx
GTEX-1122O-0226-SM-5N9DA	2.63585829556859	FALSE	Normal	GTEx
GTEX-12WSG-0226-SM-5EGIF	6.41502005985773	FALSE	Normal	GTEx
GTEX-12ZZZ-1226-SM-59HK1	4.07964960606245	FALSE	Normal	GTEx
GTEX-13OVG-0226-SM-5LU93	3.79427362191316	FALSE	Normal	GTEx
GTEX-NFK9-0726-SM-2HMJW	3.6038095521173	FALSE	Normal	GTEx
GTEX-XV7Q-0326-SM-4BRVM	2.55251069636174	FALSE	Normal	GTEx
GTEX-R3RS-0726-SM-3GIJR	9.55310891250824	FALSE	Normal	GTEx
GTEX-W5X1-0426-SM-3GILB	3.45498449672846	FALSE	Normal	GTEx
GTEX-11EI6-0726-SM-59866	5.78938844848547	FALSE	Normal	GTEx
GTEX-RWS6-0626-SM-2XCAS	2.83318271955876	FALSE	Normal	GTEx
GTEX-14ICL-0426-SM-5RQJ3	4.49200997094176	FALSE	Normal	GTEx
GTEX-ZXG5-0926-SM-5NQ8H	4.59431571675955	FALSE	Normal	GTEx
GTEX-SN8G-1526-SM-4DM79	4.46545351348279	FALSE	Normal	GTEx
GTEX-14C38-0826-SM-5S2U8	3.78366898101902	FALSE	Normal	GTEx
GTEX-ZT9W-0226-SM-4YCCZ	4.13471248351541	FALSE	Normal	GTEx
GTEX-QXCU-0326-SM-2TC63	2.83119285134283	FALSE	Normal	GTEx
GTEX-ZV6S-0226-SM-59HJT	3.4757161705292	FALSE	Normal	GTEx
GTEX-14753-0926-SM-5Q5BI	5.08421034503233	FALSE	Normal	GTEx
GTEX-P4QS-2626-SM-2I3EV	2.97728316771316	FALSE	Normal	GTEx
GTEX-XBEW-0126-SM-4AT66	3.10324185055342	FALSE	Normal	GTEx
GTEX-144GO-0126-SM-5LUAO	5.00685290968118	FALSE	Normal	GTEx
GTEX-111FC-1026-SM-5GZX1	4.97844420304771	FALSE	Normal	GTEx
GTEX-ZY6K-0226-SM-5SIAY	2.60271952205575	FALSE	Normal	GTEx
GTEX-12WSL-0626-SM-5GCOY	3.44372765201215	FALSE	Normal	GTEx
GTEX-13JVG-0926-SM-5IJE1	3.65100814439193	FALSE	Normal	GTEx
GTEX-14A5H-0726-SM-5Q5DW	4.49963045107452	FALSE	Normal	GTEx
GTEX-RN64-0626-SM-2TC5V	4.95234323034395	FALSE	Normal	GTEx
GTEX-XXEK-1326-SM-4BRV1	2.54914939280506	FALSE	Normal	GTEx
GTEX-XGQ4-0426-SM-4AT4I	3.56171192121225	FALSE	Normal	GTEx
GTEX-YFCO-0326-SM-4W1ZP	2.6098976511545	FALSE	Normal	GTEx
GTEX-13N2G-0726-SM-5MR38	3.52897235440197	FALSE	Normal	GTEx
GTEX-WH7G-0526-SM-3NMBI	2.74594342849863	FALSE	Normal	GTEx
GTEX-ZYW4-1126-SM-5SI99	3.8856160944302	FALSE	Normal	GTEx
GTEX-XMK1-0626-SM-4B65A	2.82790738917215	FALSE	Normal	GTEx
GTEX-13PL6-1026-SM-5L3E5	2.62114257988594	FALSE	Normal	GTEx
GTEX-RTLS-0626-SM-2TF6G	11.9162839721249	FALSE	Normal	GTEx
GTEX-13N11-1026-SM-5K7XQ	2.89863968159536	FALSE	Normal	GTEx
GTEX-Y3I4-0226-SM-4TT27	2.1353492794749	FALSE	Normal	GTEx
GTEX-Y9LG-0426-SM-4VBRT	2.01597657617076	FALSE	Normal	GTEx
GTEX-Y114-0626-SM-4TT98	4.47753791310724	FALSE	Normal	GTEx
GTEX-X5EB-0726-SM-46MVR	4.32528948148719	FALSE	Normal	GTEx
GTEX-SJXC-0726-SM-2XCFJ	2.32727850873205	FALSE	Normal	GTEx
GTEX-ZYT6-0426-SM-5GID3	4.40571944590293	FALSE	Normal	GTEx
GTEX-P4PQ-2626-SM-5SI7K	2.23605913797975	FALSE	Normal	GTEx
GTEX-Y5V5-0326-SM-5RQJG	2.36179941262977	FALSE	Normal	GTEx
GTEX-1399R-0126-SM-5IFEV	1.87357798829276	FALSE	Normal	GTEx
GTEX-S7SE-0726-SM-2XCD7	3.11847020913379	FALSE	Normal	GTEx
GTEX-XUJ4-0726-SM-4BOOP	2.98410853998639	FALSE	Normal	GTEx
GTEX-RNOR-0926-SM-2TF56	2.40789770807622	FALSE	Normal	GTEx
GTEX-13113-0126-SM-5LZVX	3.19765449396688	FALSE	Normal	GTEx
GTEX-WWYW-0826-SM-3NB2X	3.25231970409823	FALSE	Normal	GTEx
GTEX-13NZ9-1126-SM-5MR37	8.47680322064296	FALSE	Normal	GTEx
GTEX-WYBS-1926-SM-3NM8N	3.29502270089985	FALSE	Normal	GTEx
GTEX-12WSH-0226-SM-5GCOG	7.39232892273235	FALSE	Normal	GTEx
GTEX-11TTK-0826-SM-5N9EG	3.68739012523025	FALSE	Normal	GTEx
GTEX-XUZC-0126-SM-4BOO6	3.28633900141511	FALSE	Normal	GTEx
GTEX-POYW-0826-SM-2XCEM	7.80974027321028	FALSE	Normal	GTEx
GTEX-XLM4-0726-SM-4AT64	4.94107989033726	FALSE	Normal	GTEx
GTEX-131XG-0226-SM-5IFG1	2.64854456958858	FALSE	Normal	GTEx
GTEX-WFG7-0326-SM-3GILI	11.439542677988	FALSE	Normal	GTEx
GTEX-R55E-0826-SM-2TC5M	5.34584345105383	FALSE	Normal	GTEx
GTEX-XBED-0126-SM-47JY7	4.09998861798529	FALSE	Normal	GTEx
GTEX-14E6C-2626-SM-5RQJP	6.14861360969029	FALSE	Normal	GTEx
GTEX-11NSD-0126-SM-5987F	2.54260968743952	FALSE	Normal	GTEx
GTEX-144FL-2326-SM-5LUAC	5.37078726882961	FALSE	Normal	GTEx
GTEX-ZC5H-0626-SM-5LU9K	2.65910416704366	FALSE	Normal	GTEx
GTEX-U4B1-0626-SM-3DB8L	4.62105874703021	FALSE	Normal	GTEx
GTEX-13O3P-0726-SM-5J2OM	3.15348876834012	FALSE	Normal	GTEx
GTEX-YB5E-0626-SM-4VDSE	5.70149379901638	FALSE	Normal	GTEx
GTEX-ZVZP-1026-SM-5GICI	4.7999250052874	FALSE	Normal	GTEx
GTEX-14AS3-0226-SM-5Q5B6	5.76992564980801	FALSE	Normal	GTEx
GTEX-148VJ-0726-SM-5LU8J	4.45135093422248	FALSE	Normal	GTEx
GTEX-1313W-0726-SM-5EGK1	5.30082680191905	FALSE	Normal	GTEx
GTEX-X4XX-0926-SM-46MV7	2.94683388841839	FALSE	Normal	GTEx
GTEX-1192X-1126-SM-5EGGU	2.72499776231442	FALSE	Normal	GTEx
GTEX-146FR-0326-SM-5SI8U	5.08542193163007	FALSE	Normal	GTEx
GTEX-11DZ1-2726-SM-5A5KH	2.98409079356452	FALSE	Normal	GTEx
GTEX-OIZI-0726-SM-2XCEI	1.95734273092842	FALSE	Normal	GTEx
GTEX-P4PQ-2626-SM-33HC9	3.47965165755291	FALSE	Normal	GTEx
GTEX-11UD2-0626-SM-5GU6L	3.29119174515088	FALSE	Normal	GTEx
GTEX-Q734-0526-SM-2I3EH	3.56776475836279	FALSE	Normal	GTEx
GTEX-ZZPU-1326-SM-5GZWS	3.83802813455405	FALSE	Normal	GTEx
GTEX-13W46-0926-SM-5LU3T	5.67492265546426	FALSE	Normal	GTEx
GTEX-UJMC-0326-SM-3GAE2	3.91146349800317	FALSE	Normal	GTEx
GTEX-SUCS-0226-SM-32PLQ	3.60753344153484	FALSE	Normal	GTEx
GTEX-13OVI-0826-SM-5KLZ8	3.58194565411017	FALSE	Normal	GTEx
GTEX-13VXT-0626-SM-5SIA1	3.02131367529361	FALSE	Normal	GTEx
GTEX-VUSG-0426-SM-3GIKD	3.58498822121807	FALSE	Normal	GTEx
GTEX-T6MO-0226-SM-32QOL	6.20438498217576	FALSE	Normal	GTEx
GTEX-13OW5-0626-SM-5J2N2	4.2788252479878	FALSE	Normal	GTEx
GTEX-RU1J-0226-SM-2TF5Y	4.4345556225837	FALSE	Normal	GTEx
GTEX-117YX-1226-SM-5H11S	3.45976831797152	FALSE	Normal	GTEx
GTEX-12WSK-0926-SM-5CVNQ	3.81847535785115	FALSE	Normal	GTEx
GTEX-WHSE-0626-SM-4RGNF	4.54320070587682	FALSE	Normal	GTEx
GTEX-QV44-0826-SM-2S1RG	3.23213629480504	FALSE	Normal	GTEx
GTEX-XYKS-0826-SM-4BRVF	2.48462963668919	FALSE	Normal	GTEx
GTEX-OHPM-2626-SM-5SI7I	5.51425602870227	FALSE	Normal	GTEx
GTEX-R55C-0626-SM-2TF4Q	5.27288750587186	FALSE	Normal	GTEx
GTEX-SIU7-1126-SM-2XCDW	5.64300686386818	FALSE	Normal	GTEx
GTEX-V1D1-0926-SM-4JBHQ	3.18703974740947	FALSE	Normal	GTEx
GTEX-Y111-1926-SM-4SOIS	5.08045267131999	FALSE	Normal	GTEx
GTEX-V955-0426-SM-3GAEL	9.82796275749137	FALSE	Normal	GTEx
GTEX-SNOS-0226-SM-32PLR	6.98697241896686	FALSE	Normal	GTEx
GTEX-12WS9-0726-SM-5FQT7	3.84035903683171	FALSE	Normal	GTEx
GTEX-OHPM-2626-SM-33HC5	5.16617161486771	FALSE	Normal	GTEx
GTEX-11P81-0126-SM-5HL5Y	4.04434481181462	FALSE	Normal	GTEx
GTEX-11GSO-0626-SM-5A5LW	4.33854368912755	FALSE	Normal	GTEx
GTEX-UPIC-0226-SM-3GADO	7.06414725083212	FALSE	Normal	GTEx
GTEX-13IVO-0926-SM-5KLZP	2.38933874917149	FALSE	Normal	GTEx
GTEX-145MI-1126-SM-5O9AK	2.94568830173311	FALSE	Normal	GTEx
GTEX-OXRO-1226-SM-48TDL	2.34006164970229	FALSE	Normal	GTEx
GTEX-13NZ8-0226-SM-5J2OK	2.21793674490677	FALSE	Normal	GTEx
GTEX-11EQ8-0826-SM-5N9FG	4.26295225119262	FALSE	Normal	GTEx
GTEX-SUCS-0226-SM-5CHQG	34.2405181532215	TRUE	Normal	GTEx
TCGA-EM-A3O9-01	7.42878044027772	FALSE	THCA	TCGA
TCGA-BJ-A28W-01	19.8102668500692	FALSE	THCA	TCGA
TCGA-ET-A40P-01	9.65395650874401	FALSE	THCA	TCGA
TCGA-DJ-A13R-01	12.0937128252175	FALSE	THCA	TCGA
TCGA-DJ-A2Q9-01	5.43083569145737	FALSE	THCA	TCGA
TCGA-EL-A3CR-01	3.41389132837762	FALSE	THCA	TCGA
TCGA-EL-A3CO-01	3.3235247423749	FALSE	THCA	TCGA
TCGA-EL-A3ZO-01	5.96041404583635	FALSE	THCA	TCGA
TCGA-EL-A3CY-01	5.6641487741915	FALSE	THCA	TCGA
TCGA-DJ-A2Q1-01	10.9471219343992	FALSE	THCA	TCGA
TCGA-EL-A3H5-01	8.2585696497695	FALSE	THCA	TCGA
TCGA-EL-A3ZM-01	7.66935963649931	FALSE	THCA	TCGA
TCGA-EM-A3O3-01	5.26658390555854	FALSE	THCA	TCGA
TCGA-FK-A3SG-01	5.86787939278805	FALSE	THCA	TCGA
TCGA-EM-A3FM-01	4.66495067404157	FALSE	THCA	TCGA
TCGA-EL-A3T9-01	3.30531985714754	FALSE	THCA	TCGA
TCGA-ET-A2N0-01	6.35477292788194	FALSE	THCA	TCGA
TCGA-FY-A3WA-01	10.6131973762934	FALSE	THCA	TCGA
TCGA-CE-A27D-01	7.45522775372338	FALSE	THCA	TCGA
TCGA-FY-A3I5-01	7.33302662491926	FALSE	THCA	TCGA
TCGA-BJ-A45E-01	12.4922888345333	FALSE	THCA	TCGA
TCGA-DJ-A4UP-01	8.79137777815465	FALSE	THCA	TCGA
TCGA-4C-A93U-01	3.47723106888999	FALSE	THCA	TCGA
TCGA-EL-A3GP-01	2.99523799235829	FALSE	THCA	TCGA
TCGA-KS-A41L-01	9.24045322628283	FALSE	THCA	TCGA
TCGA-EM-A3FQ-01	5.71671501251293	FALSE	THCA	TCGA
TCGA-BJ-A2N9-01	14.8923678549121	FALSE	THCA	TCGA
TCGA-DJ-A3VB-01	3.66110714018562	FALSE	THCA	TCGA
TCGA-EM-A3AO-01	3.82478441087164	FALSE	THCA	TCGA
TCGA-BJ-A3PR-01	8.00232331899836	FALSE	THCA	TCGA
TCGA-FE-A23A-01	3.01953316582335	FALSE	THCA	TCGA
TCGA-DJ-A3UW-01	4.58119720075617	FALSE	THCA	TCGA
TCGA-ET-A4KN-01	15.1625824344096	FALSE	THCA	TCGA
TCGA-EM-A4FQ-01	2.94036524032617	FALSE	THCA	TCGA
TCGA-FE-A3PB-01	3.49808791998452	FALSE	THCA	TCGA
TCGA-ET-A39K-01	4.62765205888283	FALSE	THCA	TCGA
TCGA-FE-A235-01	4.98704090608909	FALSE	THCA	TCGA
TCGA-EM-A4FM-01	4.00780550529562	FALSE	THCA	TCGA
TCGA-FY-A3I4-01	6.9550326334695	FALSE	THCA	TCGA
TCGA-ET-A3DU-01	7.13474659280577	FALSE	THCA	TCGA
TCGA-ET-A25G-01	6.28898271330994	FALSE	THCA	TCGA
TCGA-EL-A3D6-01	4.08346273143797	FALSE	THCA	TCGA
TCGA-E8-A2JQ-01	5.90525103292778	FALSE	THCA	TCGA
TCGA-DJ-A3VD-01	5.86519703264556	FALSE	THCA	TCGA
TCGA-EL-A3D1-01	9.48458333405632	FALSE	THCA	TCGA
TCGA-BJ-A0ZH-01	1.32522293830052	FALSE	THCA	TCGA
TCGA-ET-A3BV-01	3.17279523206894	FALSE	THCA	TCGA
TCGA-IM-A3U2-01	4.97152385470585	FALSE	THCA	TCGA
TCGA-DJ-A4UW-01	5.74444503602752	FALSE	THCA	TCGA
TCGA-EL-A3ZP-01	4.7760416805117	FALSE	THCA	TCGA
TCGA-EL-A3CT-01	4.6719851135087	FALSE	THCA	TCGA
TCGA-EL-A3MY-01	4.20648927847245	FALSE	THCA	TCGA
TCGA-DJ-A2PT-01	6.16019734647551	FALSE	THCA	TCGA
TCGA-DE-A4MB-01	3.76197542783562	FALSE	THCA	TCGA
TCGA-EM-A2CO-01	9.84023245063398	FALSE	THCA	TCGA
TCGA-BJ-A28Z-01	5.31258323206087	FALSE	THCA	TCGA
TCGA-EM-A2P1-01	7.11182490613187	FALSE	THCA	TCGA
TCGA-FE-A3PA-01	8.42967529736154	FALSE	THCA	TCGA
TCGA-IM-A420-01	3.47087103435651	FALSE	THCA	TCGA
TCGA-BJ-A0Z9-01	7.51418095287626	FALSE	THCA	TCGA
TCGA-EM-A2CM-01	5.66015407487646	FALSE	THCA	TCGA
TCGA-E8-A242-01	3.68232155344082	FALSE	THCA	TCGA
TCGA-EL-A3TA-01	7.64940798816259	FALSE	THCA	TCGA
TCGA-DJ-A3UT-01	4.60318145430587	FALSE	THCA	TCGA
TCGA-EL-A3T0-01	2.68217177863473	FALSE	THCA	TCGA
TCGA-E8-A2EA-01	5.1930069313748	FALSE	THCA	TCGA
TCGA-KS-A41I-01	5.19571148109928	FALSE	THCA	TCGA
TCGA-FE-A22Z-01	5.35460398836241	FALSE	THCA	TCGA
TCGA-ET-A3DO-01	6.45172063650375	FALSE	THCA	TCGA
TCGA-H2-A26U-01	4.53267959994111	FALSE	THCA	TCGA
TCGA-EM-A1YD-01	7.8722135387601	FALSE	THCA	TCGA
TCGA-DO-A2HM-01	5.51600957064331	FALSE	THCA	TCGA
TCGA-DJ-A13O-01	6.67728650468571	FALSE	THCA	TCGA
TCGA-FE-A3PC-01	2.94062516488995	FALSE	THCA	TCGA
TCGA-KS-A4I5-01	6.24553267743554	FALSE	THCA	TCGA
TCGA-J8-A3YF-01	2.73427091248353	FALSE	THCA	TCGA
TCGA-EM-A4FO-01	7.31809486813804	FALSE	THCA	TCGA
TCGA-KS-A41J-01	4.41335601678218	FALSE	THCA	TCGA
TCGA-CE-A484-01	10.4185648655876	FALSE	THCA	TCGA
TCGA-J8-A3YG-01	5.33505729095802	FALSE	THCA	TCGA
TCGA-EM-A1YB-01	11.0394791819994	FALSE	THCA	TCGA
TCGA-EL-A3H7-01	4.86912301228622	FALSE	THCA	TCGA
TCGA-EL-A4K1-01	4.53445731344294	FALSE	THCA	TCGA
TCGA-DE-A7U5-01	5.29919728282118	FALSE	THCA	TCGA
TCGA-BJ-A45I-01	3.60542293089567	FALSE	THCA	TCGA
TCGA-E8-A438-01	5.94279691973206	FALSE	THCA	TCGA
TCGA-IM-A4EB-01	4.03398964324242	FALSE	THCA	TCGA
TCGA-DJ-A3UY-01	1.53806285362752	FALSE	THCA	TCGA
TCGA-EM-A4FN-01	4.59740222729755	FALSE	THCA	TCGA
TCGA-EL-A3CV-01	4.7779843294471	FALSE	THCA	TCGA
TCGA-ET-A25I-01	7.95751086095847	FALSE	THCA	TCGA
TCGA-DJ-A3V6-01	2.62709073491618	FALSE	THCA	TCGA
TCGA-EL-A3ZN-01	3.8653311679803	FALSE	THCA	TCGA
TCGA-EL-A4K4-01	4.05437804163834	FALSE	THCA	TCGA
TCGA-DJ-A1QO-01	3.07428409535206	FALSE	THCA	TCGA
TCGA-ET-A25R-01	3.45425398611717	FALSE	THCA	TCGA
TCGA-DJ-A3VF-01	4.02895529192783	FALSE	THCA	TCGA
TCGA-EL-A3H3-01	3.00779437706833	FALSE	THCA	TCGA
TCGA-EL-A3CN-01	5.90064038892007	FALSE	THCA	TCGA
TCGA-L6-A4EU-01	5.73903929258938	FALSE	THCA	TCGA
TCGA-DJ-A13L-01	3.89642212986812	FALSE	THCA	TCGA
TCGA-ET-A2MX-01	5.95755454105442	FALSE	THCA	TCGA
TCGA-BJ-A4O8-01	5.24382668228737	FALSE	THCA	TCGA
TCGA-ET-A40R-01	7.49001322145917	FALSE	THCA	TCGA
TCGA-EM-A22I-01	3.59628947694962	FALSE	THCA	TCGA
TCGA-DJ-A1QH-01	3.77576468605655	FALSE	THCA	TCGA
TCGA-EL-A3T1-01	5.78765273942081	FALSE	THCA	TCGA
TCGA-DJ-A4UT-01	2.53223703959167	FALSE	THCA	TCGA
TCGA-E8-A44K-01	2.35862046062229	FALSE	THCA	TCGA
TCGA-DJ-A3V3-01	4.88407389952662	FALSE	THCA	TCGA
TCGA-E3-A3E2-01	5.00648885455609	FALSE	THCA	TCGA
TCGA-DJ-A2QA-01	9.37781746593712	FALSE	THCA	TCGA
TCGA-EL-A4JZ-01	3.87202961815174	FALSE	THCA	TCGA
TCGA-ET-A40T-01	5.93970982337465	FALSE	THCA	TCGA
TCGA-CE-A13K-01	1.91144430232063	FALSE	THCA	TCGA
TCGA-ET-A39N-01	3.70441916318123	FALSE	THCA	TCGA
TCGA-EL-A3GO-01	5.73265330373462	FALSE	THCA	TCGA
TCGA-FE-A234-01	3.96004219517932	FALSE	THCA	TCGA
TCGA-DJ-A3UQ-01	2.01058511195185	FALSE	THCA	TCGA
TCGA-EL-A3ZK-01	3.13320727109871	FALSE	THCA	TCGA
TCGA-DJ-A3UV-01	6.39669015299995	FALSE	THCA	TCGA
TCGA-BJ-A0YZ-01	3.00215510993632	FALSE	THCA	TCGA
TCGA-EL-A3N3-01	5.79959561781184	FALSE	THCA	TCGA
TCGA-E8-A419-01	4.84227502238855	FALSE	THCA	TCGA
TCGA-KS-A4ID-01	5.3334844590659	FALSE	THCA	TCGA
TCGA-ET-A40S-01	3.23518978058398	FALSE	THCA	TCGA
TCGA-E8-A416-01	6.53201389567947	FALSE	THCA	TCGA
TCGA-EM-A3FO-01	9.03350646553223	FALSE	THCA	TCGA
TCGA-DJ-A2QC-01	3.77766089184384	FALSE	THCA	TCGA
TCGA-E8-A436-01	2.00987362637533	FALSE	THCA	TCGA
TCGA-DJ-A2Q3-01	3.85301164285409	FALSE	THCA	TCGA
TCGA-CE-A482-01	5.4573341785546	FALSE	THCA	TCGA
TCGA-BJ-A45J-01	4.65813121092774	FALSE	THCA	TCGA
TCGA-EM-A22M-01	5.4232394218875	FALSE	THCA	TCGA
TCGA-ET-A3DP-01	5.57414454667996	FALSE	THCA	TCGA
TCGA-ET-A39R-01	3.60512071336086	FALSE	THCA	TCGA
TCGA-BJ-A3PT-01	5.22308283716677	FALSE	THCA	TCGA
TCGA-BJ-A0ZJ-01	5.6258127300256	FALSE	THCA	TCGA
TCGA-EL-A3CW-01	6.66492897848579	FALSE	THCA	TCGA
TCGA-DJ-A3V0-01	3.74970932628926	FALSE	THCA	TCGA
TCGA-FK-A3S3-01	2.88006776089184	FALSE	THCA	TCGA
TCGA-L6-A4EP-01	9.63145426959712	FALSE	THCA	TCGA
TCGA-EM-A3FR-01	4.89666322260148	FALSE	THCA	TCGA
TCGA-DJ-A1QM-01	1.7928127040448	FALSE	THCA	TCGA
TCGA-CE-A485-01	6.31377168964421	FALSE	THCA	TCGA
TCGA-EM-A2CP-01	9.71217038331352	FALSE	THCA	TCGA
TCGA-DE-A4MC-01	3.44335862556068	FALSE	THCA	TCGA
TCGA-DE-A0Y2-01	8.78574752101445	FALSE	THCA	TCGA
TCGA-EL-A3MZ-01	3.49165033526611	FALSE	THCA	TCGA
TCGA-ET-A25K-01	2.52246235426335	FALSE	THCA	TCGA
TCGA-E8-A433-01	7.28165121153948	FALSE	THCA	TCGA
TCGA-DJ-A4V5-01	4.12634538348377	FALSE	THCA	TCGA
TCGA-EL-A3ZS-01	6.39544591295265	FALSE	THCA	TCGA
TCGA-FE-A239-01	4.84290258237699	FALSE	THCA	TCGA
TCGA-EL-A4JX-01	7.48862646492188	FALSE	THCA	TCGA
TCGA-EM-A1CW-01	13.3511784507052	FALSE	THCA	TCGA
TCGA-ET-A25L-01	4.9777178410711	FALSE	THCA	TCGA
TCGA-ET-A39M-01	8.05936049444762	FALSE	THCA	TCGA
TCGA-EL-A3GU-01	2.65241745760564	FALSE	THCA	TCGA
TCGA-EL-A4K2-01	5.95334184381829	FALSE	THCA	TCGA
TCGA-DJ-A2Q5-01	5.22123704071735	FALSE	THCA	TCGA
TCGA-ET-A25N-01	6.21110308479521	FALSE	THCA	TCGA
TCGA-EM-A4G1-01	4.3589093312954	FALSE	THCA	TCGA
TCGA-BJ-A3PU-01	5.27228257530735	FALSE	THCA	TCGA
TCGA-EM-A3SU-01	7.43908556550983	FALSE	THCA	TCGA
TCGA-BJ-A3EZ-01	2.60964159435367	FALSE	THCA	TCGA
TCGA-EM-A3SZ-01	5.04475945006105	FALSE	THCA	TCGA
TCGA-BJ-A28X-01	4.79738623898551	FALSE	THCA	TCGA
TCGA-EM-A4FR-01	9.40774423031842	FALSE	THCA	TCGA
TCGA-ET-A39S-01	2.80101424590997	FALSE	THCA	TCGA
TCGA-BJ-A18Z-01	2.82622968740866	FALSE	THCA	TCGA
TCGA-DJ-A13M-01	10.0407172090547	FALSE	THCA	TCGA
TCGA-FE-A237-01	2.1176135401428	FALSE	THCA	TCGA
TCGA-EL-A3T6-01	5.23561348539162	FALSE	THCA	TCGA
TCGA-DE-A3KN-01	2.91281636261664	FALSE	THCA	TCGA
TCGA-EM-A2CU-01	3.53291210236329	FALSE	THCA	TCGA
TCGA-E8-A414-01	4.40634915474001	FALSE	THCA	TCGA
TCGA-DE-A4M9-01	4.19540643621399	FALSE	THCA	TCGA
TCGA-MK-A4N6-01	6.07546660574975	FALSE	THCA	TCGA
TCGA-EL-A4KG-01	3.41162666387363	FALSE	THCA	TCGA
TCGA-H2-A421-01	3.04590376065738	FALSE	THCA	TCGA
TCGA-BJ-A28T-01	8.08340120608419	FALSE	THCA	TCGA
TCGA-EL-A4KI-01	8.39522549419766	FALSE	THCA	TCGA
TCGA-EM-A1YA-01	4.98832468114997	FALSE	THCA	TCGA
TCGA-ET-A39O-01	5.26558380791405	FALSE	THCA	TCGA
TCGA-E3-A3E0-01	3.03332215085933	FALSE	THCA	TCGA
TCGA-ET-A3DQ-01	7.19857546225668	FALSE	THCA	TCGA
TCGA-DE-A4MA-01	7.64689607428179	FALSE	THCA	TCGA
TCGA-ET-A3BX-01	4.58048252617276	FALSE	THCA	TCGA
TCGA-FY-A4B4-01	3.06711869999037	FALSE	THCA	TCGA
TCGA-EL-A3H1-01	9.02119854080447	FALSE	THCA	TCGA
TCGA-BJ-A45D-01	7.52932954702729	FALSE	THCA	TCGA
TCGA-CE-A3MD-01	3.62299851314439	FALSE	THCA	TCGA
TCGA-DJ-A3US-01	7.48619501197463	FALSE	THCA	TCGA
TCGA-EM-A1YE-01	8.08098440445187	FALSE	THCA	TCGA
TCGA-EL-A4JW-01	2.17643477134921	FALSE	THCA	TCGA
TCGA-FE-A230-01	10.1392819135462	FALSE	THCA	TCGA
TCGA-FE-A3PD-01	2.53871100354803	FALSE	THCA	TCGA
TCGA-GE-A2C6-01	4.15295977658779	FALSE	THCA	TCGA
TCGA-BJ-A0Z3-01	5.2857776518666	FALSE	THCA	TCGA
TCGA-FK-A4UB-01	10.0609920032374	FALSE	THCA	TCGA
TCGA-FE-A233-01	7.06551370137835	FALSE	THCA	TCGA
TCGA-DJ-A3V7-01	1.95662423051515	FALSE	THCA	TCGA
TCGA-J8-A42S-01	2.83419711386324	FALSE	THCA	TCGA
TCGA-FE-A231-01	5.39409804490201	FALSE	THCA	TCGA
TCGA-DJ-A3VJ-01	3.44934487406471	FALSE	THCA	TCGA
TCGA-ET-A40Q-01	3.197852025103	FALSE	THCA	TCGA
TCGA-DJ-A3V2-01	5.44804816254035	FALSE	THCA	TCGA
TCGA-FY-A3TY-01	2.53805336397882	FALSE	THCA	TCGA
TCGA-EM-A3FN-01	11.4693148434267	FALSE	THCA	TCGA
TCGA-EL-A4K7-01	8.78864260679274	FALSE	THCA	TCGA
TCGA-EM-A1CU-01	4.0845308448805	FALSE	THCA	TCGA
TCGA-BJ-A45H-01	2.87047039724819	FALSE	THCA	TCGA
TCGA-EM-A22P-01	6.01211559122548	FALSE	THCA	TCGA
TCGA-DE-A69K-01	2.2508245996507	FALSE	THCA	TCGA
TCGA-DE-A69J-01	3.13016893645938	FALSE	THCA	TCGA
TCGA-DJ-A1QE-01	4.0276007728863	FALSE	THCA	TCGA
TCGA-E8-A432-01	3.09477113561458	FALSE	THCA	TCGA
TCGA-FY-A3R6-01	6.39227552061871	FALSE	THCA	TCGA
TCGA-E8-A44M-01	6.6294447912402	FALSE	THCA	TCGA
TCGA-EL-A4KH-01	10.3016366874854	FALSE	THCA	TCGA
TCGA-EM-A2CQ-01	6.78421463753507	FALSE	THCA	TCGA
TCGA-EM-A3FP-01	8.66614946315187	FALSE	THCA	TCGA
TCGA-EM-A3AJ-01	7.54282605235048	FALSE	THCA	TCGA
TCGA-EM-A2CR-01	13.0817383767134	FALSE	THCA	TCGA
TCGA-FY-A4B3-01	6.64950341244639	FALSE	THCA	TCGA
TCGA-ET-A3DW-01	4.23545629994915	FALSE	THCA	TCGA
TCGA-EM-A1YC-01	8.46284955403234	FALSE	THCA	TCGA
TCGA-EL-A3D0-01	5.26495448248376	FALSE	THCA	TCGA
TCGA-FE-A232-01	2.08822892475746	FALSE	THCA	TCGA
TCGA-FY-A40L-01	2.46174457756749	FALSE	THCA	TCGA
TCGA-EL-A3ZL-01	2.9015040794838	FALSE	THCA	TCGA
TCGA-DE-A4M8-01	5.97285847779393	FALSE	THCA	TCGA
TCGA-BJ-A190-01	6.94509061915748	FALSE	THCA	TCGA
TCGA-EM-A22N-01	10.4620865476355	FALSE	THCA	TCGA
TCGA-DJ-A4V0-01	8.7568080385555	FALSE	THCA	TCGA
TCGA-EM-A2P2-01	6.5971463179271	FALSE	THCA	TCGA
TCGA-KS-A4I9-01	2.39530521684278	FALSE	THCA	TCGA
TCGA-EM-A2CL-01	9.78475841481278	FALSE	THCA	TCGA
TCGA-EL-A3CM-01	4.16396251249368	FALSE	THCA	TCGA
TCGA-EM-A2CT-01	5.15059065403324	FALSE	THCA	TCGA
TCGA-EL-A3GY-01	4.44024162748368	FALSE	THCA	TCGA
TCGA-E8-A413-01	2.17033612526201	FALSE	THCA	TCGA
TCGA-EL-A3GR-01	3.38823375463484	FALSE	THCA	TCGA
TCGA-BJ-A2P4-01	8.84138625354647	FALSE	THCA	TCGA
TCGA-EL-A3ZT-01	6.98587250792476	FALSE	THCA	TCGA
TCGA-E8-A437-01	4.30577722624921	FALSE	THCA	TCGA
TCGA-EL-A3CS-01	4.09957336541572	FALSE	THCA	TCGA
TCGA-DJ-A1QD-01	2.74297843405754	FALSE	THCA	TCGA
TCGA-EL-A3T3-01	3.00477306048397	FALSE	THCA	TCGA
TCGA-BJ-A45G-01	4.97383984121901	FALSE	THCA	TCGA
TCGA-CE-A481-01	6.52729565378449	FALSE	THCA	TCGA
TCGA-E8-A3X7-01	4.97749097198707	FALSE	THCA	TCGA
TCGA-KS-A4I7-01	2.74411398830675	FALSE	THCA	TCGA
TCGA-EL-A3ZG-01	2.93439311343647	FALSE	THCA	TCGA
TCGA-EL-A4KD-01	3.52746373640439	FALSE	THCA	TCGA
TCGA-FY-A3YR-01	3.65132341846389	FALSE	THCA	TCGA
TCGA-BJ-A28R-01	5.24778100815889	FALSE	THCA	TCGA
TCGA-KS-A41F-01	5.50434387467272	FALSE	THCA	TCGA
TCGA-IM-A3U3-01	2.32959576288167	FALSE	THCA	TCGA
TCGA-BJ-A2N7-01	2.70852121053428	FALSE	THCA	TCGA
TCGA-FY-A3NM-01	10.5646268160336	FALSE	THCA	TCGA
TCGA-BJ-A45K-01	7.34792506672115	FALSE	THCA	TCGA
TCGA-DJ-A3UM-01	4.62845052264732	FALSE	THCA	TCGA
TCGA-E3-A3E1-01	1.44386868302602	FALSE	THCA	TCGA
TCGA-DJ-A1QQ-01	4.03706840594491	FALSE	THCA	TCGA
TCGA-ET-A3DT-01	6.25331584381908	FALSE	THCA	TCGA
TCGA-DJ-A4V2-01	2.09399522181669	FALSE	THCA	TCGA
TCGA-DJ-A2Q4-01	3.51325941499045	FALSE	THCA	TCGA
TCGA-EL-A3GX-01	3.72553177440159	FALSE	THCA	TCGA
TCGA-DJ-A1QN-01	4.30687185138317	FALSE	THCA	TCGA
TCGA-EM-A4FF-01	2.1045206703528	FALSE	THCA	TCGA
TCGA-ET-A2MZ-01	2.54837073350934	FALSE	THCA	TCGA
TCGA-DJ-A2Q0-01	8.00367932313909	FALSE	THCA	TCGA
TCGA-DJ-A2PX-01	5.55191525816135	FALSE	THCA	TCGA
TCGA-EM-A1CT-01	5.65742324026355	FALSE	THCA	TCGA
TCGA-ET-A39L-01	3.52327206647879	FALSE	THCA	TCGA
TCGA-EL-A4K6-01	6.81468623025342	FALSE	THCA	TCGA
TCGA-EM-A22Q-01	16.7701983976602	FALSE	THCA	TCGA
TCGA-DJ-A3V9-01	4.74198291425768	FALSE	THCA	TCGA
TCGA-DJ-A4UR-01	3.54355272858521	FALSE	THCA	TCGA
TCGA-DE-A0XZ-01	5.12300991785654	FALSE	THCA	TCGA
TCGA-FK-A3SD-01	11.9225173170503	FALSE	THCA	TCGA
TCGA-BJ-A0ZB-01	3.58521975218611	FALSE	THCA	TCGA
TCGA-FY-A3R9-01	7.38015770300613	FALSE	THCA	TCGA
TCGA-EL-A3N2-01	4.12581732600021	FALSE	THCA	TCGA
TCGA-EM-A3FJ-01	3.13168821684297	FALSE	THCA	TCGA
TCGA-EM-A3ST-01	9.42459131956234	FALSE	THCA	TCGA
TCGA-QD-A8IV-01	8.87906139412158	FALSE	THCA	TCGA
TCGA-DJ-A2PW-01	3.11412475494872	FALSE	THCA	TCGA
TCGA-ET-A3DR-01	1.38376791918426	FALSE	THCA	TCGA
TCGA-DJ-A2Q2-01	5.59339667409637	FALSE	THCA	TCGA
TCGA-BJ-A0ZF-01	6.34417677363937	FALSE	THCA	TCGA
TCGA-FE-A238-01	1.98219524105191	FALSE	THCA	TCGA
TCGA-DJ-A2PZ-01	3.60707872273869	FALSE	THCA	TCGA
TCGA-EM-A3FL-01	12.225389399781	FALSE	THCA	TCGA
TCGA-DJ-A13X-01	1.8474307091879	FALSE	THCA	TCGA
TCGA-DE-A0Y3-01	6.60581912744403	FALSE	THCA	TCGA
TCGA-EL-A3D4-01	3.82190889736583	FALSE	THCA	TCGA
TCGA-EL-A3CX-01	5.79830820849122	FALSE	THCA	TCGA
TCGA-MK-A84Z-01	2.91047938397945	FALSE	THCA	TCGA
TCGA-DJ-A3VI-01	4.18062679255947	FALSE	THCA	TCGA
TCGA-FY-A4B0-01	2.67784226333202	FALSE	THCA	TCGA
TCGA-ET-A2MY-01	4.23221598845515	FALSE	THCA	TCGA
TCGA-EL-A3T2-01	8.67436769702778	FALSE	THCA	TCGA
TCGA-BJ-A45F-01	2.33132460049011	FALSE	THCA	TCGA
TCGA-EM-A2OW-01	8.93330758855397	FALSE	THCA	TCGA
TCGA-BJ-A3F0-01	10.803545686569	FALSE	THCA	TCGA
TCGA-DO-A1JZ-01	6.77319659238612	FALSE	THCA	TCGA
TCGA-EM-A4FU-01	3.80676193421927	FALSE	THCA	TCGA
TCGA-DJ-A3UX-01	3.59167520639311	FALSE	THCA	TCGA
TCGA-E8-A434-01	3.94118699297419	FALSE	THCA	TCGA
TCGA-DJ-A2PY-01	4.04191650968587	FALSE	THCA	TCGA
TCGA-DJ-A1QG-01	6.0085939906308	FALSE	THCA	TCGA
TCGA-EL-A3GZ-01	3.91893273849736	FALSE	THCA	TCGA
TCGA-ET-A3BO-01	4.02159909241423	FALSE	THCA	TCGA
TCGA-DJ-A3V8-01	1.31663643242692	FALSE	THCA	TCGA
TCGA-EM-A3AN-01	1.86623901049389	FALSE	THCA	TCGA
TCGA-DJ-A3V5-01	2.61200702240425	FALSE	THCA	TCGA
TCGA-EM-A3AQ-01	2.23910093126388	FALSE	THCA	TCGA
TCGA-EM-A3SY-01	8.0833488591791	FALSE	THCA	TCGA
TCGA-EL-A3GV-01	3.11852963064197	FALSE	THCA	TCGA
TCGA-FY-A3R7-01	3.05265236692066	FALSE	THCA	TCGA
TCGA-EM-A3AI-01	9.04121223511959	FALSE	THCA	TCGA
TCGA-ET-A3BU-01	2.86088194292209	FALSE	THCA	TCGA
TCGA-J8-A4HY-01	1.36438869286073	FALSE	THCA	TCGA
TCGA-DJ-A3V4-01	1.38549792300761	FALSE	THCA	TCGA
TCGA-BJ-A290-01	6.39249032092717	FALSE	THCA	TCGA
TCGA-J8-A3NZ-01	3.0815950720123	FALSE	THCA	TCGA
TCGA-BJ-A0Z5-01	2.11657066817339	FALSE	THCA	TCGA
TCGA-EM-A3AR-01	0.958302134990678	FALSE	THCA	TCGA
TCGA-ET-A25M-01	5.71156446215016	FALSE	THCA	TCGA
TCGA-DJ-A4V4-01	2.76837600246399	FALSE	THCA	TCGA
TCGA-IM-A41Z-01	8.52568592965886	FALSE	THCA	TCGA
TCGA-CE-A3ME-01	3.39087204009811	FALSE	THCA	TCGA
TCGA-IM-A3EB-01	4.76824132346436	FALSE	THCA	TCGA
TCGA-EL-A3ZQ-01	9.14319690131997	FALSE	THCA	TCGA
TCGA-H2-A2K9-01	8.14184215649999	FALSE	THCA	TCGA
TCGA-EL-A4K9-01	2.43031397290613	FALSE	THCA	TCGA
TCGA-FY-A3R8-01	2.79823606833504	FALSE	THCA	TCGA
TCGA-DO-A1K0-01	8.70326579177071	FALSE	THCA	TCGA
TCGA-E8-A417-01	5.44921453390424	FALSE	THCA	TCGA
TCGA-ET-A39P-01	3.1743305122223	FALSE	THCA	TCGA
TCGA-FK-A3SH-01	11.6063736284574	FALSE	THCA	TCGA
TCGA-E8-A418-01	3.23452617552248	FALSE	THCA	TCGA
TCGA-ET-A25J-01	3.55660353563336	FALSE	THCA	TCGA
TCGA-FY-A3BL-01	4.73617248164924	FALSE	THCA	TCGA
TCGA-EL-A4JV-01	9.45714330662886	FALSE	THCA	TCGA
TCGA-BJ-A45C-01	6.10287464924679	FALSE	THCA	TCGA
TCGA-ET-A39J-01	3.51630721424782	FALSE	THCA	TCGA
TCGA-EL-A3T8-01	6.96232315565118	FALSE	THCA	TCGA
TCGA-BJ-A2NA-01	2.13026023824335	FALSE	THCA	TCGA
TCGA-DJ-A2Q7-01	3.86995087315075	FALSE	THCA	TCGA
TCGA-EM-A3AK-01	2.62947859508002	FALSE	THCA	TCGA
TCGA-EM-A22K-01	7.19911227266854	FALSE	THCA	TCGA
TCGA-EL-A3CU-01	4.9471470654354	FALSE	THCA	TCGA
TCGA-DJ-A3UZ-01	5.13323208596073	FALSE	THCA	TCGA
TCGA-EM-A22O-01	8.63104795681577	FALSE	THCA	TCGA
TCGA-BJ-A18Y-01	4.78226130665096	FALSE	THCA	TCGA
TCGA-ET-A3BN-01	5.96697061659762	FALSE	THCA	TCGA
TCGA-ET-A3BP-01	1.81775469495586	FALSE	THCA	TCGA
TCGA-DJ-A4UL-01	6.41564457125908	FALSE	THCA	TCGA
TCGA-ET-A3BQ-01	3.6582028481339	FALSE	THCA	TCGA
TCGA-DJ-A2Q6-01	3.06745250365256	FALSE	THCA	TCGA
TCGA-DJ-A3VL-01	10.6999530011277	FALSE	THCA	TCGA
TCGA-BJ-A0ZG-01	6.74300342338824	FALSE	THCA	TCGA
TCGA-J8-A4HW-01	3.96450892850064	FALSE	THCA	TCGA
TCGA-IM-A3ED-01	4.74558560202695	FALSE	THCA	TCGA
TCGA-DJ-A2PO-01	2.26759303622433	FALSE	THCA	TCGA
TCGA-E3-A3E3-01	2.50037351064658	FALSE	THCA	TCGA
TCGA-EM-A2P3-01	2.11676772696194	FALSE	THCA	TCGA
TCGA-EM-A2OV-01	5.38123692378553	FALSE	THCA	TCGA
TCGA-FK-A3SE-01	1.13659547806981	FALSE	THCA	TCGA
TCGA-ET-A3BT-01	1.94991181619476	FALSE	THCA	TCGA
TCGA-IM-A41Y-01	4.48114827698475	FALSE	THCA	TCGA
TCGA-E8-A415-01	2.17174614446267	FALSE	THCA	TCGA
TCGA-FY-A76V-01	6.58734775465138	FALSE	THCA	TCGA
TCGA-EM-A4FV-01	4.42348013404393	FALSE	THCA	TCGA
TCGA-H2-A422-01	9.44042856696085	FALSE	THCA	TCGA
TCGA-ET-A3BS-01	3.87409892306924	FALSE	THCA	TCGA
TCGA-EL-A3T7-01	3.6942348140366	FALSE	THCA	TCGA
TCGA-ET-A25P-01	6.88151628355855	FALSE	THCA	TCGA
TCGA-DJ-A13U-01	3.81053539655709	FALSE	THCA	TCGA
TCGA-FY-A3W9-01	11.8157125775037	FALSE	THCA	TCGA
TCGA-J8-A3YD-01	1.46640915208583	FALSE	THCA	TCGA
TCGA-BJ-A192-01	2.9959609154093	FALSE	THCA	TCGA
TCGA-BJ-A0ZA-01	8.75911985940002	FALSE	THCA	TCGA
TCGA-DJ-A2PP-01	5.24100851370211	FALSE	THCA	TCGA
TCGA-DJ-A2PN-01	3.04984510700541	FALSE	THCA	TCGA
TCGA-EL-A3TB-01	2.8765352015707	FALSE	THCA	TCGA
TCGA-DJ-A1QF-01	6.62547217272526	FALSE	THCA	TCGA
TCGA-DJ-A2PU-01	1.88944925470594	FALSE	THCA	TCGA
TCGA-EM-A3AL-01	5.56235594490153	FALSE	THCA	TCGA
TCGA-EM-A2CN-01	6.6040633391154	FALSE	THCA	TCGA
TCGA-EL-A3GW-01	4.31763136038143	FALSE	THCA	TCGA
TCGA-KS-A4I1-01	8.71354632119691	FALSE	THCA	TCGA
TCGA-FE-A236-01	4.41129472145376	FALSE	THCA	TCGA
TCGA-EL-A3MW-01	3.99939334958304	FALSE	THCA	TCGA
TCGA-DJ-A13S-01	6.14370103494078	FALSE	THCA	TCGA
TCGA-EL-A3H4-01	6.48470008908024	FALSE	THCA	TCGA
TCGA-KS-A4IC-01	1.4335535195682	FALSE	THCA	TCGA
TCGA-DJ-A2PR-01	2.15114543327251	FALSE	THCA	TCGA
TCGA-DJ-A1QL-01	7.07813070850391	FALSE	THCA	TCGA
TCGA-DJ-A13P-01	3.53242960895573	FALSE	THCA	TCGA
TCGA-EL-A3GQ-01	4.22616709620782	FALSE	THCA	TCGA
TCGA-EM-A4FK-01	7.85817005403761	FALSE	THCA	TCGA
TCGA-DJ-A3UU-01	3.39100392051408	FALSE	THCA	TCGA
TCGA-BJ-A291-01	6.9920497283541	FALSE	THCA	TCGA
TCGA-FY-A2QD-01	9.26824857182057	FALSE	THCA	TCGA
TCGA-CE-A483-01	3.57054179964699	FALSE	THCA	TCGA
TCGA-FY-A40M-01	3.27816195366976	FALSE	THCA	TCGA
TCGA-DJ-A3VM-01	3.78946466610895	FALSE	THCA	TCGA
TCGA-DJ-A3VG-01	3.98233311482834	FALSE	THCA	TCGA
TCGA-J8-A3O0-01	5.74233594635923	FALSE	THCA	TCGA
TCGA-H2-A3RH-01	9.18636748112806	FALSE	THCA	TCGA
TCGA-FY-A3ON-01	2.7240850256286	FALSE	THCA	TCGA
TCGA-EM-A2OZ-01	2.78088782766518	FALSE	THCA	TCGA
TCGA-E3-A3DY-01	3.07271952274548	FALSE	THCA	TCGA
TCGA-EM-A2OX-01	3.01968885258907	FALSE	THCA	TCGA
TCGA-ET-A39T-01	4.45139358182812	FALSE	THCA	TCGA
TCGA-DJ-A3UN-01	2.05024731071124	FALSE	THCA	TCGA
TCGA-DJ-A3UO-01	4.82103119020268	FALSE	THCA	TCGA
TCGA-E3-A3E5-01	1.68165417587335	FALSE	THCA	TCGA
TCGA-DJ-A2PV-01	1.32209147531868	FALSE	THCA	TCGA
TCGA-EL-A4K0-01	6.43217484567609	FALSE	THCA	TCGA
TCGA-EL-A3MX-01	7.62161037040787	FALSE	THCA	TCGA
TCGA-EM-A3FK-01	6.62208205809091	FALSE	THCA	TCGA
TCGA-EM-A2P0-01	2.37600213564411	FALSE	THCA	TCGA
TCGA-EL-A3CZ-01	7.30001198688265	FALSE	THCA	TCGA
TCGA-KS-A4I3-01	2.34402518641597	FALSE	THCA	TCGA
TCGA-J8-A3O1-01	2.76501188309655	FALSE	THCA	TCGA
TCGA-L6-A4EQ-01	3.14709033905436	FALSE	THCA	TCGA
TCGA-DJ-A4UQ-01	2.5822943922655	FALSE	THCA	TCGA
TCGA-FY-A40K-01	4.18189837353378	FALSE	THCA	TCGA
TCGA-EM-A3AP-01	6.6098333200439	FALSE	THCA	TCGA
TCGA-H2-A3RI-01	2.59600786570248	FALSE	THCA	TCGA
TCGA-MK-A4N9-01	4.94253034303142	FALSE	THCA	TCGA
TCGA-ET-A2N4-01	4.00605332872386	FALSE	THCA	TCGA
TCGA-DJ-A13V-01	1.58382661940677	FALSE	THCA	TCGA
TCGA-EM-A2OY-01	8.73254068876967	FALSE	THCA	TCGA
TCGA-ET-A2N5-01	5.41515106247626	FALSE	THCA	TCGA
TCGA-EM-A4FH-01	7.79480684567848	FALSE	THCA	TCGA
TCGA-ET-A3DS-01	13.5037020953854	FALSE	THCA	TCGA
TCGA-FK-A3SB-01	2.85995940105535	FALSE	THCA	TCGA
TCGA-ET-A3DV-01	7.69176904479035	FALSE	THCA	TCGA
TCGA-DJ-A13T-01	4.15524105428508	FALSE	THCA	TCGA
TCGA-DJ-A3UR-01	2.92380554052339	FALSE	THCA	TCGA
TCGA-EM-A3O6-01	8.97703196479827	FALSE	THCA	TCGA
TCGA-DJ-A3VE-01	4.80912472927708	FALSE	THCA	TCGA
TCGA-EL-A3GS-01	6.41421271410021	FALSE	THCA	TCGA
TCGA-ET-A4KQ-01	5.99102452942819	FALSE	THCA	TCGA
TCGA-DJ-A2QB-01	5.563382652284	FALSE	THCA	TCGA
TCGA-EM-A1CV-01	6.32792196769193	FALSE	THCA	TCGA
TCGA-BJ-A2N8-01	4.02142554209592	FALSE	THCA	TCGA
TCGA-DJ-A3UK-01	6.80800592577382	FALSE	THCA	TCGA
TCGA-EM-A3OA-01	7.76474116302975	FALSE	THCA	TCGA
TCGA-ET-A2N3-01	9.49657699908151	FALSE	THCA	TCGA
TCGA-EL-A3D5-01	5.89145283067654	FALSE	THCA	TCGA
TCGA-EM-A2CJ-01	7.40212407248855	FALSE	THCA	TCGA
TCGA-L6-A4ET-01	6.33366744412776	FALSE	THCA	TCGA
TCGA-EL-A3CP-01	4.62826228561102	FALSE	THCA	TCGA
TCGA-EL-A3CL-01	4.44383521004526	FALSE	THCA	TCGA
TCGA-ET-A39I-01	6.34062836701926	FALSE	THCA	TCGA
TCGA-DJ-A1QI-01	2.88625587089671	FALSE	THCA	TCGA
TCGA-EM-A22L-01	8.83639361748472	FALSE	THCA	TCGA
TCGA-DJ-A3VK-01	5.38473415109421	FALSE	THCA	TCGA
TCGA-EM-A2CS-01	3.66256208085075	FALSE	THCA	TCGA
TCGA-BJ-A28S-01	5.23876422622426	FALSE	THCA	TCGA
TCGA-EM-A22J-01	5.9227327474066	FALSE	THCA	TCGA
TCGA-EM-A1CS-01	6.83282574721899	FALSE	THCA	TCGA
TCGA-BJ-A191-01	5.37764573829498	FALSE	THCA	TCGA
TCGA-EL-A3ZH-01	8.38616955911291	FALSE	THCA	TCGA
TCGA-MK-A4N7-01	5.71108072761002	FALSE	THCA	TCGA
TCGA-DJ-A2PS-01	1.90522641704073	FALSE	THCA	TCGA
TCGA-KS-A4IB-01	4.64359112107651	FALSE	THCA	TCGA
TCGA-ET-A25O-01	5.15647089198494	FALSE	THCA	TCGA
TCGA-J8-A3O2-01	2.87103388503536	FALSE	THCA	TCGA
TCGA-FY-A3RA-01	4.32855420882209	FALSE	THCA	TCGA
TCGA-FY-A3NN-01	4.63889887881751	FALSE	THCA	TCGA
TCGA-DJ-A2PQ-01	4.37409546680482	FALSE	THCA	TCGA
TCGA-BJ-A0ZE-01	9.37260548899067	FALSE	THCA	TCGA
TCGA-EL-A3H8-01	3.68337304206278	FALSE	THCA	TCGA
TCGA-EM-A2CK-01	6.07038058149855	FALSE	THCA	TCGA
TCGA-DE-A4MD-01	5.93852382938494	FALSE	THCA	TCGA
TCGA-E3-A3DZ-01	6.75820076740295	FALSE	THCA	TCGA
TCGA-DE-A2OL-01	7.08857213230624	FALSE	THCA	TCGA
TCGA-BJ-A0Z2-01	5.77053412715407	FALSE	THCA	TCGA
TCGA-FY-A3NP-01	7.20626219603493	FALSE	THCA	TCGA
TCGA-J8-A3YH-01	4.72465253838348	FALSE	THCA	TCGA
TCGA-EM-A3O7-01	4.81158259093785	FALSE	THCA	TCGA
TCGA-DJ-A3UP-01	7.80859989815191	FALSE	THCA	TCGA
TCGA-EM-A3SX-01	2.48765148166259	FALSE	THCA	TCGA
TCGA-EL-A3H2-01	7.1765915463049	FALSE	THCA	TCGA
TCGA-BJ-A28V-01	8.81639641770553	FALSE	THCA	TCGA
TCGA-FY-A40N-01	5.62969867257555	FALSE	THCA	TCGA
TCGA-EM-A3O8-01	8.9074833673958	FALSE	THCA	TCGA
TCGA-BJ-A0ZC-01	12.1263681263586	FALSE	THCA	TCGA
TCGA-BJ-A4O9-01	3.47945104631763	FALSE	THCA	TCGA
TCGA-DJ-A3VA-01	3.87325799263117	FALSE	THCA	TCGA
TCGA-J8-A3YE-01	5.11733952433158	FALSE	THCA	TCGA
TCGA-ET-A3BW-01	4.22127170603376	FALSE	THCA	TCGA
TCGA-BJ-A0Z0-01	9.06534388162758	FALSE	THCA	TCGA
TCGA-EL-A3ZR-01	7.6914000040132	FALSE	THCA	TCGA
TCGA-EM-A3OB-01	6.86816858229667	FALSE	THCA	TCGA
