database_id	panel_group	pathway_name	geneset_size	NES_limma	pval_limma	padj_limma	overlap_limma	leadingEdge_limma	NES_voom	pval_voom	padj_voom	overlap_voom	leadingEdge_voom	NES_deseq2	pval_deseq2	padj_deseq2	overlap_deseq2	leadingEdge_deseq2	direction_limma
R-HSA-1474244	ADDITIONAL_20	Extracellular matrix organization	321	-1.05328949057596	0.322267773222678	0.656512450764404	102	ACTA1,COL27A1,LAMA2,FBLN5,PHYKPL,LAMB2,TNXB,ITGA7,ITGA10,NRXN1,MMP25,TLL1,FBLN1,ELN,ADAMTS4,MFAP4,PCOLCE2,KLK2,ACTC1,DDR2,FBLN2,ADAMTS1,COL28A1,COL5A3,DCN,COL6A1,MADCAM1,KLKB1,COL6A2,ITGA8,MMP19,COL25A1,ELANE,EFEMP1,ADAMTS2,CAPN10,COL4A3,ITGA5,COL6A3,PCOLCE,COL16A1,COL24A1,JAM3,EMILIN1,ITGA2B,LOXL3,COL4A6,ITGA1,FGG,SH3PXD2A,COLGALT1,LAMA3,JAM2,CAPN15,NTN4,ACTG2,MMP17,CEACAM1,ADAMTS5,COL23A1,PTPRS,SNTG2,COL12A1,SGCA,ADAM19,CAPN3,VTN,COL11A2,MFAP5,COL4A5,LAMA5,MMP2,COL4A4,ADAMTS3,FMOD,TTR,COL18A1,NCAM1,COL9A2,SCUBE3,COL6A6,NID1,HSPG2,TGFB3,PRKCA,TIMP2,SNTB2,LAMC3,PECAM1,ADAMTS8,LAMA4,ADAM8,P4HA3,CTRB2,THBS1,CTRB1,BCAN,A2M,DST,ADAMTS16,COL9A3,P3H1	-1.06222448802746	0.277540404978637	0.315569035239746	96	PHYKPL,COL27A1,LAMA2,MMP19,FBLN5,MMP25,ITGA2B,TNXB,TLL1,ITGA7,ACTA1,ITGA10,NRXN1,MFAP4,FBLN1,ELANE,KLK2,COL25A1,PCOLCE2,CAPN15,ACTC1,CAPN10,COL28A1,DDR2,ELN,FBLN2,COL5A3,DCN,LAMA3,ADAMTS1,EFEMP1,MADCAM1,COL4A6,EMILIN3,COL24A1,ADAMTS4,COL6A1,SNTG2,COL4A3,ITGA8,EMILIN1,COL16A1,JAM3,FGG,PTPRS,MMP17,ITGA1,MFAP5,SH3PXD2A,COL11A2,MUSK,FGA,ITGA5,ADAMTS2,ACTG2,COL23A1,CAPN14,ADAMTS5,NTN4,COL12A1,LAMB2,COLGALT1,SGCA,CAPN3,PCOLCE,COL6A3,COL6A2,TTR,VTN,FGB,COL6A6,ADAM19,MMP2,CEACAM1,KLKB1,SCUBE3,COL4A4,ADAMTS16,FMOD,TGFB3,PECAM1,CAPN13,LAMC3,ADAMTS3,COL18A1,JAM2,NCAM1,COL9A2,NID1,TIMP2,LAMA5,MMP3,COL9A3,CTRB1,COL4A5,MMP8	1.33799281618844	0.00692137320044297	0.0138427464008859	91	LAMB3,LRP4,PSEN1,FN1,LAMC2,ACTG1,KLK7,SDC4,CTSS,CDH1,SDC1,ITGA2,CTSD,CD44,NCSTN,CTSB,ICAM4,TMPRSS6,PLOD2,COL8A1,ITGA3,MMP7,DAG1,P4HA2,HAPLN1,SDC3,F11R,BSG,COL13A1,CEACAM6,MMP16,DDR1,MMP11,EMILIN2,COL8A2,MMP9,ITGAV,CD151,CAPNS1,CD47,ADAMTS18,AGRN,ADAM10,COL11A1,CAST,SPP1,COL10A1,P4HB,MMP13,PLOD1,MMP12,CASP3,TRAPPC4,TIMP1,ITGB2,TGFB1,ITGA9,CAPN12,ITGB4,SSPN,ADAMTS14,ITGB6,ICAM5,PPIB,ACTB,P3H3,BMP7,GDF5,IBSP,COL19A1,COL26A1,ADAM12,CASK,CAPN1,APP,ICAM3,TGFB2,MFAP2,CTSV,SPARC,COL1A1,LAMC1,ICAM1,ADAM9,DMD,MMP20,ITGB7,COL14A1,ITGB8,COL17A1,COL6A5	Down_tumor
R-HSA-3299685	ADDITIONAL_20	Detoxification of Reactive Oxygen Species	37	1.15743600779001	0.226923076923077	0.638382315614592	17	GPX1,CYBA,CYBB,PRDX2,PRDX5,TXN,GSR,NCF2,PRDX3,SOD1,ATOX1,TXN2,P4HB,NOX4,GSTP1,AQP8,GPX8	1.96332614434773	0.000446318980284306	0.00102996687757917	24	GPX1,PRDX2,ERO1A,PRDX5,P4HB,PRDX3,GSR,SOD1,PRDX6,TXN2,CYBA,ATP7A,ATOX1,GSTP1,GPX8,TXN,CYBB,CAT,GPX7,PRDX1,NOX4,NCF2,CYCS,NUDT2	1.85979816440727	0.00139557076301453	0.00348892690753633	25	GPX1,PRDX2,PRDX5,ERO1A,PRDX3,P4HB,SOD1,CYBB,GSR,CYBA,PRDX6,TXN2,ATOX1,GSTP1,GPX7,ATP7A,NCF2,GPX8,CAT,TXN,NOX4,NOX5,CYCS,PRDX1,AQP8	Up_tumor
R-HSA-913531	ADDITIONAL_20	Interferon Signaling	361	NA	NA	NA	102	IFI30,RPS4X,HLA-DQB2,HLA-H,ACTG1,CD44,RPS27L,HLA-G,NPM1,IFIT2,IFIT1,HLA-DQA2,HLA-DRA,TUBB3,PTAFR,SFN,STAT1,CDK1,FCGR1A,HLA-DPB1,FAAP24,ISG15,EIF3I,RSAD2,SUMO1,HLA-A,OASL,TUBA1A,PPP2R1A,FAU,TP53,TRIM14,EIF3E,TUBB4B,SOCS1,PSMB8,HLA-DQA1,B2M,RPS9,IRF5,IFIT3,RPS24,FANCF,HLA-DQB1,HLA-DPA1,RPS20,NUP37,EIF3C,IFIT5,IFNAR1,GBP3,RPS2,IFNGR2,TRIM29,EIF3K,IFI6,RPS29,RPS14,RPS18,RPS13,RPS17,IRF6,UBB,ACTB,RPS3A,GBP6,RPS8,HLA-DRB5,KPNA2,RPS21,HLA-DRB1,PRKCD,EIF3M,EIF4E3,TUBA1C,RPS6,RPS15A,OAS1,HLA-B,USP18,TRIM21,RPS7,HSPA1L,RPS25,UBE2L6,TUBA4A,UBE2N,ICAM1,FANCE,EIF3H,RPS11,RPS3,BECN1,RPS19,EIF1AX,PTPN6,HLA-C,ILF2,GBP2,IFIH1,MAPK1,UBE2I	2.46872750436135	2.85930656355798e-21	8.57791969067393e-20	163	ACTG1,EIF3I,PPP2CA,SUMO1,IFNAR1,PPP2R1A,NUP37,RPS4X,NPM1,UBE2I,BECN1,TP53,CD44,EIF3H,KPNB1,ILF2,UBB,UBE2E1,RPS27L,FANCF,EIF4E,EIF3E,TUBA1A,RPS24,KPNA4,FAAP24,TRIM35,EIF1AX,EIF3K,NUP62,EIF3J,PRKCD,EIF3D,SEC13,EIF3M,TRIM14,EIF3C,IFI30,RPS17,IFNGR2,RPS20,EIF2S3,EIF4E2,CDK1,RPS14,UBE2N,IRF6,IRF2,RPS9,EIF4G2,RPS6,EIF4E3,SEH1L,MAPK1,TRIM26,TUBA1C,UBA52,RPS23,TUBB4B,EIF2S1,RPS15A,NDC1,RPS18,EIF4A3,PDE12,HLA-H,PTPN6,CUL1,RPS21,CENPS,TUBA4B,SKP1,HLA-A,HSPA1L,STAT1,TRIM21,PSMB8,TUBA1B,RPS3A,ATF6,EIF4A2,TRIM8,PPP2R5A,ACTB,FAU,IFIT2,FNTB,IRF5,IFIT5,RPS29,EIF3F,HLA-DRA,RPS8,IFIH1,KPNA2,B2M,IFIT1,FANCE,UBE2L6,RPS13,KPNA3,EIF3A,NUP133,DNAJC3,HLA-DPB1,RPS19,RSAD2,TUBA4A,HLA-B,TUBB6,IFIT3,ISG15,PTPN11,PTAFR,RNASEL,SOCS1,RPS3,RPS11,CAMK2D,HLA-DPA1,RPS25,HLA-C,HLA-DQB2,EIF2S2,RPS16,OASL,HLA-DQB1,EIF2AK2,ADAR,GBP3,UBC,IFI6,EIF3L,RPS5,FCGR1A,EIF3G,HLA-DRB1,HLA-DQA2,RPS7,NUP98,NUP155,HLA-DRB5,OAS1,JAK1,RPSA,IFNA1,DHX9,USP18,FURIN,HLA-DQA1,HSPA5,PRKRA,ICAM1,EIF3B,MX1,HLA-G,HSPA8,TUBB3,OAS3,PGGT1B,KPNA1,OAS2,ABCE1	2.14944658306861	2.51171924447302e-13	3.76757886670952e-12	138	ACTG1,SUMO1,EIF3I,PPP2CA,IFNAR1,RPS4X,CD44,PPP2R1A,NPM1,NUP37,TP53,UBE2I,EIF3H,FANCF,BECN1,RPS27L,IFI30,UBB,SFN,ILF2,HLA-DQB2,FAAP24,KPNB1,TUBA1A,CDK1,UBE2E1,TRIM14,EIF4E,HLA-H,RPS24,EIF3E,EIF3D,EIF3C,STAT1,EIF1AX,TUBA4B,IFIT2,HLA-DRA,IFIT5,MAPK1,HLA-A,KPNA4,IRF6,RPS20,EIF3K,RPS17,EIF4E3,TUBB3,PSMB8,IFNGR2,TRIM35,RPS14,EIF3M,RPS9,NUP62,PTAFR,EIF4G2,HLA-DPB1,EIF3J,EIF2S3,SEC13,RPS6,PRKCD,GBP3,HLA-DQB1,HLA-DPA1,B2M,RPS21,TRIM29,IRF2,TRIM21,NDC1,CENPS,UBA52,IRF5,HLA-B,RPS15A,RPS18,RPS23,HLA-G,UBE2N,HLA-DQA1,SOCS1,HLA-DRB1,SEH1L,IFIH1,IFIT1,ATF6,HLA-DQA2,TUBB4B,PDE12,EIF4A3,FAU,ISG15,IFIT3,OASL,TUBA4A,HLA-DRB5,HSPA1L,HLA-C,FANCE,UBE2L6,TUBA1C,RSAD2,EIF2S1,RPS3A,PTPN6,SKP1,FCGR1A,ACTB,EIF3A,EIF4A2,RPS29,PPP2R5A,EIF4E2,TRIM8,TRIM26,KPNA2,RPS19,RPS8,DNAJC3,IFI6,TUBA1B,PTPN11,KPNA3,EIF3F,ICAM1,RPS13,CAMK2D,CUL1,NUP133,GBP6,GBP2,RPS3,RPS16,TUBB6,FNTB,RPS11	NS
hsa00190	ADDITIONAL_20	Oxidative phosphorylation	138	2.18477436949264	2.27046943967941e-08	3.29218068753515e-07	60	ATP6V1F,NDUFC2,NDUFA13,ATP6V1D,ATP6V1A,ATP6V0D2,NDUFA7,COX6B1,ATP6V1G1,COX7C,NDUFS5,NDUFB9,NDUFB4,ATP6AP1,COX7A2L,NDUFB6,UQCRC1,COX4I1,COX7A2,LHPP,NDUFC1,NDUFB5,NDUFB8,NDUFB2,COX7B,NDUFA2,NDUFA8,UQCRB,UQCR10,NDUFA3,ATP6V1B2,COX6A1,NDUFS6,NDUFS8,NDUFC2-KCTD14,PPA2,UQCRH,NDUFA11,NDUFA1,ATP6V0E1,NDUFB10,COX17,NDUFAB1,NDUFS4,ATP6V1E1,UQCRQ,NDUFS3,SDHB,NDUFB11,COX8A,NDUFB3,COX5A,NDUFV2,NDUFS7,UQCR11,NDUFA9,NDUFA5,NDUFB7,SDHC,ATP6V0B	2.85068275324591	1.53786952873923e-17	2.30680429310885e-16	76	ATP6V1G1,COX7A2L,ATP6V1F,ATP6AP1,NDUFC2-KCTD14,ATP6V1D,ATP6V1A,NDUFC2,UQCRC1,NDUFB5,NDUFB9,COX6B1,NDUFA7,ATP6V1B2,NDUFC1,NDUFA13,PPA2,NDUFS3,NDUFS4,COX7C,ATP6V0E1,SDHB,NDUFS5,NDUFB6,NDUFA8,NDUFB4,COX4I1,UQCRH,LHPP,NDUFB8,NDUFAB1,NDUFA2,ATP6V1E1,UQCR10,NDUFA1,NDUFB3,NDUFA12,NDUFB10,UQCR11,NDUFA5,ATP6V1H,NDUFB2,NDUFS6,UQCRQ,NDUFA9,NDUFV3,NDUFA6,ATP6V1C1,NDUFA3,NDUFB11,NDUFS1,COX15,COX6A1,UQCRB,COX7A2,COX8A,SDHC,SDHD,ATP6V0B,NDUFS8,NDUFB7,NDUFV2,COX5A,ATP6V0D1,COX6C,UQCRC2,COX7B,ATP6V0C,COX17,NDUFA11,ATP6V1E2,ATP6V1C2,UQCRFS1,PPA1,ATP6V0A2,COX5B	2.69841836421678	2.7837169364093e-15	8.35115080922791e-14	73	ATP6V1G1,COX7A2L,ATP6V1F,NDUFC2-KCTD14,ATP6V1A,ATP6V1D,ATP6AP1,NDUFC2,NDUFA7,NDUFB9,COX6B1,NDUFB5,UQCRC1,NDUFC1,ATP6V1B2,NDUFA13,PPA2,NDUFS4,COX7C,NDUFS5,NDUFA8,NDUFS3,LHPP,COX4I1,ATP6V0E1,NDUFB6,SDHB,NDUFA2,NDUFB4,UQCRH,UQCR10,NDUFA1,ATP6V1E1,NDUFB8,NDUFAB1,UQCR11,NDUFB10,NDUFB3,NDUFB2,NDUFA3,UQCRQ,NDUFA12,NDUFS6,NDUFA5,NDUFA6,ATP6V0D2,COX6A1,ATP6V1H,COX8A,NDUFB11,NDUFA9,UQCRB,NDUFB7,NDUFV3,ATP12A,NDUFS8,COX7A2,NDUFS1,ATP6V1C1,SDHD,NDUFV2,ATP6V0B,COX6C,SDHC,COX5A,COX15,COX17,COX7B,ATP6V0D1,NDUFA11,COX5B,ATP6V0C,UQCRC2	Up_tumor
hsa03030	ADDITIONAL_20	DNA replication	36	2.01404426755719	0.000988308462016968	0.00477682423308201	17	FEN1,MCM2,RNASEH2A,PCNA,MCM4,RPA2,SSBP1,RFC2,MCM5,PRIM1,MCM3,PRIM2,RNASEH2B,RPA3,POLE3,RPA1,MCM6	2.37193474424551	5.34455735171053e-07	2.00420900689145e-06	21	RPA2,MCM3,PCNA,FEN1,RFC2,POLE3,MCM2,MCM4,RPA1,RNASEH2A,SSBP1,PRIM2,RPA3,PRIM1,POLD4,MCM5,RNASEH2B,POLA1,MCM6,RFC5,RFC1	2.18376916362177	1.16530108687178e-05	4.99414751516478e-05	21	MCM4,MCM2,FEN1,PCNA,RPA2,MCM3,RFC2,RNASEH2A,POLE3,RPA1,SSBP1,PRIM2,PRIM1,RPA3,MCM5,MCM6,RNASEH2B,POLD4,RFC5,POLA1,RFC1	Up_tumor
hsa03050	ADDITIONAL_20	Proteasome	46	2.82143874636592	6.27882569491595e-09	1.82085945152562e-07	26	PSMB2,PSMB10,PSMB6,PSMB3,PSMA5,PSMD14,PSMB8,PSMF1,POMP,PSME1,PSMB9,PSMD9,PSMD8,PSMA6,PSMB1,PSMC3,PSMB5,PSMB7,PSMA2,PSMC2,IFNG,PSMB4,PSMA4,PSMD4,PSME2,PSMC4	2.81243310759039	1.04072287576751e-13	7.80542156825635e-13	34	PSMF1,PSMB2,PSMA5,PSMD14,PSMB6,PSMB3,PSMD8,POMP,PSME1,PSMD12,PSMD9,PSMC2,PSMB5,PSMC3,PSMD4,PSMB7,PSMB4,PSMA2,PSMA1,PSMB1,PSMA4,PSMC4,PSME3,PSMD13,SEM1,PSMD1,PSMB10,PSMB8,PSMA7,ADRM1,PSMD2,PSMA6,PSMC5,PSMD3	2.51577643359263	3.98848907703903e-09	2.99136680777927e-08	29	PSMF1,PSMB2,PSMA5,PSMD14,PSMB6,PSMB3,POMP,PSMD8,PSME1,PSMD9,PSMC2,PSMB5,PSMD12,PSMC3,PSMB8,PSMD4,PSMB7,PSMB10,PSMB4,PSMA2,PSMB1,SEM1,PSMC4,PSMA4,PSMA1,PSME3,PSMB9,PSMD13,PSMD1	Up_tumor
hsa03440	ADDITIONAL_20	Homologous recombination	41	-0.82699973540171	0.761043331931005	0.882810265039966	12	TOP3B,XRCC3,RAD52,UIMC1,MUS81,RAD54L,TOPBP1,TOP3A,ATM,RAD54B,SYCP3,RAD51D	1.5396745884041	0.0248382383635984	0.0438321853475266	21	RPA2,RPA1,BRCC3,SSBP1,RBBP8,RPA3,RAD51C,RAD51B,NBN,RAD51,BRIP1,SEM1,POLD4,BLM,BRCA2,PALB2,SYCP3,XRCC2,POLD3,RAD50,EME1	1.31107067355966	0.105347349177331	0.175578915295552	18	RPA2,BRCC3,RPA1,RBBP8,BRIP1,SSBP1,RAD51,RPA3,NBN,RAD51B,RAD51C,SEM1,SYCP3,BRCA2,BLM,POLD4,PALB2,XRCC2	Down_tumor
hsa04010	ORIGINAL_10	MAPK signaling pathway	301	-1.06981611173978	0.2758	0.638382315614592	115	FGF17,MAPK8IP3,PLA2G4B,FGF10,FGF7,MAP3K12,JMJD7-PLA2G4B,CACNA1H,HGF,CACNA1A,FLT4,PDGFRA,RASGRP2,MAP3K10,IKBKB,MKNK1,PDGFRB,IGF1,NGF,FGFR4,MAP3K8,FGFR1,MAPK12,EFNA5,MAPK11,NTRK1,MAP3K3,TGFBR2,CACNA1D,CACNB2,RASGRF2,MAP3K4,MAPK8IP2,ANGPT4,VEGFA,CACNA2D4,MAP3K6,IKBKG,TAOK2,CACNA1C,IL1R1,MAPK7,RPS6KA6,NFATC1,CDC25B,MAP4K2,RAC3,GADD45B,RPS6KA5,CACNA1F,RAF1,SOS1,IRAK1,EGF,TGFB3,CSF1,CACNA1B,PRKCA,MYC,IRAK4,TRAF6,ELK4,MAP3K14,MAP2K7,KITLG,GADD45G,RASGRP3,KIT,NTF3,RASA2,CACNA1G,PDGFD,PLA2G4F,TEK,NGFR,IGF2,MAPT,PLA2G4C,NR4A1,FGF22,FLT3LG,MEF2C,PLA2G4A,CACNB1,PPP3CC,RASGRP4,PTPN5,ARRB1,CACNA2D3,ANGPT1,FLT1,ARRB2,CACNA1I,ANGPT2,ERBB4,ATF4,KDR,FGF18,MAPK8IP1,BRAF,PDGFA,CACNA2D1,NFATC3,RAPGEF2,MRAS,HSPA6,CACNB4,MAP3K9,MAPK10,MAP4K3,TRADD,PDGFB,DUSP7,ARAF,MAP3K7	1.05687893060508	0.284012131715771	0.315569035239746	79	CDC42,GRB2,DUSP6,RAC1,PDGFC,MAP3K13,TP53,STMN1,MET,TGFA,MAPKAPK3,LAMTOR3,PPP3CA,MAPK13,ELK1,PAK2,PPP3CB,DUSP4,EFNA4,RPS6KA2,RAP1A,PRKACA,MAP2K4,EFNA3,TGFBR1,CASP3,PPP3R1,MAPK1,DUSP16,FGF1,NRAS,TAB2,MAPKAPK2,PAK1,PEA15,HSPA1L,MAP3K1,MAPK9,DAXX,NTRK2,TGFB1,MAP4K4,ERBB2,RPS6KA3,RASA1,GNG12,VEGFC,CRKL,DUSP5,AKT1,CRK,IL1RAP,RRAS2,NF1,MAP2K1,CD14,MAX,TAOK3,ATF2,INSR,MAPK14,PPP5C,MAP2K3,IL1B,CSF1R,EPHA2,FAS,DUSP10,BDNF,ERBB3,RPS6KA1,MAP3K5,RAC2,RASGRF1,SOS2,DUSP3,STK3,PTPRR,NFKB1	0.991341824509519	0.483483483483484	0.537203870537204	60	TGFA,DUSP6,MET,CDC42,DUSP4,GRB2,PDGFC,RASGRF1,STMN1,MAPK13,MAPKAPK3,TGFBR1,MAP3K13,TP53,RAC1,LAMTOR3,IL1RAP,EFNA4,EFNA3,RPS6KA2,PPP3CA,PAK2,ELK1,CACNG4,PPP3CB,MAPK1,DUSP5,PRKACA,FGF1,RAP1A,MAP3K1,NTRK2,DUSP16,NRAS,MAP2K4,RASA1,ERBB3,TAB2,CASP3,PPP3R1,PAK1,FGF20,RPS6KA3,TGFB1,PEA15,ERBB2,HSPA1L,MAP4K4,GNG12,BDNF,VEGFC,DUSP10,MAPK9,IL1B,MAPKAPK2,CD14,RAC2,EREG,MAP3K5,TGFB2	Down_tumor
hsa04064	ORIGINAL_10	NF-kappa B signaling pathway	105	-1.00925409633672	0.488344051446945	0.782419495213229	45	PLCG1,PIDD1,IKBKB,LAT,LBP,CCL21,TRAF5,CXCL12,CARD10,CARD14,TLR4,IKBKG,IL1R1,TRAF1,ZAP70,CFLAR,GADD45B,IRAK1,IRAK4,TRAF6,MAP3K14,TNFSF14,ATM,PLCG2,TRIM25,GADD45G,NFKBIA,TICAM2,TNFAIP3,TNFRSF11A,MALT1,CCL19,TAB3,LTBR,TRADD,MAP3K7,PRKCQ,BCL2,RELA,CHUK,CSNK2A3,TNFSF13B,RIPK1,TAB1,CXCL1	-0.770036426774694	0.930030257186082	0.930030257186082	17	IKBKB,PLCG1,PIDD1,LAT,CCL21,CARD14,CFLAR,LBP,IKBKG,TRAF5,CARD10,TRAF1,CXCL12,IL1R1,ZAP70,TRAF6,TLR4	-0.808996142014437	0.874576844955992	0.891121031746032	17	IKBKB,PLCG1,PIDD1,CARD14,IKBKG,CFLAR,LAT,CARD10,TRAF6,IL1R1,TRAF1,TRAF5,CXCL12,LBP,TLR4,TNFSF14,CCL21	Down_tumor
hsa04066	ADDITIONAL_20	HIF-1 signaling pathway	110	-0.947639851851972	0.623127199597788	0.782419495213229	41	PLCG1,NPPA,MKNK1,IGF1,TF,CAMK2G,EPAS1,ANGPT4,VEGFA,TLR4,NOS3,ALDOB,RPS6KB2,MTOR,EGF,PRKCA,LDHAL6A,RPS6KB1,PLCG2,CREBBP,PFKL,ENO2,TEK,ENO3,IL6R,ANGPT1,FLT1,STAT3,ANGPT2,PIK3CD,ARNT,CAMK2B,ALDOC,LTBR,HKDC1,PIK3R3,HK1,BCL2,RELA,TFRC,SERPINE1	1.32867622343754	0.0435702199661591	0.0653553299492386	32	PIK3R2,HK2,EIF4E,ELOC,ELOB,PIK3CB,IFNGR2,ENO1,EIF4E2,RPS6,GAPDH,MAPK1,SLC2A1,PDHB,CUL2,ENO3,ALDOA,ERBB2,CDKN1A,LDHB,PFKP,AKT1,RBX1,MAP2K1,HIF1A,INSR,CAMK2D,CYBB,EGLN1,TIMP1,HMOX1,VHL	0.993480735267585	0.468560330177228	0.537203870537204	30	PIK3R2,HK2,EIF4E,ELOB,PIK3CB,ELOC,MAPK1,IFNGR2,RPS6,SLC2A1,ENO1,GAPDH,CDKN1A,TIMP1,CYBB,ERBB2,PFKP,PDHB,EIF4E2,LDHB,ENO3,ALDOA,CUL2,RBX1,CAMK2D,HIF1A,HMOX1,MAP2K1,INSR,AKT1	Down_tumor
hsa04110	ORIGINAL_10	Cell cycle	158	1.75113988561816	4.30960826700103e-07	3.22243305058975e-06	39	E2F1,CDT1,CCND1,CDC45,BUB1,CCND2,CCNB2,CHEK1,MCM2,PKMYT1,MAD2L1,CDKN2B,PCNA,MCM4,CDC6,CDK7,NDC80,CDC25C,BUB1B,SFN,CCNB1,CDK1,AURKB,TTK,MAD2L2,ESCO2,PPP2R1A,TP53,CDCA5,MDM2,YWHAE,CDKN2A,YWHAZ,CDKN1A,CDK4,MCM5,TFDP2,CDC20,MCM3	2.54639675726145	8.26101897600944e-16	8.26101897600944e-15	95	CCND1,YWHAE,YWHAZ,PPP2CA,CDK4,PPP2R1A,GSK3B,MCM3,PCNA,CCNB1,YWHAB,CDK7,CCND2,MCM2,TP53,MAD2L1BP,MCM4,HDAC8,CHEK1,TFDP2,STAG2,CDT1,E2F1,PPP2R5E,MAD2L1,MAD1L1,PDS5A,HDAC2,ORC3,BUB1B,PPP2R5C,ANAPC10,CDK1,HDAC1,ESCO1,CCND3,PKMYT1,MAD2L2,CUL1,CDC23,ANAPC13,SKP1,CDKN2B,BUB1,CCNB2,CDC45,ANAPC11,ANAPC16,MDM2,TTK,CDC6,MCM5,RB1,PPP2R5A,NDC80,CDCA5,TGFB1,CDKN1A,MCM6,WEE1,YWHAQ,KNL1,WAPL,CCNH,ORC4,E2F3,ESCO2,RBX1,CDC25C,SMAD2,AURKB,ORC6,CDC27,CDC14A,SGO1,ORC5,CHEK2,SMC3,CDKN2C,TRIP13,CDC20,STAG1,CDKN2A,PDS5B,CDC26,ORC1,TGFB2,CDC25A,PRKDC,RBL1,YWHAG,ANAPC15,BUB3,SFN,RAD21	2.26000886433905	3.68093587708456e-11	3.68093587708456e-10	82	CCND1,YWHAE,YWHAZ,CDT1,E2F1,MCM4,MCM2,CCND2,PCNA,CDK4,PPP2CA,GSK3B,CCNB1,CDK7,MCM3,PPP2R1A,YWHAB,CHEK1,TP53,MAD2L1,HDAC8,MAD2L1BP,CDKN2B,SFN,STAG2,CDK1,BUB1B,MAD1L1,TFDP2,CDC45,BUB1,PDS5A,PKMYT1,MAD2L2,PPP2R5E,ORC3,HDAC2,CDC6,CCNB2,ESCO2,HDAC1,CCND3,NDC80,PPP2R5C,TTK,ANAPC10,CDKN2A,ESCO1,CDCA5,MCM5,RB1,CDKN1A,ANAPC11,MCM6,TGFB1,ANAPC13,KNL1,WEE1,CDC25C,MDM2,SKP1,AURKB,PPP2R5A,ORC6,CDC23,CCNA1,ANAPC16,CDC14A,RBX1,TGFB2,SGO1,CDKN2C,YWHAQ,WAPL,CUL1,TRIP13,E2F3,CCNH,PTTG1,SMC3,CHEK2,CDC25A	Up_tumor
hsa04115	ORIGINAL_10	p53 signaling pathway	75	1.89078439571939	1.44082244449581e-05	8.3567701780757e-05	24	CCND1,ZMAT3,PERP,BID,PMAIP1,CCND2,CCNB2,CHEK1,BBC3,RRM2,CD82,BAX,CCNG1,SFN,CCNB1,CDK1,TP53,MDM2,CDKN2A,CDKN1A,CDK4,BCL2L1,SHISA5,RRM2B	1.9596583826028	4.88219720351928e-05	0.000146465916105578	35	CCND1,CDK4,CCNG1,CCNB1,ZMAT3,CCND2,TP53,PERP,SHISA5,CHEK1,CD82,RRM2B,EI24,BAX,CDK1,CCNG2,BID,CASP3,CCND3,BBC3,BCL2L1,CCNB2,MDM2,RRM2,CDKN1A,PMAIP1,GTSE1,PPM1D,SESN1,CHEK2,FAS,DDB2,STEAP3,TNFRSF10A,CDKN2A	2.00524458054736	1.16146107212317e-05	4.99414751516478e-05	28	CCND1,ZMAT3,CCNG1,CCND2,CDK4,PERP,CCNB1,BID,CD82,CHEK1,TP53,PMAIP1,SFN,SHISA5,RRM2B,CDK1,BBC3,BAX,CCNG2,BCL2L1,CCNB2,EI24,RRM2,CCND3,CDKN2A,CASP3,CDKN1A,MDM2	Up_tumor
hsa04140	ADDITIONAL_20	Autophagy - animal	169	-0.766929297610013	0.940170085042521	0.973747588079754	57	ATG16L2,ATG4B,ULK1,TSC1,MAP1LC3A,GORASP1,MTMR4,TSC2,ATG2B,DAPK1,VPS16,C9orf72,VPS39,ITPR1,IRS4,CFLAR,MTMR3,RPS6KB2,TP53INP2,ATG9B,MTOR,ATG4D,RAF1,WIPI1,RPS6KB1,ATG12,CALCOCO2,TRAF6,EPG5,STX17,ATG14,IRS1,ATG16L1,PRKAA1,GABARAPL1,SUPT20H,UVRAG,PIK3CD,ATG2A,WDR45B,PRKAA2,PTEN,MAP1LC3C,STK11,CAMKK2,PLEKHM1,MRAS,MAPK10,ATG9A,PIK3R3,MAP3K7,WDFY3,PRKCQ,BCL2,DDIT4,TBK1,DEPTOR	1.97730181673002	4.50389987151753e-07	1.93024280207894e-06	64	RAB7A,PPP2CA,PIK3R2,TAX1BP1,VPS33A,VPS18,VAMP8,IGBP1,CTSD,RAB8A,NBR1,BECN1,LAMP2,CTSB,GORASP2,ATG5,LAMP1,UBB,SNAP29,AMBRA1,GABARAP,RRAGA,ATG3,ATG101,SH3GLB1,MAP1LC3B,GABARAPL2,PRKCD,PRKACA,PIK3CB,TANK,ATG10,MAPK1,UBA52,NRAS,EIF2S1,VPS11,BCL2L1,VPS41,SQSTM1,MAPK9,YKT6,RAB39B,RRAGC,EIF2AK4,WIPI2,RPTOR,ATG7,AKT1,RAB33B,CTSL,NRBF2,RRAS2,MAP2K1,HIF1A,UBC,HMGB1,MLST8,RAB1A,SMCR8,MAP1LC3B2,RHEB,PIK3R4,ATG4A	1.44856467969651	0.00475475475475476	0.010972510972511	57	PIK3R2,TAX1BP1,RAB7A,VAMP8,PPP2CA,VPS33A,VPS18,CTSD,IGBP1,CTSB,LAMP2,NBR1,RAB8A,BECN1,LAMP1,SNAP29,GORASP2,UBB,ATG5,GABARAP,AMBRA1,ATG101,RRAGA,RAB39B,PIK3CB,MAPK1,ATG3,GABARAPL2,PRKACA,TANK,MAP1LC3B,SH3GLB1,BCL2L1,PRKCD,ATG10,NRAS,UBA52,RRAGC,SQSTM1,VPS41,EIF2S1,VPS11,MAPK9,EIF2AK4,YKT6,HIF1A,RRAS2,RPTOR,RAB33B,MAP2K1,CTSL,RRAS,NRBF2,ATG7,PRKACB,DAPK2,AKT1	Down_tumor
hsa04150	ORIGINAL_10	mTOR signaling pathway	158	-1.06397580671634	0.339575405567795	0.656512450764404	39	LPIN3,WNT2B,WNT11,ULK1,IKBKB,ATP6V1C2,TSC1,WDR59,RNF152,IGF1,WNT6,LPIN1,TSC2,GRB10,WNT10B,FLCN,FZD9,DVL3,FZD4,TELO2,FZD10,RPS6KA6,STRADA,RPS6KB2,DVL2,RICTOR,MTOR,SGK1,ATP6V1B1,DEPDC5,RAF1,SOS1,FZD8,PRKCA,RPS6KB1,LRP6,PRR5,IRS1,PRKAA1	1.46599932204396	0.00463841450558718	0.00927682901117436	53	ATP6V1G1,GRB2,PIK3R2,ATP6V1F,GSK3B,ATP6V1D,ATP6V1A,LAMTOR3,RHOA,RRAGA,EIF4E,LAMTOR5,LAMTOR2,EIF4B,RPS6KA2,CAB39,SEC13,ATP6V1B2,MAPKAP1,PIK3CB,EIF4E2,RPS6,SEH1L,MAPK1,NRAS,FZD6,RRAGC,ATP6V1E1,RPS6KA3,RPTOR,ATP6V1H,LPIN2,ATP6V1C1,AKT1,FZD1,MAP2K1,WNT7B,TBC1D7,INSR,LAMTOR1,MLST8,WNT5A,RHEB,NPRL3,WNT3,LAMTOR4,RPS6KA1,FZD3,CLIP1,SLC3A2,SOS2,ATP6V1E2,ATP6V1C2	1.11994790299264	0.198456175298805	0.258855880824528	52	ATP6V1G1,PIK3R2,GRB2,ATP6V1F,ATP6V1A,GSK3B,ATP6V1D,LAMTOR3,RPS6KA2,LAMTOR2,RHOA,EIF4E,LAMTOR5,RRAGA,CAB39,PIK3CB,ATP6V1B2,EIF4B,MAPK1,WNT10A,FZD6,MAPKAP1,SEC13,RPS6,WNT7B,NRAS,RRAGC,RPS6KA3,FZD1,ATP6V1E1,SEH1L,WNT5A,EIF4E2,WNT3,LPIN2,WNT7A,ATP6V1H,TBC1D7,ATP6V1C1,RPTOR,MAP2K1,LAMTOR4,INSR,FZD3,AKT1,STRADB,CLIP1,LAMTOR1,NPRL3,RPS6KA1,RRAGD,MLST8	Down_tumor
hsa04151	ORIGINAL_10	PI3K-Akt signaling pathway	362	-1.06291607886192	0.286171382861714	0.638382315614592	121	FGF17,FGF10,THBS3,LAMA2,FGF7,LAMB2,HGF,TNXB,ITGA7,GHR,ITGA10,PCK1,FLT4,RELN,PDGFRA,IKBKB,TSC1,LPAR1,GNB3,PDGFRB,GYS2,IGF1,NGF,FGFR4,CHAD,COL6A1,EPOR,FGFR1,COL6A2,ITGA8,EFNA5,TSC2,COL4A3,ITGA5,COL6A3,NTRK1,ITGA2B,COL4A6,ITGA1,PPP2R5B,JAK2,PHLPP2,ANGPT4,LAMA3,LPAR2,CSF3R,VEGFA,TLR4,IKBKG,CASP9,OSMR,SGK2,NOS3,PKN3,VTN,RPS6KB2,CRTC2,PPP2R3B,COL4A5,LAMA5,COL4A4,GNG7,MTOR,SGK1,COL9A2,GNG11,RAF1,SOS1,COL6A6,EGF,IL7,CSF1,PRKCA,RPS6KB1,BCL2L11,MYC,LAMC3,KITLG,MAGI1,LAMA4,KIT,LAMB4,NTF3,IL7R,IRS1,THBS1,PRKAA1,MAGI2,THBS2,PDGFD,RBL2,TEK,NGFR,IGF2,COL9A3,PPP2R1B,NR4A1,FGF22,FLT3LG,VWF,IL6R,GH1,THEM4,CSF3,CDC37,ANGPT1,TNN,PKN2,FLT1,ANGPT2,ERBB4,ATF4,KDR,FGF18,PIK3CD,PIK3R5,PRKAA2,BRCA1,PTEN,CREB3L1,STK11	1.18251340401299	0.0705806173105979	0.0962462963326335	83	CCND1,YWHAE,YWHAZ,GRB2,PPP2CA,PIK3R2,CDK4,IFNAR1,LAMC2,PPP2R1A,GSK3B,GNB1,RAC1,YWHAB,GNG5,CCND2,PDGFC,TP53,MET,TGFA,EIF4E,PPP2R5E,CREB3,EIF4B,EFNA4,FN1,PPP2R5C,GNB5,EFNA3,G6PC3,PIK3CB,EIF4E2,GNB2,ITGA3,RPS6,SGK3,MAPK1,CCND3,FGF1,NRAS,BCL2L1,PPP2R3A,ITGA2,LPAR5,ITGAV,PPP2R2A,NTRK2,MDM2,PPP2R5A,GNG10,ERBB2,PTK2,CDKN1A,LAMB3,RPTOR,GNG12,HSP90AB1,VEGFC,YWHAQ,PKN1,PIK3AP1,AKT1,PCK2,LAMC1,IBSP,C8orf44-SGK3,MAP2K1,ITGA9,ATF2,INSR,F2R,ITGA6,ITGB6,CREB1,MLST8,SYK,CSF1R,SPP1,EPHA2,RHEB,BDNF,MCL1,ERBB3	1.12859216426862	0.114609929078014	0.180963045912654	80	CCND1,TGFA,MET,LAMB3,FN1,LAMC2,YWHAE,YWHAZ,LPAR5,PIK3R2,GRB2,CCND2,PDGFC,CDK4,PPP2CA,IFNAR1,GSK3B,ITGA2,PPP2R1A,GNG5,GNB1,YWHAB,TP53,RAC1,ITGA3,EFNA4,EFNA3,SGK3,EIF4E,GNB5,PIK3CB,PPP2R5E,EIF4B,MAPK1,PPP2R3A,FGF1,CREB3,G6PC3,BCL2L1,ITGAV,RPS6,C8orf44-SGK3,CCND3,GNB2,PPP2R5C,NTRK2,NRAS,SPP1,ERBB3,PIK3AP1,CDKN1A,FGF20,ITGA9,MDM2,ERBB2,ITGB4,ITGB6,GNG10,GNG12,BDNF,VEGFC,IBSP,PPP2R5A,EIF4E2,IL2RB,EREG,F2R,PKN1,EPHA2,PPP2R2A,COL1A1,LAMC1,YWHAQ,PCK2,CSF1R,PTK2,ITGB7,ITGB8,COL6A5,LPAR3	Down_tumor
hsa04210	ORIGINAL_10	Apoptosis	138	1.14563271734897	0.0534820837875419	0.221568632834102	19	CTSS,CTSH,BID,PMAIP1,CTSB,BBC3,CTSD,ACTG1,CTSC,BAX,HRK,PIK3R2,LMNB1,FADD,BIRC5,PARP4,DIABLO,TUBA1A,TP53	1.98226292106877	1.66718394009172e-06	5.55727980030574e-06	49	ACTG1,DIABLO,PIK3R2,XIAP,FADD,CTSD,TP53,CTSB,CTSS,DFFA,TUBA1A,CTSH,BAX,PARP4,PIK3CB,PARP1,CASP6,BID,CASP3,MAPK1,LMNB1,TUBA1C,ITPR2,NRAS,BBC3,EIF2S1,CTSC,CTSO,LMNA,BCL2L1,TUBA4B,MAPK9,TUBA1B,DAXX,ACTB,SPTAN1,CAPN1,AIFM1,BIRC2,LMNB2,PMAIP1,BIRC5,AKT1,CTSL,TUBA4A,MAP2K1,CTSZ,DAB2IP,HRK	1.81582871181977	3.17325438687645e-05	0.000105775146229215	55	ACTG1,PIK3R2,FADD,XIAP,DIABLO,CTSS,CTSH,CTSD,CTSB,BID,TP53,CTSC,PMAIP1,PARP4,HRK,TUBA1A,BBC3,ITPR2,BAX,PIK3CB,TUBA4B,MAPK1,CASP6,DFFA,LMNB1,BCL2L1,PARP1,NRAS,LMNA,CASP3,CTSO,BIRC5,TUBA4A,TUBA1C,EIF2S1,SPTAN1,ACTB,MAPK9,AIFM1,CAPN1,MAP3K5,TUBA1B,CTSV,BIRC2,DAB2IP,TNFRSF10A,FAS,LMNB2,CTSZ,MAP2K1,CTSL,CTSW,DAXX,BCL2A1,AKT1	Up_tumor
hsa04216	ADDITIONAL_20	Ferroptosis	42	0.905643244123759	0.645885286783042	0.782419495213229	19	GPX4,PRNP,SLC40A1,TP53,CYBB,MAP1LC3B2,GSS,HMOX1,NCOA4,SLC39A8,STEAP3,FTH1,ACSL3,PCBP1,ACSL4,SAT1,ATG7,ALOX15,ATG5	2.03764607818116	9.69027411319876e-05	0.000264280203087239	23	PCBP1,TP53,GPX4,ATG5,PRNP,GSS,NCOA4,MAP1LC3B,SLC40A1,ACSL3,PCBP2,ATG7,SLC39A8,ACSL4,SAT1,CYBB,VDAC2,MAP1LC3B2,HMOX1,STEAP3,SLC3A2,FTH1,GCLM	1.85012349164324	0.00123404315107905	0.0033655722302156	24	PRNP,GPX4,TP53,PCBP1,ATG5,SLC40A1,NCOA4,GSS,ACSL3,MAP1LC3B,CYBB,PCBP2,SLC39A8,ACSL4,SAT1,HMOX1,ATG7,FTH1,STEAP3,MAP1LC3B2,VDAC2,ACSL5,GCLM,SLC3A2	Up_tumor
hsa04218	ADDITIONAL_20	Cellular senescence	157	0.946465958760733	0.236823562880263	0.638382315614592	25	E2F1,CCND1,CCND2,CCNB2,CHEK1,CDKN2B,HLA-G,MYBL2,TGFBR1,PIK3R2,MAPK13,CCNB1,CDK1,HLA-A,TP53,MDM2,CDKN2A,CDKN1A,PPP1CA,CDK4,PPP1CB,CALM2,IL1A,RASSF5,CALM3	2.07949890178662	2.38162900138524e-08	1.19081450069262e-07	73	CCND1,PIK3R2,CDK4,RBBP4,CCNB1,PPP1CB,CCND2,TP53,PPP1CA,CALM2,CALM3,PPP3CA,MAPK13,CHEK1,PPP3CB,E2F1,LIN54,VDAC1,PPP1CC,PIK3CB,TGFBR1,CDK1,PPP3R1,MAPK1,ITPR2,CCND3,NRAS,NBN,CALM1,MAPKAPK2,SQSTM1,LIN9,CDKN2B,HLA-A,CCNB2,MDM2,RB1,FBXW11,TGFB1,CAPN1,CDKN1A,TRAF3IP2,MCU,RASSF5,AKT1,BTRC,E2F3,HLA-B,RRAS2,MYBL2,MAP2K1,SMAD2,HLA-C,MAPK14,ZFP36L1,MAP2K3,LIN52,SIRT1,VDAC2,CHEK2,RHEB,RAD50,HIPK2,NFKB1,CDKN2A,HLA-G,SLC25A6,RRAS,TGFB2,SLC25A4,CDC25A,NFATC2,RBL1	1.77125030833967	2.1587094168791e-05	8.09516031329663e-05	76	CCND1,PIK3R2,E2F1,CCND2,CDK4,CCNB1,MAPK13,PPP1CB,TGFBR1,CHEK1,CALM2,TP53,RBBP4,PPP1CA,CDKN2B,CALM3,PPP3CA,CDK1,LIN54,ITPR2,PIK3CB,PPP3CB,MAPK1,HLA-A,VDAC1,CCNB2,CCND3,NBN,NRAS,CDKN2A,HLA-B,PPP3R1,RB1,HLA-G,LIN9,PPP1CC,CDKN1A,SQSTM1,TGFB1,MDM2,CALM1,FBXW11,HLA-C,RASSF5,CCNA1,MYBL2,MAPKAPK2,MCU,CAPN1,TGFB2,ZFP36L1,RRAS2,TRAF3IP2,MAP2K1,E2F3,RRAS,CHEK2,CDC25A,AKT1,BTRC,SIRT1,IL1A,HIPK2,VDAC2,SMAD2,MAPK14,IGFBP3,RHEB,CXCL8,RAD50,MAP2K3,SLC25A4,SLC25A6,NFKB1,SLC25A5,NFATC2	Up_tumor
hsa04310	ORIGINAL_10	Wnt signaling pathway	178	-1.02791280613181	0.429000300210147	0.731824041534957	71	WNT2B,WNT11,PRICKLE4,SERPINF1,SFRP5,RSPO3,TCF7L1,WNT6,APC2,TLE1,DAAM2,TLE4,WNT10B,CAMK2G,FZD9,AXIN2,DVL3,INVS,NFATC4,FZD4,NKD2,TLE2,SOX17,PRICKLE3,FZD10,NFATC1,PRICKLE2,LGR5,DVL2,RAC3,NKD1,FZD8,ROCK2,CELSR3,PRKCA,MYC,CREBBP,LRP6,CSNK1E,TCF7L2,ROR2,PLCB3,ANKRD6,PPP3CC,PLCB1,TBL1Y,SFRP1,SMAD3,WNT9A,CAMK2B,SFRP2,TBL1X,FRZB,NFATC3,PLCB2,SMAD4,CTNND2,MAPK10,MAP3K7,TLE6,WNT16,BAMBI,WNT2,DAAM1,LGR6,CSNK2A3,MCC,SIAH1,APCDD1,PPARD,SFRP4	1.2602679101299	0.0537383177570094	0.0767690253671562	50	PSEN1,CCND1,GSK3B,RAC1,CCND2,TP53,CSNK2A1,RHOA,PPP3CA,PPP3CB,CSNK1A1,CTNNB1,PRKACA,PPP3R1,RUVBL1,CCND3,CSNK2B,CUL1,FZD6,SKP1,MAPK9,CSNK2A2,FBXW11,RYK,ZNRF3,CACYBP,AXIN1,FRAT1,GPC4,SENP2,BTRC,FZD1,RBX1,TLE3,RNF43,WNT7B,PRICKLE1,LGR4,CTBP1,CAMK2D,PORCN,CBY1,CTNNBIP1,SIRT1,WNT5A,WNT3,FZD3,TBL1XR1,CELSR2,RAC2	1.13890022042944	0.156997455470738	0.224282079243911	59	CCND1,PSEN1,CCND2,GSK3B,TP53,RAC1,MMP7,CTNNB1,CSNK2A1,PPP3CA,RHOA,PPP3CB,WNT10A,PRKACA,PRICKLE1,FZD6,CSNK1A1,CCND3,ZNRF3,WNT7B,PPP3R1,FZD1,GPC4,RNF43,RUVBL1,WNT5A,CSNK2B,FBXW11,SKP1,WNT3,MAPK9,LGR4,RAC2,PORCN,WNT7A,AXIN1,RYK,RBX1,TCF7,CSNK2A2,FRAT1,CAMK2D,CUL1,RSPO4,RSPO1,TLE3,SENP2,PRKACB,CELSR2,FZD3,CBY1,BTRC,SIRT1,CACYBP,APCDD1L,NOTUM,ROR1,DKK2,FZD2	Down_tumor
hsa04350	ADDITIONAL_20	TGF-beta signaling pathway	110	-0.937334650932559	0.647519582245431	0.782419495213229	52	CHRD,RGMA,TF,DCN,BMPR1B,BMP5,FST,LRRC32,TGFBR2,E2F4,SMAD9,BMP8A,RPS6KB2,AMH,FMOD,SMURF1,TGFB3,GDF6,RPS6KB1,MYC,CREBBP,SMAD6,TFR2,THBS1,ID3,ROCK1,PPP2R1B,GREM2,ACVR2A,ZFYVE16,SMAD3,LEMD3,SMAD7,SKI,GREM1,SMAD4,LEFTY1,INHBE,FBN1,NODAL,SMAD1,TFRC,BAMBI,BMP8B,ID4,GDF7,SMAD5,NBL1,ACVR1B,BMP4,TFDP1,ID1	1.21535763253605	0.113526060350285	0.14104134762634	38	PPP2CA,PPP2R1A,ACVR1,RHOA,ID2,TMEM53,HDAC2,TGFBR1,HDAC1,TGIF1,MAPK1,CUL1,SKP1,CDKN2B,TGFB1,SMURF2,HFE,BMP7,IGSF1,BMPR2,RBX1,THSD4,SMAD2,RGMB,NEO1,EMP3,NRROS,TGIF2,NCOR1,INHBB,SIN3A,SP1,TGFB2,ACVR2B,RBL1,GDF5,INHBA,HAMP	1.17969779445929	0.140214216163583	0.210321324245375	29	PPP2CA,ACVR1,PPP2R1A,IGSF1,TGFBR1,CDKN2B,ID2,TMEM53,RHOA,TGIF1,MAPK1,HDAC2,HDAC1,EMP3,TGFB1,THSD4,INHBB,SKP1,INHBA,SMURF2,BMP7,GDF5,HFE,BMPR2,RBX1,TGFB2,HAMP,RGMB,CUL1	Down_tumor
hsa04390	ADDITIONAL_20	Hippo signaling pathway	157	-0.766815684449546	0.932999499248873	0.973747588079754	32	WNT2B,WNT11,TCF7L1,TEAD4,WNT6,RASSF1,BMPR1B,APC2,BMP5,GLI2,TGFBR2,WNT10B,FZD9,SNAI2,RASSF6,AXIN2,DVL3,FZD4,NKD2,WWTR1,FZD10,BMP8A,DLG2,TEAD2,DVL2,AMH,FRMD6,NKD1,FZD8,TGFB3,GDF6,MYC	1.70956510819951	0.000153426264539118	0.000383565661347794	67	CCND1,ACTG1,YWHAE,YWHAZ,PPP2CA,PPP2R1A,GSK3B,CDH1,PPP1CB,YWHAB,CCND2,PPP1CA,MOB1A,ID2,CTNNA1,CTNNB1,SAV1,PPP1CC,TGFBR1,CCND3,FGF1,BBC3,WWC1,PARD6B,FZD6,PPP2R2A,NF2,ACTB,DLG3,AMOT,FBXW11,TGFB1,AXIN1,YWHAQ,BIRC2,BMP7,BMPR2,BIRC5,TP53BP2,BTRC,PATJ,FZD1,YAP1,WNT7B,SMAD2,MOB1B,TEAD1,ITGB2,AJUBA,WNT5A,WNT3,LLGL1,FZD3,PRKCI,STK3,TCF7,TGFB2,PARD3,YWHAG,GDF5,LEF1,DVL1,DLG1,YWHAH,LATS1,CRB2,WNT10A	1.72829026083372	5.93476133157761e-05	0.000178042839947328	54	CCND1,ACTG1,YWHAE,YWHAZ,CCND2,CDH1,PPP2CA,GSK3B,PPP2R1A,PPP1CB,YWHAB,TGFBR1,MOB1A,PPP1CA,ID2,CTNNB1,CTNNA1,AMOT,BBC3,SAV1,WNT10A,FGF1,FZD6,PARD6B,CCND3,WNT7B,WWC1,BIRC5,PPP1CC,ITGB2,TGFB1,FZD1,NF2,WNT5A,FBXW11,ACTB,TP53BP2,BMP7,GDF5,WNT3,TEAD1,DLG3,YAP1,BMPR2,WNT7A,AXIN1,TGFB2,PATJ,PPP2R2A,BIRC2,LLGL1,AJUBA,TCF7,YWHAQ	Down_tumor
hsa04510	ADDITIONAL_20	Focal adhesion	203	-0.982792383027502	0.557155715571557	0.782419495213229	56	MYL7,MYL2,THBS3,LAMA2,LAMB2,HGF,TNXB,ITGA7,ITGA10,PPP1R12C,FLT4,RELN,PDGFRA,PAK3,PDGFRB,IGF1,CHAD,COL6A1,SHC2,COL6A2,ITGA8,PPP1R12B,COL4A3,ITGA5,COL6A3,MYLK4,ITGA2B,COL4A6,ITGA1,LAMA3,VEGFA,MYLK,VTN,COL4A5,LAMA5,RAC3,COL4A4,COL9A2,RAF1,SOS1,COL6A6,EGF,ROCK2,MYL5,PRKCA,LAMC3,LAMA4,PPP1R12A,PARVB,LAMB4,THBS1,THBS2,PDGFD,TLN2,COL9A3,ROCK1	1.47583361156996	0.00377381824513681	0.00808675338243603	57	CDC42,CCND1,ACTG1,GRB2,PIK3R2,XIAP,LAMC2,MYL12B,GSK3B,ACTN4,RAC1,PPP1CB,CCND2,PDGFC,PPP1CA,MET,MYL12A,RHOA,ELK1,PAK2,CTNNB1,FN1,RAP1A,PPP1CC,PIK3CB,FYN,ITGA3,VASP,MAPK1,CCND3,ARHGAP5,PAK1,ITGA2,MAPK9,ITGAV,PAK6,ACTB,DIAPH1,ERBB2,PTK2,LAMB3,ARHGAP35,VEGFC,CRKL,BIRC2,AKT1,CRK,LAMC1,BUB1B-PAK6,VAV2,IBSP,MAP2K1,ITGA9,ITGA6,ITGB6,PAK4,SRC	1.4288019954905	0.00520224078491401	0.0111476588248157	64	CCND1,MET,CDC42,LAMB3,FN1,LAMC2,ACTG1,PIK3R2,GRB2,XIAP,CCND2,PDGFC,RASGRF1,MYL12B,GSK3B,ITGA2,PPP1CB,ACTN4,MYL12A,PPP1CA,RAC1,ITGA3,CTNNB1,PAK2,ELK1,RHOA,FYN,PIK3CB,MAPK1,VASP,RAP1A,ITGAV,CCND3,SPP1,ARHGAP5,PAK6,PAK1,PPP1CC,SHC3,ITGA9,ERBB2,ITGB4,ITGB6,BUB1B-PAK6,DIAPH1,ACTB,VEGFC,IBSP,ARHGAP35,MAPK9,RAC2,SHC4,COL1A1,BIRC2,LAMC1,CRKL,PTK2,ITGB7,ITGB8,COL6A5,MAP2K1,ITGA6,SRC,VAV2	Down_tumor
hsa04512	ADDITIONAL_20	ECM-receptor interaction	89	-1.24782900423867	0.0870091854244474	0.315408297163622	35	THBS3,LAMA2,LAMB2,TNXB,ITGA7,ITGA10,RELN,CHAD,CD36,SV2B,COL6A1,COL6A2,ITGA8,COL4A3,ITGA5,COL6A3,GP6,ITGA2B,COL4A6,ITGA1,LAMA3,FREM1,FRAS1,VTN,COL4A5,LAMA5,COL4A4,COL9A2,COL6A6,HSPG2,LAMC3,LAMA4,LAMB4,THBS1,THBS2	-1.22922130245548	0.117534456355283	0.14104134762634	26	THBS3,LAMA2,RELN,ITGA2B,TNXB,CHAD,ITGA7,ITGA10,CD36,LAMA3,SV2B,COL4A6,COL6A1,GP6,COL4A3,ITGA8,FREM1,ITGA1,GP1BB,ITGA5,LAMB2,COL6A3,FRAS1,COL6A2,VTN,COL6A6	0.964673569203266	0.522051773729626	0.559341186138885	24	LAMB3,FN1,LAMC2,SDC4,SDC1,ITGA2,CD44,ITGA3,DAG1,ITGAV,HMMR,CD47,AGRN,SPP1,ITGA9,SV2A,ITGB4,ITGB6,IBSP,COL1A1,LAMC1,ITGB7,ITGB8,COL6A5	Down_tumor
hsa04612	ADDITIONAL_20	Antigen processing and presentation	82	2.44021291067635	4.44473524219276e-07	3.22243305058975e-06	25	CTSS,IFI30,CTSB,HLA-DQB2,HLA-DMB,HLA-G,HLA-DQA2,HLA-DRA,HLA-DPB1,HLA-A,HLA-DQA1,B2M,CD74,HLA-DQB1,HLA-DPA1,HSPA4,PSME1,CD4,HLA-DRB5,PDIA3,HLA-DRB1,HLA-B,HLA-DOA,HLA-DOB,HSPA1L	2.35902406519742	1.26030908428038e-08	7.5618545056823e-08	37	HSPA4,CTSB,CTSS,PSME1,IFI30,HLA-DMB,RFX5,PSME3,CANX,HLA-A,HSPA1L,HSP90AB1,RFXANK,HLA-DRA,B2M,PDIA3,HLA-DPB1,CD74,CTSL,HLA-B,CD4,HLA-DPA1,HLA-C,HLA-DQB2,HLA-DQB1,CREB1,CALR,TAPBP,HLA-DRB1,HLA-DQA2,HLA-DRB5,HLA-DQA1,HSPA5,HLA-G,HSPA8,TAP1,HSP90AA1	2.33273592639772	2.05035285520429e-08	1.23021171312257e-07	39	CTSS,CTSB,IFI30,HSPA4,HLA-DQB2,PSME1,HLA-DMB,HLA-DRA,HLA-A,HLA-DPB1,HLA-DQB1,HLA-DPA1,CD74,B2M,HLA-B,HLA-G,CANX,RFX5,HLA-DQA1,HLA-DRB1,HLA-DQA2,HLA-DRB5,HSPA1L,HLA-C,PSME3,HLA-DOA,RFXANK,CD4,PDIA3,CTSL,HSP90AB1,TAP1,CALR,TAPBP,CREB1,HLA-DMA,HSPA5,HSPA8,CD8B	Up_tumor
hsa04620	ADDITIONAL_20	Toll-like receptor signaling pathway	109	0.947708133990424	0.594594594594595	0.782419495213229	16	IKBKE,TLR7,CCL3,PIK3R2,MAPK13,CD86,CXCL11,SPP1,IL1B,FADD,STAT1,CXCL10,CCL4L2,IRF5,CCL3L3,IFNAR1	1.46432248523234	0.0145723336853221	0.0273231256599789	54	PIK3R2,FADD,IFNAR1,RAC1,MAPK13,TOLLIP,IKBKE,MAP2K4,PIK3CB,MAPK1,TAB2,STAT1,MAPK9,TICAM1,IRF5,AKT1,TLR7,MAP2K1,CD14,CD86,CCL3,MAPK14,MAP2K3,IL1B,SPP1,TLR3,JAK1,IFNA1,TIRAP,TBK1,NFKB1,CXCL10,CXCL11,CCL4L2,FOS,MYD88,IFNA13,TLR8,TLR5,TLR1,CD40,TRAF3,PIK3CA,TLR2,CCL5,CCL3L3,CXCL8,CXCL9,IFNA8,MAP3K7,IFNAR2,CCL4,JUN,MAPK3	1.31947311395742	0.0470873786407767	0.0830953740719589	45	PIK3R2,FADD,IFNAR1,MAPK13,RAC1,IKBKE,TOLLIP,PIK3CB,STAT1,MAPK1,SPP1,MAP2K4,TLR7,CD86,IRF5,TAB2,CCL3,TICAM1,MAPK9,IL1B,CXCL11,CD14,CCL4L2,CXCL10,TLR3,CXCL9,MAP2K1,TLR8,CCL5,AKT1,CD40,MAPK14,CCL3L3,JAK1,TLR1,IFNA1,CXCL8,FOS,CCL4,MAP2K3,TLR2,NFKB1,LY96,MYD88,TNF	Up_tumor
hsa04630	ADDITIONAL_20	JAK-STAT signaling pathway	168	-0.836674143896236	0.846608556256888	0.944294158901914	37	GHR,PDGFRA,AOX1,LIFR,PDGFRB,THPO,IL20RB,TYK2,EPOR,SOCS2,IL15RA,CNTFR,IL11RA,JAK2,STAT2,CSF3R,OSMR,LEPR,IL20RA,MTOR,RAF1,PIAS3,SOS1,EGF,IL7,MYC,PIM1,PIAS1,CREBBP,IL7R,STAT6,FHL1,IL15,IL12A,GFAP,IL6R,GH1	0.861042085617773	0.818297063173463	0.846514203282893	30	CCND1,GRB2,PIK3R2,IFNAR1,CCND2,IL13RA1,PIK3CB,IFNGR2,CCND3,PTPN6,BCL2L1,STAM,STAT1,IL10RB,IFNLR1,CDKN1A,IL27RA,AKT1,PTPN11,STAM2,SOCS1,SOCS6,CSF2,IL22RA2,MCL1,CTF1,IL2RB,JAK1,IFNA1,SOS2	0.833228621449998	0.891121031746032	0.891121031746032	23	CCND1,PIK3R2,GRB2,CCND2,IFNAR1,IL13RA1,CSF2,CRLF2,STAM,PIK3CB,STAT1,IFNGR2,BCL2L1,IL27RA,CCND3,IFNLR1,CDKN1A,SOCS1,CTF1,PTPN6,IL10RB,IL2RB,IL22RA2	Down_tumor
hsa04657	ADDITIONAL_20	IL-17 signaling pathway	94	1.07541922134872	0.280373831775701	0.638382315614592	14	CSF2,CCL17,MMP9,IKBKE,FOSB,MAPK13,LCN2,IL1B,FADD,MMP1,CXCL5,CXCL10,CCL20,CCL7	0.905930178432013	0.668352296670881	0.716091746433087	32	ELAVL1,FADD,GSK3B,MAPK13,IKBKE,CASP3,MAPK1,TAB2,MAPK9,MAPK6,HSP90AB1,TRAF3IP2,FOSB,CSF2,MAPK14,MMP9,IL1B,TBK1,NFKB1,MMP13,CXCL10,LCN2,CCL17,HSP90AA1,FOS,MMP1,IL17RE,JUND,IL17C,CCL20,TRAF3,CXCL5	0.988069325675527	0.469914040114613	0.537203870537204	19	FADD,GSK3B,ELAVL1,MAPK13,IKBKE,CCL17,CSF2,MAPK1,MMP9,LCN2,CCL20,MMP13,TAB2,CASP3,FOSB,MAPK6,MAPK9,IL1B,CXCL5	Up_tumor
hsa04668	ADDITIONAL_20	TNF signaling pathway	119	-0.655552604592911	0.980236757624398	0.980236757624398	46	IKBKB,MLKL,MAP3K8,MAPK12,TRAF5,MAPK11,BCL3,IKBKG,TRAF1,DNM1L,RIPK3,CFLAR,RPS6KA5,RHBDF1,JAG1,CSF1,MAP3K14,MAP2K7,SELE,IL15,NFKBIA,TNFAIP3,RHBDF2,CEBPB,FRMD8,MMP3,ATF4,PIK3CD,CREB3L1,TAB3,MAPK10,CCL2,TRADD,ATF6B,PIK3R3,MAP3K7,RELA,IL18R1,SOCS3,CHUK,IL6,RIPK1,TAB1,EDN1,CXCL1,CASP8	1.21608514185123	0.109614980012624	0.14104134762634	35	PIK3R2,XIAP,FADD,BAG4,MAPK13,CREB3,MAP2K4,PGAM5,PIK3CB,CASP3,MAPK1,TAB2,MAPK9,VEGFC,BIRC2,ADAM17,AKT1,MAP2K1,ATF2,CX3CL1,CSF2,DAB2IP,MAPK14,MMP9,CREB1,MAP2K3,IL1B,FAS,MAP3K5,ITCH,NFKB1,ICAM1,CXCL10,RPS6KA4,TNFRSF1B	1.01729092419533	0.405445180279617	0.506806475349522	35	PIK3R2,FADD,XIAP,MAPK13,BAG4,CSF2,PIK3CB,MAPK1,CREB3,MMP9,PGAM5,MAP2K4,CCL20,TAB2,CASP3,VEGFC,MAPK9,IL1B,CXCL5,MAP3K5,BIRC2,ICAM1,DAB2IP,FAS,CXCL10,CX3CL1,MAP2K1,CCL5,AKT1,TNFRSF1B,ADAM17,ATF2,CXCL2,MAPK14,CREB1	Down_tumor
hsa04919	ORIGINAL_10	Thyroid hormone signaling	122	-0.994616651484511	0.522018256595446	0.782419495213229	42	MYH7,PLCG1,MYH6,KAT2A,ATP2A1,DIO3,TSC2,RXRB,PLN,ATP1A2,TBC1D4,NOTCH1,NOTCH4,MED13L,MED24,CASP9,PLCD4,MED12,PFKFB2,MTOR,RAF1,PRKCA,MYC,HDAC3,NOTCH3,PLCG2,CREBBP,PFKL,ATP2A3,PLCB3,KAT2B,PLCE1,THRB,PLCB1,FXYD2,RCAN2,NCOA1,NCOA3,MED14,DIO1,PIK3CD,SLCO1C1	1.33012037666336	0.0373024236037935	0.0588985635849371	29	CCND1,ACTG1,PIK3R2,GSK3B,TP53,MED4,CTNNB1,HDAC2,MED27,PRKACA,ATP1B1,PIK3CB,HDAC1,MED13,MAPK1,SLC2A1,NRAS,SLC9A1,STAT1,ITGAV,PLCD3,MDM2,ACTB,PFKP,AKT1,MED1,RXRG,MAP2K1,HIF1A	1.15693691239913	0.165805658056581	0.22609862462261	25	RXRG,CCND1,ACTG1,PIK3R2,GSK3B,PLCD3,TP53,CTNNB1,MED13,PIK3CB,MED27,STAT1,ATP1B1,MAPK1,MED4,PRKACA,HDAC2,ITGAV,HDAC1,SLC2A1,NRAS,SLC9A1,MDM2,PFKP,ACTB	Down_tumor
hsa05216	ORIGINAL_10	Thyroid cancer	37	1.04282117426549	0.388655462184874	0.704438025210084	10	CCND1,RXRG,CDH1,BAX,TP53,CDKN1A,NCOA4,TPM3,TCF7,CTNNB1	1.50659873577784	0.0332149571756841	0.0553582619594736	13	CCND1,CDH1,TP53,TPM3,CTNNB1,NCOA4,BAX,MAPK1,NRAS,CCDC6,CDKN1A,RXRG,MAP2K1	1.55797995528654	0.0208711433756806	0.0391333938294011	12	RXRG,CCND1,CDH1,TP53,CTNNB1,NCOA4,TPM3,BAX,MAPK1,NRAS,CDKN1A,CCDC6	Up_tumor
