network	algorithm	gene	module
panel30	walktrap	DVL2	84
panel30	walktrap	CX3CL1	81
panel30	walktrap	CD74	177
panel30	walktrap	CD4	4
panel30	walktrap	PPP5C	11
panel30	walktrap	COX15	62
panel30	walktrap	RB1CC1	5
panel30	walktrap	GABARAPL2	30
panel30	walktrap	PSMA4	110
panel30	walktrap	DCN	16
panel30	walktrap	RFC2	52
panel30	walktrap	PSMC4	110
panel30	walktrap	ICAM3	9
panel30	walktrap	CEACAM1	185
panel30	walktrap	TNFRSF1A	48
panel30	walktrap	BCL3	7
panel30	walktrap	TRIP13	13
panel30	walktrap	NGFR	11
panel30	walktrap	NDUFB4	62
panel30	walktrap	PLOD1	140
panel30	walktrap	ITGB4	47
panel30	walktrap	UQCRC1	62
panel30	walktrap	CDC6	32
panel30	walktrap	AAAS	74
panel30	walktrap	MAPK13	91
panel30	walktrap	VCL	38
panel30	walktrap	SIRT1	3
panel30	walktrap	PSMD8	110
panel30	walktrap	NDUFB7	62
panel30	walktrap	MAPK12	60
panel30	walktrap	OSM	8
panel30	walktrap	MAPK1	20
panel30	walktrap	MCM5	32
panel30	walktrap	TAB1	11
panel30	walktrap	IL2RB	73
panel30	walktrap	RBX1	11
panel30	walktrap	RIPK3	92
panel30	walktrap	NID2	46
panel30	walktrap	GZMB	193
panel30	walktrap	POLE2	32
panel30	walktrap	ATP6V1D	53
panel30	walktrap	PSMA3	110
panel30	walktrap	NFKBIA	110
panel30	walktrap	PSME2	110
panel30	walktrap	MYBL2	13
panel30	walktrap	CSNK2A1	72
panel30	walktrap	SNTA1	33
panel30	walktrap	STAG2	85
panel30	walktrap	TIMP1	25
panel30	walktrap	MMP2	25
panel30	walktrap	ORC6	32
panel30	walktrap	CCL17	10
panel30	walktrap	PARD6A	26
panel30	walktrap	PSMD7	110
panel30	walktrap	TSC2	51
panel30	walktrap	VPS18	2
panel30	walktrap	TNFRSF10A	48
panel30	walktrap	PPP2CB	21
panel30	walktrap	RELB	7
panel30	walktrap	RNASEH2A	170
panel30	walktrap	TGFB1	153
panel30	walktrap	CDC37	11
panel30	walktrap	EPOR	8
panel30	walktrap	PIK3R2	159
panel30	walktrap	LAMB1	46
panel30	walktrap	ITGB8	17
panel30	walktrap	CAV2	4
panel30	walktrap	PCOLCE	142
panel30	walktrap	PLOD3	140
panel30	walktrap	RPA3	70
panel30	walktrap	PSMA2	110
panel30	walktrap	ACTA2	101
panel30	walktrap	RPS6KB1	11
panel30	walktrap	CCL2	138
panel30	walktrap	CCL13	10
panel30	walktrap	KAT2A	1
panel30	walktrap	COL1A1	55
panel30	walktrap	NFKB1	7
panel30	walktrap	CCND1	32
panel30	walktrap	IL10RA	203
panel30	walktrap	IL23A	202
panel30	walktrap	MYL2	173
panel30	walktrap	GNB3	81
panel30	walktrap	COX6A1	62
panel30	walktrap	FBXO5	63
panel30	walktrap	MAPK14	14
panel30	walktrap	HLA-DOA	177
panel30	walktrap	LAMA4	130
panel30	walktrap	LOX	17
panel30	walktrap	SKP1	66
panel30	walktrap	NPRL2	23
panel30	walktrap	GNB4	199
panel30	walktrap	NDUFS7	62
panel30	walktrap	ORC2	32
panel30	walktrap	PPP3R1	21
panel30	walktrap	MAD2L2	1
panel30	walktrap	CTSD	59
panel30	walktrap	FZD3	44
panel30	walktrap	ACVR2A	49
panel30	walktrap	FLT3	105
panel30	walktrap	INHBA	139
panel30	walktrap	ACVR1C	71
panel30	walktrap	PLCG1	4
panel30	walktrap	EREG	4
panel30	walktrap	IRF1	11
panel30	walktrap	FOSB	166
panel30	walktrap	VASP	38
panel30	walktrap	CDC25B	51
panel30	walktrap	RRAS	20
panel30	walktrap	CANX	80
panel30	walktrap	TRAF2	11
panel30	walktrap	TICAM1	48
panel30	walktrap	HSPB1	11
panel30	walktrap	GNG11	81
panel30	walktrap	YWHAH	51
panel30	walktrap	RAC2	6
panel30	walktrap	LIF	161
panel30	walktrap	ATP1B2	172
panel30	walktrap	PARP2	129
panel30	walktrap	EGLN3	163
panel30	walktrap	MED17	15
panel30	walktrap	NDUFA2	62
panel30	walktrap	COLGALT1	124
panel30	walktrap	ACTN4	38
panel30	walktrap	NDUFA10	62
panel30	walktrap	JUND	166
panel30	walktrap	LAMA5	46
panel30	walktrap	SESN2	23
panel30	walktrap	ATP6V1E1	53
panel30	walktrap	RPA1	1
panel30	walktrap	JAG1	164
panel30	walktrap	CCNA1	32
panel30	walktrap	KRAS	20
panel30	walktrap	EIF2S1	181
panel30	walktrap	CCNB1	13
panel30	walktrap	CDK7	15
panel30	walktrap	VHL	11
panel30	walktrap	LAMTOR5	23
panel30	walktrap	NOTCH2	7
panel30	walktrap	PDGFRA	8
panel30	walktrap	APC	29
panel30	walktrap	ADAM19	175
panel30	walktrap	HRK	64
panel30	walktrap	ORC3	67
panel30	walktrap	CDK4	90
panel30	walktrap	ESPL1	13
panel30	walktrap	HTRA2	11
panel30	walktrap	MDM2	11
panel30	walktrap	LAMC1	46
panel30	walktrap	WNT10A	19
panel30	walktrap	CAB39	168
panel30	walktrap	COX5B	62
panel30	walktrap	MED4	15
panel30	walktrap	HUS1	52
panel30	walktrap	SRSF1	83
panel30	walktrap	BRIP1	31
panel30	walktrap	NDUFB5	62
panel30	walktrap	TANK	11
panel30	walktrap	STX17	2
panel30	walktrap	PSMB7	110
panel30	walktrap	CCL21	10
panel30	walktrap	RIPK1	11
panel30	walktrap	HLA-F	65
panel30	walktrap	TLR2	77
panel30	walktrap	MMP7	25
panel30	walktrap	THBS1	17
panel30	walktrap	ADAM10	60
panel30	walktrap	TOPBP1	31
panel30	walktrap	BARD1	31
panel30	walktrap	ITGAV	17
panel30	walktrap	COL8A1	207
panel30	walktrap	PSMC1	110
panel30	walktrap	LRP6	156
panel30	walktrap	LMNB1	174
panel30	walktrap	PPP2R5A	21
panel30	walktrap	TRAF5	11
panel30	walktrap	PSMA6	110
panel30	walktrap	PALB2	62
panel30	walktrap	LPIN2	169
panel30	walktrap	NDC80	13
panel30	walktrap	PSMD11	110
panel30	walktrap	TAOK1	205
panel30	walktrap	CDH1	7
panel30	walktrap	CSNK1A1	3
panel30	walktrap	PDGFRB	103
panel30	walktrap	ANAPC5	63
panel30	walktrap	GNB5	109
panel30	walktrap	LOXL1	112
panel30	walktrap	FLT4	75
panel30	walktrap	PIK3C3	148
panel30	walktrap	MCM4	32
panel30	walktrap	RBL2	61
panel30	walktrap	WIPI1	200
panel30	walktrap	WDR59	74
panel30	walktrap	SMAD7	71
panel30	walktrap	SMAD2	3
panel30	walktrap	RHEB	89
panel30	walktrap	PSMB1	110
panel30	walktrap	ELOB	11
panel30	walktrap	TELO2	23
panel30	walktrap	AXIN1	29
panel30	walktrap	CREBBP	3
panel30	walktrap	TRAF4	98
panel30	walktrap	ITGA2B	17
panel30	walktrap	SMURF2	71
panel30	walktrap	CSNK2A2	39
panel30	walktrap	CCNE1	32
panel30	walktrap	PHLPP1	150
panel30	walktrap	PIK3R3	159
panel30	walktrap	TIMP2	25
panel30	walktrap	RRAGB	23
panel30	walktrap	E2F3	61
panel30	walktrap	MAP2K2	20
panel30	walktrap	MAPK3	162
panel30	walktrap	MAP3K8	7
panel30	walktrap	PRKCQ	78
panel30	walktrap	EP300	3
panel30	walktrap	IL27RA	65
panel30	walktrap	PPP1R12C	76
panel30	walktrap	BIRC3	48
panel30	walktrap	POLD3	1
panel30	walktrap	EPAS1	163
panel30	walktrap	KAT2B	34
panel30	walktrap	NDUFS3	62
panel30	walktrap	IL7	73
panel30	walktrap	STAM2	110
panel30	walktrap	KDR	4
panel30	walktrap	PIK3CA	4
panel30	walktrap	SLC9A1	128
panel30	walktrap	ATF2	3
panel30	walktrap	LAMC2	42
panel30	walktrap	MCM6	32
panel30	walktrap	NID1	50
panel30	walktrap	CD80	96
panel30	walktrap	YWHAE	106
panel30	walktrap	RAPGEF2	36
panel30	walktrap	FNIP2	23
panel30	walktrap	FGF2	18
panel30	walktrap	WNT5A	19
panel30	walktrap	THRA	34
panel30	walktrap	PSMD3	110
panel30	walktrap	ATP6V0A1	53
panel30	walktrap	STAT3	8
panel30	walktrap	ITGA9	17
panel30	walktrap	ICAM1	9
panel30	walktrap	SDHA	176
panel30	walktrap	ZAP70	4
panel30	walktrap	MCM2	32
panel30	walktrap	VCAN	16
panel30	walktrap	FBXW11	7
panel30	walktrap	TNC	135
panel30	walktrap	CASP6	48
panel30	walktrap	EGF	4
panel30	walktrap	NBN	31
panel30	walktrap	POLA2	1
panel30	walktrap	TCIRG1	53
panel30	walktrap	DBF4	32
panel30	walktrap	CDK6	90
panel30	walktrap	MAPKAP1	187
panel30	walktrap	DAXX	43
panel30	walktrap	CACNA1C	115
panel30	walktrap	NDUFA9	62
panel30	walktrap	CDK2	32
panel30	walktrap	ITGB7	17
panel30	walktrap	ERBB3	4
panel30	walktrap	RB1	61
panel30	walktrap	VPS33A	2
panel30	walktrap	PXN	38
panel30	walktrap	BCL2A1	64
panel30	walktrap	UQCRC2	62
panel30	walktrap	NDUFB10	62
panel30	walktrap	NCOR1	3
panel30	walktrap	TP53	11
panel30	walktrap	ERBB2	4
panel30	walktrap	IFNAR1	8
panel30	walktrap	ECSIT	62
panel30	walktrap	PSMB6	110
panel30	walktrap	PSMA5	110
panel30	walktrap	ATP6V1C2	53
panel30	walktrap	RPS27A	110
panel30	walktrap	LIMD1	11
panel30	walktrap	ATP6V1A	53
panel30	walktrap	FTH1	183
panel30	walktrap	NDUFS6	62
panel30	walktrap	OSMR	8
panel30	walktrap	RASA1	20
panel30	walktrap	SCUBE3	120
panel30	walktrap	GNA12	154
panel30	walktrap	EGFR	4
panel30	walktrap	CDCA5	13
panel30	walktrap	NDUFB11	62
panel30	walktrap	ATP6V1B2	53
panel30	walktrap	TNFRSF10B	48
panel30	walktrap	NDUFB9	62
panel30	walktrap	CDKN2B	14
panel30	walktrap	NRBF2	5
panel30	walktrap	PAK1	17
panel30	walktrap	ATM	31
panel30	walktrap	LAMTOR1	23
panel30	walktrap	MYL9	218
panel30	walktrap	CTF1	161
panel30	walktrap	NDUFC2	62
panel30	walktrap	SLC25A4	145
panel30	walktrap	MED13L	15
panel30	walktrap	TCF7L1	3
panel30	walktrap	ATG10	45
panel30	walktrap	FLT1	18
panel30	walktrap	NIPBL	85
panel30	walktrap	ITGB6	17
panel30	walktrap	ATG3	37
panel30	walktrap	LY96	77
panel30	walktrap	APP	17
panel30	walktrap	FLCN	23
panel30	walktrap	CASP10	48
panel30	walktrap	CSF1R	104
panel30	walktrap	GDF6	216
panel30	walktrap	BUB1B	13
panel30	walktrap	ZFYVE9	108
panel30	walktrap	PPARG	214
panel30	walktrap	KIT	54
panel30	walktrap	CCNB2	13
panel30	walktrap	WIPI2	171
panel30	walktrap	SMAD6	71
panel30	walktrap	WNT4	44
panel30	walktrap	ACTC1	101
panel30	walktrap	RFX5	212
panel30	walktrap	PSMB4	110
panel30	walktrap	ATP6V0D1	53
panel30	walktrap	TNFRSF13C	213
panel30	walktrap	MED27	15
panel30	walktrap	FGFR4	211
panel30	walktrap	COX7A1	62
panel30	walktrap	BAX	64
panel30	walktrap	STAT5B	8
panel30	walktrap	PSME3	110
panel30	walktrap	ITGA5	102
panel30	walktrap	WDR24	59
panel30	walktrap	VCAM1	17
panel30	walktrap	NCSTN	7
panel30	walktrap	CAPN2	41
panel30	walktrap	INHBB	125
panel30	walktrap	PRKCI	26
panel30	walktrap	WDFY3	37
panel30	walktrap	CXCL3	10
panel30	walktrap	CXCL5	10
panel30	walktrap	ITGB5	17
panel30	walktrap	RUBCN	5
panel30	walktrap	MAD2L1	13
panel30	walktrap	IL15	73
panel30	walktrap	ITGA2	46
panel30	walktrap	NDUFS4	62
panel30	walktrap	RICTOR	23
panel30	walktrap	TLR3	11
panel30	walktrap	CSF2	8
panel30	walktrap	COL1A2	55
panel30	walktrap	RAD21	85
panel30	walktrap	MED30	15
panel30	walktrap	ORC5	67
panel30	walktrap	NOS3	58
panel30	walktrap	TSC1	89
panel30	walktrap	WAPL	85
panel30	walktrap	JAM3	26
panel30	walktrap	NDUFB8	62
panel30	walktrap	HSP90B1	80
panel30	walktrap	PPIB	80
panel30	walktrap	PLK1	13
panel30	walktrap	STAT6	8
panel30	walktrap	PDIA3	80
panel30	walktrap	CRK	4
panel30	walktrap	MED1	15
panel30	walktrap	RAB8A	11
panel30	walktrap	CDT1	32
panel30	walktrap	LIN37	61
panel30	walktrap	NDUFA7	62
panel30	walktrap	BIRC5	13
panel30	walktrap	FADD	137
panel30	walktrap	ATP6V1G2	53
panel30	walktrap	MAP2K1	20
panel30	walktrap	BUB1	13
panel30	walktrap	AXIN2	29
panel30	walktrap	HSPA4	11
panel30	walktrap	JUNB	166
panel30	walktrap	PDS5A	85
panel30	walktrap	PPID	145
panel30	walktrap	INSR	54
panel30	walktrap	CTRB2	210
panel30	walktrap	CALML6	157
panel30	walktrap	CTNNA1	38
panel30	walktrap	ATP6V1E2	53
panel30	walktrap	IRS1	159
panel30	walktrap	GNB2	204
panel30	walktrap	CEBPB	3
panel30	walktrap	FEN1	1
panel30	walktrap	CXCL10	10
panel30	walktrap	SMAD1	3
panel30	walktrap	IL7R	73
panel30	walktrap	FOS	166
panel30	walktrap	ITPR1	5
panel30	walktrap	YWHAG	51
panel30	walktrap	UQCRFS1	62
panel30	walktrap	RAB33B	37
panel30	walktrap	CXCL8	7
panel30	walktrap	GABARAP	37
panel30	walktrap	CXCL11	10
panel30	walktrap	EIF2AK3	80
panel30	walktrap	PDHB	201
panel30	walktrap	RPTOR	23
panel30	walktrap	MCM7	32
panel30	walktrap	CYCS	62
panel30	walktrap	DST	47
panel30	walktrap	RNASEH2C	170
panel30	walktrap	RGMB	118
panel30	walktrap	MLKL	92
panel30	walktrap	LEMD3	3
panel30	walktrap	RPS6KB2	20
panel30	walktrap	GP6	8
panel30	walktrap	CLCF1	121
panel30	walktrap	VPS41	2
panel30	walktrap	PSMD1	110
panel30	walktrap	UQCRH	62
panel30	walktrap	PRKACA	4
panel30	walktrap	MAP3K11	144
panel30	walktrap	PSMD2	110
panel30	walktrap	HSPA6	56
panel30	walktrap	PSMC5	110
panel30	walktrap	CASP3	48
panel30	walktrap	RAD9A	52
panel30	walktrap	POLD4	1
panel30	walktrap	TLR8	167
panel30	walktrap	CFLAR	48
panel30	walktrap	NFYC	86
panel30	walktrap	CD19	4
panel30	walktrap	PRKDC	31
panel30	walktrap	PDS5B	85
panel30	walktrap	AURKB	13
panel30	walktrap	ANAPC2	63
panel30	walktrap	PAK2	6
panel30	walktrap	IL1RAP	68
panel30	walktrap	ITGA3	47
panel30	walktrap	STAT2	8
panel30	walktrap	NDUFS8	62
panel30	walktrap	TLN1	17
panel30	walktrap	CYC1	62
panel30	walktrap	MET	4
panel30	walktrap	COX5A	62
panel30	walktrap	ROCK2	127
panel30	walktrap	RUVBL1	95
panel30	walktrap	BID	64
panel30	walktrap	CACNB2	147
panel30	walktrap	CALR	80
panel30	walktrap	COX8A	62
panel30	walktrap	LLGL1	111
panel30	walktrap	POLE	32
panel30	walktrap	SMC1A	85
panel30	walktrap	MED14	15
panel30	walktrap	A2M	80
panel30	walktrap	ENO3	143
panel30	walktrap	HSPA5	80
panel30	walktrap	ZYX	38
panel30	walktrap	LAMA3	42
panel30	walktrap	SAV1	43
panel30	walktrap	PPP2R1A	198
panel30	walktrap	GSK3B	7
panel30	walktrap	STK11	168
panel30	walktrap	PPP2R2A	21
panel30	walktrap	WNT11	44
panel30	walktrap	FBN1	16
panel30	walktrap	MED16	15
panel30	walktrap	MRE11	31
panel30	walktrap	PPP1CA	24
panel30	walktrap	PMAIP1	64
panel30	walktrap	ATG16L2	37
panel30	walktrap	PSEN1	7
panel30	walktrap	LMNB2	174
panel30	walktrap	NDUFV2	62
panel30	walktrap	BGN	16
panel30	walktrap	TGIF1	7
panel30	walktrap	LIN9	61
panel30	walktrap	SP1	3
panel30	walktrap	ATP6V0C	53
panel30	walktrap	TBK1	11
panel30	walktrap	CASP9	48
panel30	walktrap	SOCS3	8
panel30	walktrap	LEPR	8
panel30	walktrap	NDUFA12	62
panel30	walktrap	CD8B	65
panel30	walktrap	FBLN1	16
panel30	walktrap	COL4A5	196
panel30	walktrap	ATP6V0A2	53
panel30	walktrap	UQCR10	62
panel30	walktrap	SMAD3	3
panel30	walktrap	LAMP1	59
panel30	walktrap	MAPK11	197
panel30	walktrap	BSG	132
panel30	walktrap	PARVA	38
panel30	walktrap	EDARADD	11
panel30	walktrap	HSP90AA1	4
panel30	walktrap	VPS39	2
panel30	walktrap	KNL1	13
panel30	walktrap	ATF4	3
panel30	walktrap	TUBA1B	146
panel30	walktrap	ZFP36L1	51
panel30	walktrap	PPP2R5E	21
panel30	walktrap	PSMF1	110
panel30	walktrap	KLRD1	65
panel30	walktrap	SNTB2	149
panel30	walktrap	ATG101	3
panel30	walktrap	ANAPC1	63
panel30	walktrap	CAV1	4
panel30	walktrap	HLA-DQA1	177
panel30	walktrap	FOXO3	3
panel30	walktrap	FGFR3	40
panel30	walktrap	MIOS	23
panel30	walktrap	ACVR2B	49
panel30	walktrap	MAPT	4
panel30	walktrap	SFN	51
panel30	walktrap	PTK2	4
panel30	walktrap	STAT5A	8
panel30	walktrap	TRADD	11
panel30	walktrap	SMAD4	3
panel30	walktrap	PPP1CC	76
panel30	walktrap	LIN54	61
panel30	walktrap	TP53BP2	24
panel30	walktrap	FOXM1	13
panel30	walktrap	LAMTOR4	23
panel30	walktrap	PKN1	57
panel30	walktrap	NBR1	30
panel30	walktrap	ATR	31
panel30	walktrap	IFNAR2	8
panel30	walktrap	PDPK1	141
panel30	walktrap	CCNG1	21
panel30	walktrap	FBLN5	112
panel30	walktrap	MAP2K3	165
panel30	walktrap	E2F1	93
panel30	walktrap	DLG1	60
panel30	walktrap	PRKAA1	194
panel30	walktrap	MAGI2	36
panel30	walktrap	NDUFV3	62
panel30	walktrap	TAP1	65
panel30	walktrap	CRKL	4
panel30	walktrap	ATG7	45
panel30	walktrap	HKDC1	192
panel30	walktrap	FYN	4
panel30	walktrap	FN1	17
panel30	walktrap	BLM	31
panel30	walktrap	MYH7	173
panel30	walktrap	VANGL1	84
panel30	walktrap	RET	4
panel30	walktrap	UBE2I	83
panel30	walktrap	SH3PXD2A	175
panel30	walktrap	PSMD12	110
panel30	walktrap	UVRAG	148
panel30	walktrap	RAC1	6
panel30	walktrap	CDC16	63
panel30	walktrap	WDR45	171
panel30	walktrap	RSPO1	195
panel30	walktrap	SIAH1	3
panel30	walktrap	ITGAL	9
panel30	walktrap	CACNA2D1	147
panel30	walktrap	ADAM15	4
panel30	walktrap	RASSF1	43
panel30	walktrap	ATP2A1	190
panel30	walktrap	COL9A1	191
panel30	walktrap	ANAPC11	63
panel30	walktrap	PLN	172
panel30	walktrap	PRIM1	1
panel30	walktrap	NF1	20
panel30	walktrap	EPHA2	131
panel30	walktrap	STAT4	8
panel30	walktrap	CASP8	48
panel30	walktrap	PSMB10	110
panel30	walktrap	ARNT	3
panel30	walktrap	CCL20	10
panel30	walktrap	ELN	16
panel30	walktrap	MAP3K5	14
panel30	walktrap	XRCC2	155
panel30	walktrap	ATP6V1H	53
panel30	walktrap	TEAD4	189
panel30	walktrap	HLA-DRB1	177
panel30	walktrap	MYLK	58
panel30	walktrap	COL4A2	188
panel30	walktrap	TLR9	167
panel30	walktrap	ERC1	11
panel30	walktrap	PPP1R13L	7
panel30	walktrap	STAT1	8
panel30	walktrap	MTOR	23
panel30	walktrap	SMURF1	71
panel30	walktrap	SMC3	85
panel30	walktrap	CXCL9	10
panel30	walktrap	DMD	33
panel30	walktrap	TLR1	77
panel30	walktrap	BECN1	5
panel30	walktrap	PSMB5	110
panel30	walktrap	ACTA1	101
panel30	walktrap	THBS2	25
panel30	walktrap	CAPN8	41
panel30	walktrap	MAPKAPK2	91
panel30	walktrap	MDM4	110
panel30	walktrap	TAB2	11
panel30	walktrap	UTRN	149
panel30	walktrap	IFNGR1	8
panel30	walktrap	SDHC	176
panel30	walktrap	NDUFS2	62
panel30	walktrap	F11R	26
panel30	walktrap	LAMTOR2	23
panel30	walktrap	IL6R	8
panel30	walktrap	CRTC2	3
panel30	walktrap	S100A8	88
panel30	walktrap	PSMD4	110
panel30	walktrap	MCL1	64
panel30	walktrap	ATG5	37
panel30	walktrap	MAP3K7	11
panel30	walktrap	RRAGD	23
panel30	walktrap	BRCC3	62
panel30	walktrap	NRAS	20
panel30	walktrap	ATP6AP1	53
panel30	walktrap	FLNA	17
panel30	walktrap	NFKB2	7
panel30	walktrap	IRAK1	11
panel30	walktrap	COX7A2	62
panel30	walktrap	COL11A1	186
panel30	walktrap	BTRC	7
panel30	walktrap	CHUK	11
panel30	walktrap	CD40LG	135
panel30	walktrap	PSMA7	110
panel30	walktrap	GNG12	81
panel30	walktrap	XIAP	11
panel30	walktrap	JUN	166
panel30	walktrap	NDUFA1	62
panel30	walktrap	HSP90AB1	4
panel30	walktrap	ORC1	32
panel30	walktrap	SLC25A5	145
panel30	walktrap	PARD6B	111
panel30	walktrap	IL13RA1	8
panel30	walktrap	AMOT	26
panel30	walktrap	RAD54L	155
panel30	walktrap	NCOA3	34
panel30	walktrap	BMPR1A	49
panel30	walktrap	IRS4	4
panel30	walktrap	CD40	11
panel30	walktrap	MMP9	17
panel30	walktrap	ABL1	4
panel30	walktrap	CDC20	13
panel30	walktrap	VDAC2	145
panel30	walktrap	SDC4	35
panel30	walktrap	STK4	126
panel30	walktrap	YWHAB	51
panel30	walktrap	NDUFS5	62
panel30	walktrap	RRAGC	23
panel30	walktrap	LCN2	17
panel30	walktrap	CSF3R	8
panel30	walktrap	PSMB2	110
panel30	walktrap	PGK1	143
panel30	walktrap	RBBP4	72
panel30	walktrap	HDAC1	7
panel30	walktrap	SRC	4
panel30	walktrap	RBL1	61
panel30	walktrap	NDUFA8	62
panel30	walktrap	TRAF1	48
panel30	walktrap	TLR4	11
panel30	walktrap	ATP6V1G1	53
panel30	walktrap	POLE3	1
panel30	walktrap	IL2RG	73
panel30	walktrap	CDC26	63
panel30	walktrap	BMPR2	49
panel30	walktrap	HSPG2	50
panel30	walktrap	PARD3	26
panel30	walktrap	MAP1LC3A	45
panel30	walktrap	HLA-DMA	177
panel30	walktrap	PSMB9	110
panel30	walktrap	PSMB8	110
panel30	walktrap	TAP2	65
panel30	walktrap	HLA-DQA2	177
panel30	walktrap	HLA-DQB1	177
panel30	walktrap	HLA-DRB5	177
panel30	walktrap	SDHB	176
panel30	walktrap	BAMBI	71
panel30	walktrap	HSPA1B	56
panel30	walktrap	IRS2	4
panel30	walktrap	CSNK2B	39
panel30	walktrap	BCL2L1	64
panel30	walktrap	COX4I2	62
panel30	walktrap	DLG2	107
panel30	walktrap	HLA-C	65
panel30	walktrap	TNFRSF1B	48
panel30	walktrap	HLA-E	65
panel30	walktrap	HLA-G	65
panel30	walktrap	ATG2A	184
panel30	walktrap	PIK3CD	152
panel30	walktrap	STAM	110
panel30	walktrap	TBC1D4	51
panel30	walktrap	TP73	3
panel30	walktrap	GNB1	81
panel30	walktrap	LRP4	12
panel30	walktrap	COX7A2L	62
panel30	walktrap	UQCRQ	62
panel30	walktrap	OPTN	11
panel30	walktrap	RAD50	31
panel30	walktrap	PRR5L	23
panel30	walktrap	DVL1	29
panel30	walktrap	TAB3	11
panel30	walktrap	CNTFR	121
panel30	walktrap	POLA1	1
panel30	walktrap	PCNA	1
panel30	walktrap	AGRN	12
panel30	walktrap	E2F4	61
panel30	walktrap	NDUFB6	62
panel30	walktrap	TEK	182
panel30	walktrap	RFC3	52
panel30	walktrap	BRCA2	62
panel30	walktrap	RPS6	110
panel30	walktrap	TLR7	167
panel30	walktrap	POMP	110
panel30	walktrap	IL6ST	8
panel30	walktrap	SLC25A6	145
panel30	walktrap	CRLF2	73
panel30	walktrap	JAK2	8
panel30	walktrap	YWHAQ	51
panel30	walktrap	LATS2	28
panel30	walktrap	PSME1	110
panel30	walktrap	SEC13	23
panel30	walktrap	DIAPH1	6
panel30	walktrap	LAMA1	46
panel30	walktrap	SQSTM1	37
panel30	walktrap	AKT1S1	23
panel30	walktrap	PPP1R12B	76
panel30	walktrap	ATG16L1	5
panel30	walktrap	GRB2	4
panel30	walktrap	TIRAP	11
panel30	walktrap	TRAF3	11
panel30	walktrap	PIAS3	7
panel30	walktrap	ACTN1	38
panel30	walktrap	PPP3CB	21
panel30	walktrap	PPP3CA	157
panel30	walktrap	CDC23	63
panel30	walktrap	FZR1	63
panel30	walktrap	CDK1	13
panel30	walktrap	HLA-DRA	177
panel30	walktrap	LAT	4
panel30	walktrap	MAPK8	14
panel30	walktrap	CXCL1	10
panel30	walktrap	IL4R	8
panel30	walktrap	CXCL12	10
panel30	walktrap	YWHAZ	51
panel30	walktrap	NFATC2	116
panel30	walktrap	ITGB1	17
panel30	walktrap	MOB1A	28
panel30	walktrap	MOB1B	28
panel30	walktrap	TAX1BP1	30
panel30	walktrap	HLA-A	65
panel30	walktrap	THRB	34
panel30	walktrap	ILK	117
panel30	walktrap	CSNK1E	29
panel30	walktrap	GAPDH	122
panel30	walktrap	CARD11	78
panel30	walktrap	IRF7	11
panel30	walktrap	ITGB2	9
panel30	walktrap	SOCS6	11
panel30	walktrap	MAP2K7	144
panel30	walktrap	BCL2	64
panel30	walktrap	TNFSF11	180
panel30	walktrap	MAP3K1	14
panel30	walktrap	ROCK1	127
panel30	walktrap	GP1BB	98
panel30	walktrap	CSF2RB	8
panel30	walktrap	FBLN2	50
panel30	walktrap	PSME4	110
panel30	walktrap	RELA	7
panel30	walktrap	SOS1	4
panel30	walktrap	CDKN1A	32
panel30	walktrap	NCOA1	34
panel30	walktrap	IL1R1	68
panel30	walktrap	PSMD14	110
panel30	walktrap	CD8A	65
panel30	walktrap	UBA52	110
panel30	walktrap	NDUFA11	62
panel30	walktrap	CHEK1	155
panel30	walktrap	PSMC2	110
panel30	walktrap	PTPN6	4
panel30	walktrap	CYLD	11
panel30	walktrap	PIK3R5	152
panel30	walktrap	CDC7	32
panel30	walktrap	HLA-DPA1	177
panel30	walktrap	ANAPC7	63
panel30	walktrap	MAPK9	14
panel30	walktrap	PSMD13	110
panel30	walktrap	E2F5	61
panel30	walktrap	CALCOCO2	30
panel30	walktrap	TNF	48
panel30	walktrap	HLA-DMB	177
panel30	walktrap	HLA-B	65
panel30	walktrap	PRNP	179
panel30	walktrap	PPP2R2D	198
panel30	walktrap	RHOA	6
panel30	walktrap	SHC1	4
panel30	walktrap	RAF1	20
panel30	walktrap	LTA	113
panel30	walktrap	ARRB2	20
panel30	walktrap	TAPBP	65
panel30	walktrap	ACVR1	49
panel30	walktrap	ESR1	4
panel30	walktrap	TBL1XR1	3
panel30	walktrap	CDC45	32
panel30	walktrap	NDUFB3	62
panel30	walktrap	HRAS	20
panel30	walktrap	LAMP2	59
panel30	walktrap	PRKCA	35
panel30	walktrap	ARRB1	82
panel30	walktrap	MAP2K4	14
panel30	walktrap	ATP6V0E2	53
panel30	walktrap	PPP2R5C	21
panel30	walktrap	CDKN1C	62
panel30	walktrap	CUL2	11
panel30	walktrap	PSMA1	110
panel30	walktrap	TICAM2	11
panel30	walktrap	CD36	4
panel30	walktrap	NDUFA5	62
panel30	walktrap	MED12L	119
panel30	walktrap	ATP6V1F	53
panel30	walktrap	IRF5	11
panel30	walktrap	CACNA2D2	147
panel30	walktrap	NDUFA3	62
panel30	walktrap	PSMD6	110
panel30	walktrap	NDUFB2	62
panel30	walktrap	CACNA2D3	147
panel30	walktrap	PIK3CG	152
panel30	walktrap	WWTR1	3
panel30	walktrap	RAD51B	97
panel30	walktrap	FLNB	17
panel30	walktrap	ANAPC13	63
panel30	walktrap	CAST	41
panel30	walktrap	NDUFA13	62
panel30	walktrap	COX7C	62
panel30	walktrap	CXCL2	10
panel30	walktrap	PIK3R1	4
panel30	walktrap	LYN	8
panel30	walktrap	ATP6V0E1	53
panel30	walktrap	COX6C	62
panel30	walktrap	UQCRB	62
panel30	walktrap	NTRK1	219
panel30	walktrap	TYK2	8
panel30	walktrap	CAPN1	41
panel30	walktrap	TRAF6	11
panel30	walktrap	TEAD1	189
panel30	walktrap	HSPA8	11
panel30	walktrap	ANAPC15	63
panel30	walktrap	LATS1	28
panel30	walktrap	HIF1A	3
panel30	walktrap	KLRC1	65
panel30	walktrap	CACNB4	147
panel30	walktrap	TUBA1A	134
panel30	walktrap	PSMD9	110
panel30	walktrap	NDUFC1	62
panel30	walktrap	UBC	110
panel30	walktrap	DAG1	12
panel30	walktrap	COX4I1	62
panel30	walktrap	ACTG1	38
panel30	walktrap	NDUFAB1	62
panel30	walktrap	IKBKE	11
panel30	walktrap	COX6B1	62
panel30	walktrap	UQCR11	62
panel30	walktrap	POLD1	1
panel30	walktrap	VAV1	4
panel30	walktrap	BIRC2	11
panel30	walktrap	ANAPC16	63
panel30	walktrap	CCL3	217
panel30	walktrap	ELOC	11
panel30	walktrap	NDUFC2-KCTD14	62
panel30	walktrap	UBB	110
panel30	walktrap	ADRM1	110
panel30	walktrap	YAP1	3
panel30	walktrap	CBY1	3
panel30	walktrap	PSMC3	110
panel30	walktrap	SOCS2	87
panel30	walktrap	PLCG2	4
panel30	walktrap	NDUFA6	62
panel30	walktrap	BTK	4
panel30	walktrap	PSMB3	110
panel30	walktrap	NPRL3	23
panel30	walktrap	NDUFB1	62
panel30	walktrap	DAPK2	136
panel30	walktrap	PTPN11	8
panel30	walktrap	CACNA1A	147
panel30	walktrap	CHD8	95
panel30	walktrap	TLR5	11
panel30	walktrap	COX7B	62
panel30	walktrap	MALT1	78
panel30	walktrap	CARD14	78
panel30	walktrap	EIF3D	133
panel30	walktrap	EIF3E	133
panel30	walktrap	NUP107	94
panel30	walktrap	FANCE	22
panel30	walktrap	RPS12	133
panel30	walktrap	NUP155	94
panel30	walktrap	NUP85	94
panel30	walktrap	EIF3K	133
panel30	walktrap	EIF2S3	133
panel30	walktrap	EIF3G	133
panel30	walktrap	NUP210	94
panel30	walktrap	OASL	114
panel30	walktrap	TUBB2B	215
panel30	walktrap	NUP133	94
panel30	walktrap	CYBA	178
panel30	walktrap	KPNA3	69
panel30	walktrap	EIF3J	133
panel30	walktrap	HERC5	160
panel30	walktrap	NUP54	94
panel30	walktrap	TARBP2	158
panel30	walktrap	FANCM	22
panel30	walktrap	PML	209
panel30	walktrap	SOD1	151
panel30	walktrap	RPS11	133
panel30	walktrap	RPS3	133
panel30	walktrap	RANBP2	94
panel30	walktrap	NUP205	94
panel30	walktrap	UBE2L6	160
panel30	walktrap	NCF1	178
panel30	walktrap	KPNB1	69
panel30	walktrap	EIF4A1	133
panel30	walktrap	NUP35	100
panel30	walktrap	RPS23	133
panel30	walktrap	CENPS	22
panel30	walktrap	NUP98	94
panel30	walktrap	RPS15A	133
panel30	walktrap	RPS27L	133
panel30	walktrap	EIF3C	133
panel30	walktrap	UBA7	160
panel30	walktrap	FAAP100	22
panel30	walktrap	KPNA4	69
panel30	walktrap	RPS2	133
panel30	walktrap	PRDX6	208
panel30	walktrap	NUP43	94
panel30	walktrap	ATP7A	27
panel30	walktrap	NUP50	94
panel30	walktrap	RPS21	133
panel30	walktrap	RPS3A	133
panel30	walktrap	RPS26	133
panel30	walktrap	NUP214	94
panel30	walktrap	EIF3B	133
panel30	walktrap	ILF2	158
panel30	walktrap	NCF2	178
panel30	walktrap	DHX9	158
panel30	walktrap	EIF3A	133
panel30	walktrap	GBP5	79
panel30	walktrap	GBP4	79
panel30	walktrap	GBP2	79
panel30	walktrap	GBP1	79
panel30	walktrap	NDC1	94
panel30	walktrap	IFIT1	206
panel30	walktrap	IFIT3	206
panel30	walktrap	NUP188	94
panel30	walktrap	EIF3I	133
panel30	walktrap	RPS4X	133
panel30	walktrap	EIF2S2	133
panel30	walktrap	NUP160	94
panel30	walktrap	RPS16	133
panel30	walktrap	FANCG	123
panel30	walktrap	DDX58	114
panel30	walktrap	FANCA	22
panel30	walktrap	RPS9	133
panel30	walktrap	POM121	94
panel30	walktrap	RPS29	133
panel30	walktrap	RPS8	133
panel30	walktrap	EIF4G3	99
panel30	walktrap	FAAP20	22
panel30	walktrap	RPS14	133
panel30	walktrap	RPSA	133
panel30	walktrap	RPS18	133
panel30	walktrap	IFI35	133
panel30	walktrap	RPS24	133
panel30	walktrap	EIF4G1	133
panel30	walktrap	RPS20	133
panel30	walktrap	EIF3H	133
panel30	walktrap	EIF3F	133
panel30	walktrap	FAU	133
panel30	walktrap	RPS25	133
panel30	walktrap	RPS13	133
panel30	walktrap	EIF3M	133
panel30	walktrap	NUP153	94
panel30	walktrap	RPS15	133
panel30	walktrap	RPS19	133
panel30	walktrap	RPS28	133
panel30	walktrap	RPS5	133
panel30	walktrap	RPS10	133
panel30	walktrap	RPS7	133
panel30	walktrap	RPS17	133
panel30	walktrap	RPS27	133
panel30	walktrap	DVL3	84
panel30	walktrap	HLA-DOB	177
panel30	walktrap	HLA-DPB1	177
panel30	walktrap	LCK	4
panel30	walktrap	ATG14	5
panel30	walktrap	SMCR8	5
panel30	walktrap	ULK2	5
panel30	walktrap	ULK1	30
panel30	walktrap	GABARAPL1	30
panel30	walktrap	PSMC6	110
panel30	walktrap	IGF1	16
panel30	walktrap	RFC4	52
panel30	walktrap	CEACAM6	185
panel30	walktrap	FAS	48
panel30	walktrap	NDUFV1	62
panel30	walktrap	CD151	47
panel30	walktrap	COL17A1	47
panel30	walktrap	PLEC	47
panel30	walktrap	UQCRHL	62
panel30	walktrap	CCNA2	62
panel30	walktrap	MCM3	32
panel30	walktrap	SEH1L	74
panel30	walktrap	MAP2K6	91
panel30	walktrap	CTNNB1	3
panel30	walktrap	FOXO1	3
panel30	walktrap	CDC14A	3
panel30	walktrap	LIFR	161
panel30	walktrap	BRAF	20
panel30	walktrap	DUSP6	20
panel30	walktrap	JAK3	8
panel30	walktrap	JAK1	8
panel30	walktrap	IL15RA	73
panel30	walktrap	IL2RA	73
panel30	walktrap	AMBRA1	5
panel30	walktrap	CDKN1B	11
panel30	walktrap	PRF1	193
panel30	walktrap	PRIM2	1
panel30	walktrap	ATP6V1C1	53
panel30	walktrap	ATP6V0B	53
panel30	walktrap	SIN3A	3
panel30	walktrap	HDAC2	72
panel30	walktrap	STAG1	85
panel30	walktrap	FGFR2	40
panel30	walktrap	MMP14	25
panel30	walktrap	CCL5	10
panel30	walktrap	VPS11	2
panel30	walktrap	PPP2R3B	21
panel30	walktrap	PPP2CA	21
panel30	walktrap	NRROS	153
panel30	walktrap	LTBP3	153
panel30	walktrap	LTBP1	16
panel30	walktrap	IKBKG	11
panel30	walktrap	AKT1	11
panel30	walktrap	COL3A1	142
panel30	walktrap	RAD52	70
panel30	walktrap	RPA2	70
panel30	walktrap	ACTG2	101
panel30	walktrap	CCL4L2	138
panel30	walktrap	GNG2	138
panel30	walktrap	SUPT20H	1
panel30	walktrap	VWF	55
panel30	walktrap	COL5A1	55
panel30	walktrap	IL10RB	203
panel30	walktrap	IL12RB1	202
panel30	walktrap	LAMC3	130
panel30	walktrap	SKP2	66
panel30	walktrap	CACYBP	66
panel30	walktrap	CUL1	66
panel30	walktrap	DEPDC5	23
panel30	walktrap	GNGT2	199
panel30	walktrap	ORC4	67
panel30	walktrap	FLT3LG	105
panel30	walktrap	ACVR1B	125
panel30	walktrap	FST	139
panel30	walktrap	TGFBR1	71
panel30	walktrap	MYD88	11
panel30	walktrap	ACTB	38
panel30	walktrap	DIABLO	11
panel30	walktrap	ERN1	11
panel30	walktrap	DOCK1	6
panel30	walktrap	CDC42	6
panel30	walktrap	CYBB	6
panel30	walktrap	ATP1A2	172
panel30	walktrap	PARP1	129
panel30	walktrap	MED13	15
panel30	walktrap	COL23A1	124
panel30	walktrap	CREB1	3
panel30	walktrap	FOSL1	166
panel30	walktrap	TOP3B	1
panel30	walktrap	NOTCH1	82
panel30	walktrap	NOTCH3	164
panel30	walktrap	CALM1	58
panel30	walktrap	ABCE1	181
panel30	walktrap	CCNH	15
panel30	walktrap	EGLN1	11
panel30	walktrap	MLST8	23
panel30	walktrap	RRAGA	23
panel30	walktrap	LAMTOR3	23
panel30	walktrap	PTPN13	29
panel30	walktrap	CTBP1	29
panel30	walktrap	CCND3	90
panel30	walktrap	ITGA6	46
panel30	walktrap	FZD8	44
panel30	walktrap	FZD7	19
panel30	walktrap	STRADA	168
panel30	walktrap	MED12	15
panel30	walktrap	PIAS1	83
panel30	walktrap	BRCA1	31
panel30	walktrap	NDUFS1	62
panel30	walktrap	VAMP8	2
panel30	walktrap	B2M	65
panel30	walktrap	CD14	77
panel30	walktrap	TLR6	77
panel30	walktrap	ELANE	17
panel30	walktrap	RAD51	155
panel30	walktrap	IGF1R	4
panel30	walktrap	ITGA4	17
panel30	walktrap	ITGB3	17
panel30	walktrap	COL8A2	207
panel30	walktrap	WNT10B	156
panel30	walktrap	FZD5	156
panel30	walktrap	LRP5	156
panel30	walktrap	RBBP8	31
panel30	walktrap	LPIN1	169
panel30	walktrap	LPIN3	169
panel30	walktrap	TAOK3	205
panel30	walktrap	PDGFB	103
panel30	walktrap	GNG7	109
panel30	walktrap	VEGFD	75
panel30	walktrap	VEGFC	75
panel30	walktrap	SH3GLB1	148
panel30	walktrap	PIK3R4	148
panel30	walktrap	TFDP2	61
panel30	walktrap	ATG12	200
panel30	walktrap	TGFBR2	120
panel30	walktrap	SMAD9	3
panel30	walktrap	HIPK2	3
panel30	walktrap	PPM1A	3
panel30	walktrap	SMAD5	3
panel30	walktrap	SOCS4	159
panel30	walktrap	SOCS1	11
panel30	walktrap	TTI1	23
panel30	walktrap	NCOA2	34
panel30	walktrap	IRF3	11
panel30	walktrap	TBC1D7	150
panel30	walktrap	DAPK1	162
panel30	walktrap	RPS6KA1	162
panel30	walktrap	BCL10	78
panel30	walktrap	ZBTB17	3
panel30	walktrap	NFYA	86
panel30	walktrap	PPP1R12A	76
panel30	walktrap	CASP7	48
panel30	walktrap	POLD2	1
panel30	walktrap	EGLN2	163
panel30	walktrap	COL18A1	102
panel30	walktrap	CALM2	136
panel30	walktrap	CALM3	128
panel30	walktrap	LAMB3	42
panel30	walktrap	CD86	96
panel30	walktrap	BAD	106
panel30	walktrap	FNIP1	23
panel30	walktrap	SDC3	18
panel30	walktrap	FZD6	19
panel30	walktrap	ROR1	19
panel30	walktrap	RXRA	34
panel30	walktrap	SEM1	110
panel30	walktrap	IL22RA1	8
panel30	walktrap	AREG	9
panel30	walktrap	ITGAM	9
panel30	walktrap	SDHD	176
panel30	walktrap	DEPTOR	187
panel30	walktrap	ATRX	43
panel30	walktrap	CACNA1H	115
panel30	walktrap	CDC27	63
panel30	walktrap	TFDP1	61
panel30	walktrap	SKI	3
panel30	walktrap	TBL1X	3
panel30	walktrap	TGFA	4
panel30	walktrap	ITCH	11
panel30	walktrap	FTL	183
panel30	walktrap	F2R	154
panel30	walktrap	LPAR1	154
panel30	walktrap	VAV2	4
panel30	walktrap	ATP6V0D2	53
panel30	walktrap	CDKN2A	14
panel30	walktrap	C9orf72	23
panel30	walktrap	SLC38A9	23
panel30	walktrap	MYL12B	218
panel30	walktrap	VDAC1	145
panel30	walktrap	VDAC3	145
panel30	walktrap	PGF	18
panel30	walktrap	MAP1LC3B2	37
panel30	walktrap	MAP1LC3B	37
panel30	walktrap	CSF1	104
panel30	walktrap	BMPR1B	216
panel30	walktrap	BUB3	13
panel30	walktrap	ZFYVE16	108
panel30	walktrap	RXRG	214
panel30	walktrap	GRB10	54
panel30	walktrap	KITLG	54
panel30	walktrap	CCNE2	13
panel30	walktrap	ATG2B	171
panel30	walktrap	FZD4	44
panel30	walktrap	CIITA	212
panel30	walktrap	TNFSF13B	213
panel30	walktrap	FGF17	211
panel30	walktrap	BBC3	64
panel30	walktrap	BCL2L11	64
panel30	walktrap	BAK1	64
panel30	walktrap	ERBB4	8
panel30	walktrap	CSF2RA	8
panel30	walktrap	IKBKB	89
panel30	walktrap	JAM2	26
panel30	walktrap	P4HB	80
panel30	walktrap	GTSE1	13
panel30	walktrap	RAPGEF1	4
panel30	walktrap	LIN52	61
panel30	walktrap	HIPK3	137
panel30	walktrap	PEA15	137
panel30	walktrap	CTRB1	210
panel30	walktrap	GNG5	204
panel30	walktrap	ITPR3	5
panel30	walktrap	CASP2	51
panel30	walktrap	ATG4B	37
panel30	walktrap	PDHA1	201
panel30	walktrap	ATG13	45
panel30	walktrap	RNASEH2B	170
panel30	walktrap	NEO1	118
panel30	walktrap	VPS16	2
panel30	walktrap	HSPA1L	56
panel30	walktrap	APAF1	48
panel30	walktrap	RAD1	52
panel30	walktrap	ANAPC4	63
panel30	walktrap	IL18R1	68
panel30	walktrap	IRF9	8
panel30	walktrap	SYCP3	85
panel30	walktrap	ENO1	143
panel30	walktrap	PPP2R5D	198
panel30	walktrap	FRAT1	7
panel30	walktrap	FBN2	16
panel30	walktrap	MED24	119
panel30	walktrap	LMNA	174
panel30	walktrap	MFAP2	16
panel30	walktrap	TNFAIP3	11
panel30	walktrap	COL4A6	196
panel30	walktrap	MAPKAPK5	197
panel30	walktrap	SLC3A2	132
panel30	walktrap	HSPA1A	56
panel30	walktrap	DDIT3	3
panel30	walktrap	TUBA1C	146
panel30	walktrap	SNTB1	149
panel30	walktrap	FGF9	40
panel30	walktrap	PTEN	60
panel30	walktrap	GHR	87
panel30	walktrap	FRMD6	24
panel30	walktrap	PPP1CB	24
panel30	walktrap	PKN2	57
panel30	walktrap	PRKCZ	141
panel30	walktrap	MAP3K4	165
panel30	walktrap	E2F2	93
panel30	walktrap	CASK	60
panel30	walktrap	PRKAA2	194
panel30	walktrap	MAGI1	36
panel30	walktrap	HK1	192
panel30	walktrap	DLG4	107
panel30	walktrap	DNA2	31
panel30	walktrap	MYH6	173
panel30	walktrap	PIAS2	83
panel30	walktrap	ADAM12	175
panel30	walktrap	CLIP1	134
panel30	walktrap	ZNRF3	195
panel30	walktrap	ATP2A2	190
panel30	walktrap	COL9A3	191
panel30	walktrap	PTTG1	63
panel30	walktrap	EFNA4	131
panel30	walktrap	EFNA1	131
panel30	walktrap	FASLG	48
panel30	walktrap	COL4A1	188
panel30	walktrap	PRR5	23
panel30	walktrap	DTNB	33
panel30	walktrap	MAPKAPK3	91
panel30	walktrap	IL6	8
panel30	walktrap	S100A9	88
panel30	walktrap	POLE4	1
panel30	walktrap	MAP3K14	7
panel30	walktrap	COL16A1	186
panel30	walktrap	NFATC1	116
panel30	walktrap	PATJ	26
panel30	walktrap	RXRB	34
panel30	walktrap	RASSF5	126
panel30	walktrap	HDAC8	72
panel30	walktrap	TGIF2	7
panel30	walktrap	MYC	7
panel30	walktrap	FGF1	50
panel30	walktrap	HLA-DQB2	177
panel30	walktrap	CSNK2A3	39
panel30	walktrap	ATG9A	184
panel30	walktrap	CSNK1D	29
panel30	walktrap	ANGPT1	182
panel30	walktrap	RFC1	52
panel30	walktrap	CALML4	157
panel30	walktrap	ANAPC10	63
panel30	walktrap	STK3	28
panel30	walktrap	PARVB	117
panel30	walktrap	ALDOA	122
panel30	walktrap	TLN2	9
panel30	walktrap	ITGAX	9
panel30	walktrap	MAPK8IP3	14
panel30	walktrap	TNFRSF11A	180
panel30	walktrap	ACAN	50
panel30	walktrap	NCAM1	179
panel30	walktrap	LTB	113
panel30	walktrap	PRKCB	35
panel30	walktrap	PIK3R6	152
panel30	walktrap	RAD51D	97
panel30	walktrap	PIK3CB	4
panel30	walktrap	TPM3	219
panel30	walktrap	CAPNS1	41
panel30	walktrap	SGCE	12
panel30	walktrap	CCL4	217
panel30	walktrap	EIF3L	133
panel30	walktrap	NUP58	94
panel30	walktrap	NUP62	94
panel30	walktrap	CENPX	22
panel30	walktrap	POM121C	94
panel30	walktrap	EIF1AX	133
panel30	walktrap	TUBB2A	215
panel30	walktrap	NCF4	178
panel30	walktrap	ISG15	160
panel30	walktrap	SP100	209
panel30	walktrap	SOD2	151
panel30	walktrap	CCS	27
panel30	walktrap	NUP88	94
panel30	walktrap	SUMO1	94
panel30	walktrap	KPNA1	69
panel30	walktrap	KPNA2	69
panel30	walktrap	EIF4A3	133
panel30	walktrap	NUP37	100
panel30	walktrap	GSTP1	208
panel30	walktrap	ATOX1	27
panel30	walktrap	ADAR	158
panel30	walktrap	GBP3	79
panel30	walktrap	IFIT2	206
panel30	walktrap	FAAP24	123
panel30	walktrap	FANCL	22
panel30	walktrap	EIF4G2	99
panel30	louvain	DVL2	1
panel30	louvain	CX3CL1	2
panel30	louvain	CD74	3
panel30	louvain	CD4	4
panel30	louvain	PPP5C	4
panel30	louvain	COX15	5
panel30	louvain	RB1CC1	6
panel30	louvain	GABARAPL2	6
panel30	louvain	PSMA4	7
panel30	louvain	DCN	8
panel30	louvain	RFC2	9
panel30	louvain	PSMC4	7
panel30	louvain	ICAM3	4
panel30	louvain	CEACAM1	10
panel30	louvain	TNFRSF1A	6
panel30	louvain	BCL3	1
panel30	louvain	TRIP13	11
panel30	louvain	NGFR	6
panel30	louvain	NDUFB4	5
panel30	louvain	PLOD1	8
panel30	louvain	ITGB4	8
panel30	louvain	UQCRC1	5
panel30	louvain	CDC6	9
panel30	louvain	AAAS	12
panel30	louvain	MAPK13	13
panel30	louvain	VCL	8
panel30	louvain	SIRT1	1
panel30	louvain	PSMD8	7
panel30	louvain	NDUFB7	5
panel30	louvain	MAPK12	4
panel30	louvain	OSM	4
panel30	louvain	MAPK1	4
panel30	louvain	MCM5	9
panel30	louvain	TAB1	6
panel30	louvain	IL2RB	4
panel30	louvain	RBX1	6
panel30	louvain	RIPK3	6
panel30	louvain	NID2	8
panel30	louvain	GZMB	14
panel30	louvain	POLE2	9
panel30	louvain	ATP6V1D	15
panel30	louvain	PSMA3	7
panel30	louvain	NFKBIA	7
panel30	louvain	PSME2	7
panel30	louvain	MYBL2	11
panel30	louvain	CSNK2A1	11
panel30	louvain	SNTA1	8
panel30	louvain	STAG2	9
panel30	louvain	TIMP1	8
panel30	louvain	MMP2	8
panel30	louvain	ORC6	9
panel30	louvain	CCL17	2
panel30	louvain	PARD6A	1
panel30	louvain	PSMD7	7
panel30	louvain	TSC2	1
panel30	louvain	VPS18	6
panel30	louvain	TNFRSF10A	6
panel30	louvain	PPP2CB	16
panel30	louvain	RELB	1
panel30	louvain	RNASEH2A	17
panel30	louvain	TGFB1	8
panel30	louvain	CDC37	4
panel30	louvain	EPOR	4
panel30	louvain	PIK3R2	4
panel30	louvain	LAMB1	8
panel30	louvain	ITGB8	8
panel30	louvain	CAV2	4
panel30	louvain	PCOLCE	8
panel30	louvain	PLOD3	8
panel30	louvain	RPA3	9
panel30	louvain	PSMA2	7
panel30	louvain	ACTA2	8
panel30	louvain	RPS6KB1	6
panel30	louvain	CCL2	2
panel30	louvain	CCL13	2
panel30	louvain	KAT2A	6
panel30	louvain	COL1A1	8
panel30	louvain	NFKB1	1
panel30	louvain	CCND1	9
panel30	louvain	IL10RA	18
panel30	louvain	IL23A	19
panel30	louvain	MYL2	20
panel30	louvain	GNB3	2
panel30	louvain	COX6A1	5
panel30	louvain	FBXO5	1
panel30	louvain	MAPK14	4
panel30	louvain	HLA-DOA	3
panel30	louvain	LAMA4	8
panel30	louvain	LOX	8
panel30	louvain	SKP1	1
panel30	louvain	NPRL2	12
panel30	louvain	GNB4	21
panel30	louvain	NDUFS7	5
panel30	louvain	ORC2	9
panel30	louvain	PPP3R1	16
panel30	louvain	MAD2L2	9
panel30	louvain	CTSD	12
panel30	louvain	FZD3	22
panel30	louvain	ACVR2A	23
panel30	louvain	FLT3	4
panel30	louvain	INHBA	23
panel30	louvain	ACVR1C	1
panel30	louvain	PLCG1	4
panel30	louvain	EREG	4
panel30	louvain	IRF1	6
panel30	louvain	FOSB	1
panel30	louvain	VASP	8
panel30	louvain	CDC25B	1
panel30	louvain	RRAS	6
panel30	louvain	CANX	3
panel30	louvain	TRAF2	6
panel30	louvain	TICAM1	6
panel30	louvain	HSPB1	4
panel30	louvain	GNG11	2
panel30	louvain	YWHAH	1
panel30	louvain	RAC2	4
panel30	louvain	LIF	4
panel30	louvain	ATP1B2	24
panel30	louvain	PARP2	9
panel30	louvain	EGLN3	6
panel30	louvain	MED17	25
panel30	louvain	NDUFA2	5
panel30	louvain	COLGALT1	8
panel30	louvain	ACTN4	8
panel30	louvain	NDUFA10	5
panel30	louvain	JUND	1
panel30	louvain	LAMA5	8
panel30	louvain	SESN2	12
panel30	louvain	ATP6V1E1	15
panel30	louvain	RPA1	9
panel30	louvain	JAG1	6
panel30	louvain	CCNA1	9
panel30	louvain	KRAS	4
panel30	louvain	EIF2S1	26
panel30	louvain	CCNB1	11
panel30	louvain	CDK7	25
panel30	louvain	VHL	6
panel30	louvain	LAMTOR5	12
panel30	louvain	NOTCH2	1
panel30	louvain	PDGFRA	4
panel30	louvain	APC	1
panel30	louvain	ADAM19	27
panel30	louvain	HRK	6
panel30	louvain	ORC3	9
panel30	louvain	CDK4	9
panel30	louvain	ESPL1	11
panel30	louvain	HTRA2	6
panel30	louvain	MDM2	1
panel30	louvain	LAMC1	8
panel30	louvain	WNT10A	22
panel30	louvain	CAB39	28
panel30	louvain	COX5B	5
panel30	louvain	MED4	25
panel30	louvain	HUS1	9
panel30	louvain	SRSF1	4
panel30	louvain	BRIP1	9
panel30	louvain	NDUFB5	5
panel30	louvain	TANK	6
panel30	louvain	STX17	6
panel30	louvain	PSMB7	7
panel30	louvain	CCL21	2
panel30	louvain	RIPK1	6
panel30	louvain	HLA-F	3
panel30	louvain	TLR2	6
panel30	louvain	MMP7	8
panel30	louvain	THBS1	8
panel30	louvain	ADAM10	4
panel30	louvain	TOPBP1	9
panel30	louvain	BARD1	9
panel30	louvain	ITGAV	8
panel30	louvain	COL8A1	29
panel30	louvain	PSMC1	7
panel30	louvain	LRP6	1
panel30	louvain	LMNB1	30
panel30	louvain	PPP2R5A	16
panel30	louvain	TRAF5	6
panel30	louvain	PSMA6	7
panel30	louvain	PALB2	5
panel30	louvain	LPIN2	31
panel30	louvain	NDC80	11
panel30	louvain	PSMD11	7
panel30	louvain	TAOK1	32
panel30	louvain	CDH1	4
panel30	louvain	CSNK1A1	1
panel30	louvain	PDGFRB	4
panel30	louvain	ANAPC5	11
panel30	louvain	GNB5	2
panel30	louvain	LOXL1	8
panel30	louvain	FLT4	4
panel30	louvain	PIK3C3	6
panel30	louvain	MCM4	9
panel30	louvain	RBL2	11
panel30	louvain	WIPI1	33
panel30	louvain	WDR59	12
panel30	louvain	SMAD7	1
panel30	louvain	SMAD2	1
panel30	louvain	RHEB	12
panel30	louvain	PSMB1	7
panel30	louvain	ELOB	6
panel30	louvain	TELO2	12
panel30	louvain	AXIN1	1
panel30	louvain	CREBBP	1
panel30	louvain	TRAF4	4
panel30	louvain	ITGA2B	8
panel30	louvain	SMURF2	1
panel30	louvain	CSNK2A2	11
panel30	louvain	CCNE1	9
panel30	louvain	PHLPP1	12
panel30	louvain	PIK3R3	4
panel30	louvain	TIMP2	8
panel30	louvain	RRAGB	12
panel30	louvain	E2F3	11
panel30	louvain	MAP2K2	4
panel30	louvain	MAPK3	4
panel30	louvain	MAP3K8	1
panel30	louvain	PRKCQ	6
panel30	louvain	EP300	1
panel30	louvain	IL27RA	3
panel30	louvain	PPP1R12C	34
panel30	louvain	BIRC3	6
panel30	louvain	POLD3	9
panel30	louvain	EPAS1	6
panel30	louvain	KAT2B	1
panel30	louvain	NDUFS3	5
panel30	louvain	IL7	4
panel30	louvain	STAM2	7
panel30	louvain	KDR	4
panel30	louvain	PIK3CA	4
panel30	louvain	SLC9A1	35
panel30	louvain	ATF2	1
panel30	louvain	LAMC2	8
panel30	louvain	MCM6	9
panel30	louvain	NID1	8
panel30	louvain	CD80	3
panel30	louvain	YWHAE	1
panel30	louvain	RAPGEF2	8
panel30	louvain	FNIP2	12
panel30	louvain	FGF2	4
panel30	louvain	WNT5A	22
panel30	louvain	THRA	1
panel30	louvain	PSMD3	7
panel30	louvain	ATP6V0A1	15
panel30	louvain	STAT3	4
panel30	louvain	ITGA9	8
panel30	louvain	ICAM1	4
panel30	louvain	SDHA	36
panel30	louvain	ZAP70	4
panel30	louvain	MCM2	9
panel30	louvain	VCAN	8
panel30	louvain	FBXW11	1
panel30	louvain	TNC	6
panel30	louvain	CASP6	6
panel30	louvain	EGF	4
panel30	louvain	NBN	9
panel30	louvain	POLA2	9
panel30	louvain	TCIRG1	15
panel30	louvain	DBF4	9
panel30	louvain	CDK6	9
panel30	louvain	MAPKAP1	37
panel30	louvain	DAXX	1
panel30	louvain	CACNA1C	35
panel30	louvain	NDUFA9	5
panel30	louvain	CDK2	9
panel30	louvain	ITGB7	8
panel30	louvain	ERBB3	4
panel30	louvain	RB1	11
panel30	louvain	VPS33A	6
panel30	louvain	PXN	8
panel30	louvain	BCL2A1	6
panel30	louvain	UQCRC2	5
panel30	louvain	NDUFB10	5
panel30	louvain	NCOR1	1
panel30	louvain	TP53	1
panel30	louvain	ERBB2	4
panel30	louvain	IFNAR1	4
panel30	louvain	ECSIT	5
panel30	louvain	PSMB6	7
panel30	louvain	PSMA5	7
panel30	louvain	ATP6V1C2	15
panel30	louvain	RPS27A	7
panel30	louvain	LIMD1	6
panel30	louvain	ATP6V1A	15
panel30	louvain	FTH1	38
panel30	louvain	NDUFS6	5
panel30	louvain	OSMR	4
panel30	louvain	RASA1	4
panel30	louvain	SCUBE3	1
panel30	louvain	GNA12	2
panel30	louvain	EGFR	4
panel30	louvain	CDCA5	11
panel30	louvain	NDUFB11	5
panel30	louvain	ATP6V1B2	15
panel30	louvain	TNFRSF10B	6
panel30	louvain	NDUFB9	5
panel30	louvain	CDKN2B	6
panel30	louvain	NRBF2	6
panel30	louvain	PAK1	8
panel30	louvain	ATM	9
panel30	louvain	LAMTOR1	12
panel30	louvain	MYL9	39
panel30	louvain	CTF1	4
panel30	louvain	NDUFC2	5
panel30	louvain	SLC25A4	6
panel30	louvain	MED13L	25
panel30	louvain	TCF7L1	1
panel30	louvain	ATG10	6
panel30	louvain	FLT1	4
panel30	louvain	NIPBL	9
panel30	louvain	ITGB6	8
panel30	louvain	ATG3	6
panel30	louvain	LY96	6
panel30	louvain	APP	4
panel30	louvain	FLCN	12
panel30	louvain	CASP10	6
panel30	louvain	CSF1R	4
panel30	louvain	GDF6	40
panel30	louvain	BUB1B	11
panel30	louvain	ZFYVE9	34
panel30	louvain	PPARG	41
panel30	louvain	KIT	4
panel30	louvain	CCNB2	11
panel30	louvain	WIPI2	42
panel30	louvain	SMAD6	1
panel30	louvain	WNT4	22
panel30	louvain	ACTC1	8
panel30	louvain	RFX5	43
panel30	louvain	PSMB4	7
panel30	louvain	ATP6V0D1	15
panel30	louvain	TNFRSF13C	44
panel30	louvain	MED27	25
panel30	louvain	FGFR4	45
panel30	louvain	COX7A1	5
panel30	louvain	BAX	6
panel30	louvain	STAT5B	4
panel30	louvain	PSME3	7
panel30	louvain	ITGA5	4
panel30	louvain	WDR24	12
panel30	louvain	VCAM1	8
panel30	louvain	NCSTN	1
panel30	louvain	CAPN2	46
panel30	louvain	INHBB	23
panel30	louvain	PRKCI	1
panel30	louvain	WDFY3	6
panel30	louvain	CXCL3	2
panel30	louvain	CXCL5	2
panel30	louvain	ITGB5	8
panel30	louvain	RUBCN	6
panel30	louvain	MAD2L1	11
panel30	louvain	IL15	4
panel30	louvain	ITGA2	8
panel30	louvain	NDUFS4	5
panel30	louvain	RICTOR	12
panel30	louvain	TLR3	6
panel30	louvain	CSF2	4
panel30	louvain	COL1A2	8
panel30	louvain	RAD21	9
panel30	louvain	MED30	25
panel30	louvain	ORC5	9
panel30	louvain	NOS3	35
panel30	louvain	TSC1	12
panel30	louvain	WAPL	9
panel30	louvain	JAM3	1
panel30	louvain	NDUFB8	5
panel30	louvain	HSP90B1	3
panel30	louvain	PPIB	3
panel30	louvain	PLK1	11
panel30	louvain	STAT6	4
panel30	louvain	PDIA3	3
panel30	louvain	CRK	4
panel30	louvain	MED1	25
panel30	louvain	RAB8A	6
panel30	louvain	CDT1	9
panel30	louvain	LIN37	11
panel30	louvain	NDUFA7	5
panel30	louvain	BIRC5	11
panel30	louvain	FADD	6
panel30	louvain	ATP6V1G2	15
panel30	louvain	MAP2K1	4
panel30	louvain	BUB1	11
panel30	louvain	AXIN2	1
panel30	louvain	HSPA4	4
panel30	louvain	JUNB	1
panel30	louvain	PDS5A	9
panel30	louvain	PPID	6
panel30	louvain	INSR	4
panel30	louvain	CTRB2	47
panel30	louvain	CALML6	16
panel30	louvain	CTNNA1	8
panel30	louvain	ATP6V1E2	15
panel30	louvain	IRS1	4
panel30	louvain	GNB2	48
panel30	louvain	CEBPB	1
panel30	louvain	FEN1	9
panel30	louvain	CXCL10	2
panel30	louvain	SMAD1	1
panel30	louvain	IL7R	4
panel30	louvain	FOS	1
panel30	louvain	ITPR1	6
panel30	louvain	YWHAG	1
panel30	louvain	UQCRFS1	5
panel30	louvain	RAB33B	6
panel30	louvain	CXCL8	2
panel30	louvain	GABARAP	6
panel30	louvain	CXCL11	2
panel30	louvain	EIF2AK3	3
panel30	louvain	PDHB	49
panel30	louvain	RPTOR	12
panel30	louvain	MCM7	9
panel30	louvain	CYCS	5
panel30	louvain	DST	8
panel30	louvain	RNASEH2C	17
panel30	louvain	RGMB	23
panel30	louvain	MLKL	6
panel30	louvain	LEMD3	1
panel30	louvain	RPS6KB2	4
panel30	louvain	GP6	4
panel30	louvain	CLCF1	4
panel30	louvain	VPS41	6
panel30	louvain	PSMD1	7
panel30	louvain	UQCRH	5
panel30	louvain	PRKACA	4
panel30	louvain	MAP3K11	6
panel30	louvain	PSMD2	7
panel30	louvain	HSPA6	3
panel30	louvain	PSMC5	7
panel30	louvain	CASP3	6
panel30	louvain	RAD9A	9
panel30	louvain	POLD4	9
panel30	louvain	TLR8	4
panel30	louvain	CFLAR	6
panel30	louvain	NFYC	1
panel30	louvain	CD19	4
panel30	louvain	PRKDC	9
panel30	louvain	PDS5B	9
panel30	louvain	AURKB	11
panel30	louvain	ANAPC2	11
panel30	louvain	PAK2	4
panel30	louvain	IL1RAP	6
panel30	louvain	ITGA3	8
panel30	louvain	STAT2	4
panel30	louvain	NDUFS8	5
panel30	louvain	TLN1	8
panel30	louvain	CYC1	5
panel30	louvain	MET	4
panel30	louvain	COX5A	5
panel30	louvain	ROCK2	4
panel30	louvain	RUVBL1	1
panel30	louvain	BID	6
panel30	louvain	CACNB2	35
panel30	louvain	CALR	3
panel30	louvain	COX8A	5
panel30	louvain	LLGL1	1
panel30	louvain	POLE	9
panel30	louvain	SMC1A	9
panel30	louvain	MED14	25
panel30	louvain	A2M	3
panel30	louvain	ENO3	3
panel30	louvain	HSPA5	3
panel30	louvain	ZYX	8
panel30	louvain	LAMA3	8
panel30	louvain	SAV1	1
panel30	louvain	PPP2R1A	50
panel30	louvain	GSK3B	1
panel30	louvain	STK11	28
panel30	louvain	PPP2R2A	16
panel30	louvain	WNT11	22
panel30	louvain	FBN1	8
panel30	louvain	MED16	25
panel30	louvain	MRE11	9
panel30	louvain	PPP1CA	34
panel30	louvain	PMAIP1	6
panel30	louvain	ATG16L2	6
panel30	louvain	PSEN1	1
panel30	louvain	LMNB2	30
panel30	louvain	NDUFV2	5
panel30	louvain	BGN	8
panel30	louvain	TGIF1	1
panel30	louvain	LIN9	11
panel30	louvain	SP1	1
panel30	louvain	ATP6V0C	15
panel30	louvain	TBK1	6
panel30	louvain	CASP9	6
panel30	louvain	SOCS3	4
panel30	louvain	LEPR	4
panel30	louvain	NDUFA12	5
panel30	louvain	CD8B	3
panel30	louvain	FBLN1	8
panel30	louvain	COL4A5	51
panel30	louvain	ATP6V0A2	15
panel30	louvain	UQCR10	5
panel30	louvain	SMAD3	1
panel30	louvain	LAMP1	12
panel30	louvain	MAPK11	52
panel30	louvain	BSG	8
panel30	louvain	PARVA	8
panel30	louvain	EDARADD	6
panel30	louvain	HSP90AA1	4
panel30	louvain	VPS39	6
panel30	louvain	KNL1	11
panel30	louvain	ATF4	1
panel30	louvain	TUBA1B	11
panel30	louvain	ZFP36L1	1
panel30	louvain	PPP2R5E	16
panel30	louvain	PSMF1	7
panel30	louvain	KLRD1	3
panel30	louvain	SNTB2	8
panel30	louvain	ATG101	1
panel30	louvain	ANAPC1	11
panel30	louvain	CAV1	4
panel30	louvain	HLA-DQA1	3
panel30	louvain	FOXO3	1
panel30	louvain	FGFR3	8
panel30	louvain	MIOS	12
panel30	louvain	ACVR2B	23
panel30	louvain	MAPT	4
panel30	louvain	SFN	1
panel30	louvain	PTK2	4
panel30	louvain	STAT5A	4
panel30	louvain	TRADD	6
panel30	louvain	SMAD4	1
panel30	louvain	PPP1CC	34
panel30	louvain	LIN54	11
panel30	louvain	TP53BP2	34
panel30	louvain	FOXM1	11
panel30	louvain	LAMTOR4	12
panel30	louvain	PKN1	4
panel30	louvain	NBR1	6
panel30	louvain	ATR	9
panel30	louvain	IFNAR2	4
panel30	louvain	PDPK1	4
panel30	louvain	CCNG1	16
panel30	louvain	FBLN5	8
panel30	louvain	MAP2K3	4
panel30	louvain	E2F1	9
panel30	louvain	DLG1	4
panel30	louvain	PRKAA1	53
panel30	louvain	MAGI2	8
panel30	louvain	NDUFV3	5
panel30	louvain	TAP1	3
panel30	louvain	CRKL	4
panel30	louvain	ATG7	6
panel30	louvain	HKDC1	54
panel30	louvain	FYN	4
panel30	louvain	FN1	8
panel30	louvain	BLM	9
panel30	louvain	MYH7	20
panel30	louvain	VANGL1	1
panel30	louvain	RET	4
panel30	louvain	UBE2I	4
panel30	louvain	SH3PXD2A	27
panel30	louvain	PSMD12	7
panel30	louvain	UVRAG	6
panel30	louvain	RAC1	4
panel30	louvain	CDC16	11
panel30	louvain	WDR45	42
panel30	louvain	RSPO1	55
panel30	louvain	SIAH1	1
panel30	louvain	ITGAL	4
panel30	louvain	CACNA2D1	35
panel30	louvain	ADAM15	4
panel30	louvain	RASSF1	1
panel30	louvain	ATP2A1	56
panel30	louvain	COL9A1	57
panel30	louvain	ANAPC11	11
panel30	louvain	PLN	24
panel30	louvain	PRIM1	9
panel30	louvain	NF1	4
panel30	louvain	EPHA2	4
panel30	louvain	STAT4	4
panel30	louvain	CASP8	6
panel30	louvain	PSMB10	7
panel30	louvain	ARNT	1
panel30	louvain	CCL20	2
panel30	louvain	ELN	8
panel30	louvain	MAP3K5	6
panel30	louvain	XRCC2	9
panel30	louvain	ATP6V1H	15
panel30	louvain	TEAD4	1
panel30	louvain	HLA-DRB1	3
panel30	louvain	MYLK	35
panel30	louvain	COL4A2	58
panel30	louvain	TLR9	4
panel30	louvain	ERC1	6
panel30	louvain	PPP1R13L	1
panel30	louvain	STAT1	4
panel30	louvain	MTOR	12
panel30	louvain	SMURF1	1
panel30	louvain	SMC3	9
panel30	louvain	CXCL9	2
panel30	louvain	DMD	8
panel30	louvain	TLR1	6
panel30	louvain	BECN1	6
panel30	louvain	PSMB5	7
panel30	louvain	ACTA1	8
panel30	louvain	THBS2	8
panel30	louvain	CAPN8	46
panel30	louvain	MAPKAPK2	13
panel30	louvain	MDM4	7
panel30	louvain	TAB2	6
panel30	louvain	UTRN	8
panel30	louvain	IFNGR1	4
panel30	louvain	SDHC	36
panel30	louvain	NDUFS2	5
panel30	louvain	F11R	1
panel30	louvain	LAMTOR2	12
panel30	louvain	IL6R	4
panel30	louvain	CRTC2	1
panel30	louvain	S100A8	4
panel30	louvain	PSMD4	7
panel30	louvain	MCL1	6
panel30	louvain	ATG5	6
panel30	louvain	MAP3K7	6
panel30	louvain	RRAGD	12
panel30	louvain	BRCC3	9
panel30	louvain	NRAS	4
panel30	louvain	ATP6AP1	15
panel30	louvain	FLNA	8
panel30	louvain	NFKB2	1
panel30	louvain	IRAK1	6
panel30	louvain	COX7A2	5
panel30	louvain	COL11A1	59
panel30	louvain	BTRC	1
panel30	louvain	CHUK	6
panel30	louvain	CD40LG	6
panel30	louvain	PSMA7	7
panel30	louvain	GNG12	2
panel30	louvain	XIAP	6
panel30	louvain	JUN	1
panel30	louvain	NDUFA1	5
panel30	louvain	HSP90AB1	4
panel30	louvain	ORC1	9
panel30	louvain	SLC25A5	6
panel30	louvain	PARD6B	1
panel30	louvain	IL13RA1	4
panel30	louvain	AMOT	1
panel30	louvain	RAD54L	9
panel30	louvain	NCOA3	1
panel30	louvain	BMPR1A	23
panel30	louvain	IRS4	4
panel30	louvain	CD40	6
panel30	louvain	MMP9	8
panel30	louvain	ABL1	4
panel30	louvain	CDC20	11
panel30	louvain	VDAC2	6
panel30	louvain	SDC4	4
panel30	louvain	STK4	1
panel30	louvain	YWHAB	1
panel30	louvain	NDUFS5	5
panel30	louvain	RRAGC	12
panel30	louvain	LCN2	8
panel30	louvain	CSF3R	4
panel30	louvain	PSMB2	7
panel30	louvain	PGK1	3
panel30	louvain	RBBP4	11
panel30	louvain	HDAC1	1
panel30	louvain	SRC	4
panel30	louvain	RBL1	11
panel30	louvain	NDUFA8	5
panel30	louvain	TRAF1	6
panel30	louvain	TLR4	6
panel30	louvain	ATP6V1G1	15
panel30	louvain	POLE3	6
panel30	louvain	IL2RG	4
panel30	louvain	CDC26	11
panel30	louvain	BMPR2	23
panel30	louvain	HSPG2	8
panel30	louvain	PARD3	1
panel30	louvain	MAP1LC3A	6
panel30	louvain	HLA-DMA	3
panel30	louvain	PSMB9	7
panel30	louvain	PSMB8	7
panel30	louvain	TAP2	3
panel30	louvain	HLA-DQA2	3
panel30	louvain	HLA-DQB1	3
panel30	louvain	HLA-DRB5	3
panel30	louvain	SDHB	36
panel30	louvain	BAMBI	1
panel30	louvain	HSPA1B	4
panel30	louvain	IRS2	4
panel30	louvain	CSNK2B	11
panel30	louvain	BCL2L1	6
panel30	louvain	COX4I2	5
panel30	louvain	DLG2	4
panel30	louvain	HLA-C	3
panel30	louvain	TNFRSF1B	6
panel30	louvain	HLA-E	3
panel30	louvain	HLA-G	3
panel30	louvain	ATG2A	60
panel30	louvain	PIK3CD	4
panel30	louvain	STAM	7
panel30	louvain	TBC1D4	1
panel30	louvain	TP73	1
panel30	louvain	GNB1	2
panel30	louvain	LRP4	8
panel30	louvain	COX7A2L	5
panel30	louvain	UQCRQ	5
panel30	louvain	OPTN	6
panel30	louvain	RAD50	9
panel30	louvain	PRR5L	12
panel30	louvain	DVL1	1
panel30	louvain	TAB3	6
panel30	louvain	CNTFR	4
panel30	louvain	POLA1	9
panel30	louvain	PCNA	9
panel30	louvain	AGRN	8
panel30	louvain	E2F4	11
panel30	louvain	NDUFB6	5
panel30	louvain	TEK	61
panel30	louvain	RFC3	9
panel30	louvain	BRCA2	9
panel30	louvain	RPS6	7
panel30	louvain	TLR7	4
panel30	louvain	POMP	7
panel30	louvain	IL6ST	4
panel30	louvain	SLC25A6	6
panel30	louvain	CRLF2	4
panel30	louvain	JAK2	4
panel30	louvain	YWHAQ	1
panel30	louvain	LATS2	1
panel30	louvain	PSME1	7
panel30	louvain	SEC13	12
panel30	louvain	DIAPH1	4
panel30	louvain	LAMA1	8
panel30	louvain	SQSTM1	6
panel30	louvain	AKT1S1	12
panel30	louvain	PPP1R12B	34
panel30	louvain	ATG16L1	6
panel30	louvain	GRB2	4
panel30	louvain	TIRAP	6
panel30	louvain	TRAF3	6
panel30	louvain	PIAS3	4
panel30	louvain	ACTN1	8
panel30	louvain	PPP3CB	16
panel30	louvain	PPP3CA	16
panel30	louvain	CDC23	11
panel30	louvain	FZR1	11
panel30	louvain	CDK1	11
panel30	louvain	HLA-DRA	3
panel30	louvain	LAT	4
panel30	louvain	MAPK8	6
panel30	louvain	CXCL1	2
panel30	louvain	IL4R	4
panel30	louvain	CXCL12	2
panel30	louvain	YWHAZ	1
panel30	louvain	NFATC2	1
panel30	louvain	ITGB1	8
panel30	louvain	MOB1A	1
panel30	louvain	MOB1B	1
panel30	louvain	TAX1BP1	6
panel30	louvain	HLA-A	3
panel30	louvain	THRB	1
panel30	louvain	ILK	4
panel30	louvain	CSNK1E	1
panel30	louvain	GAPDH	3
panel30	louvain	CARD11	6
panel30	louvain	IRF7	6
panel30	louvain	ITGB2	4
panel30	louvain	SOCS6	6
panel30	louvain	MAP2K7	6
panel30	louvain	BCL2	6
panel30	louvain	TNFSF11	62
panel30	louvain	MAP3K1	6
panel30	louvain	ROCK1	4
panel30	louvain	GP1BB	4
panel30	louvain	CSF2RB	4
panel30	louvain	FBLN2	8
panel30	louvain	PSME4	7
panel30	louvain	RELA	1
panel30	louvain	SOS1	4
panel30	louvain	CDKN1A	9
panel30	louvain	NCOA1	1
panel30	louvain	IL1R1	6
panel30	louvain	PSMD14	7
panel30	louvain	CD8A	3
panel30	louvain	UBA52	7
panel30	louvain	NDUFA11	5
panel30	louvain	CHEK1	9
panel30	louvain	PSMC2	7
panel30	louvain	PTPN6	4
panel30	louvain	CYLD	7
panel30	louvain	PIK3R5	4
panel30	louvain	CDC7	9
panel30	louvain	HLA-DPA1	3
panel30	louvain	ANAPC7	11
panel30	louvain	MAPK9	6
panel30	louvain	PSMD13	7
panel30	louvain	E2F5	11
panel30	louvain	CALCOCO2	6
panel30	louvain	TNF	6
panel30	louvain	HLA-DMB	3
panel30	louvain	HLA-B	3
panel30	louvain	PRNP	63
panel30	louvain	PPP2R2D	50
panel30	louvain	RHOA	4
panel30	louvain	SHC1	4
panel30	louvain	RAF1	6
panel30	louvain	LTA	6
panel30	louvain	ARRB2	6
panel30	louvain	TAPBP	3
panel30	louvain	ACVR1	23
panel30	louvain	ESR1	4
panel30	louvain	TBL1XR1	1
panel30	louvain	CDC45	9
panel30	louvain	NDUFB3	5
panel30	louvain	HRAS	4
panel30	louvain	LAMP2	12
panel30	louvain	PRKCA	4
panel30	louvain	ARRB1	6
panel30	louvain	MAP2K4	6
panel30	louvain	ATP6V0E2	15
panel30	louvain	PPP2R5C	16
panel30	louvain	CDKN1C	11
panel30	louvain	CUL2	6
panel30	louvain	PSMA1	7
panel30	louvain	TICAM2	6
panel30	louvain	CD36	4
panel30	louvain	NDUFA5	5
panel30	louvain	MED12L	25
panel30	louvain	ATP6V1F	15
panel30	louvain	IRF5	6
panel30	louvain	CACNA2D2	35
panel30	louvain	NDUFA3	5
panel30	louvain	PSMD6	7
panel30	louvain	NDUFB2	5
panel30	louvain	CACNA2D3	35
panel30	louvain	PIK3CG	4
panel30	louvain	WWTR1	1
panel30	louvain	RAD51B	9
panel30	louvain	FLNB	8
panel30	louvain	ANAPC13	11
panel30	louvain	CAST	46
panel30	louvain	NDUFA13	5
panel30	louvain	COX7C	5
panel30	louvain	CXCL2	2
panel30	louvain	PIK3R1	4
panel30	louvain	LYN	4
panel30	louvain	ATP6V0E1	15
panel30	louvain	COX6C	5
panel30	louvain	UQCRB	5
panel30	louvain	NTRK1	64
panel30	louvain	TYK2	4
panel30	louvain	CAPN1	46
panel30	louvain	TRAF6	6
panel30	louvain	TEAD1	1
panel30	louvain	HSPA8	4
panel30	louvain	ANAPC15	11
panel30	louvain	LATS1	1
panel30	louvain	HIF1A	1
panel30	louvain	KLRC1	3
panel30	louvain	CACNB4	35
panel30	louvain	TUBA1A	11
panel30	louvain	PSMD9	7
panel30	louvain	NDUFC1	5
panel30	louvain	UBC	7
panel30	louvain	DAG1	8
panel30	louvain	COX4I1	5
panel30	louvain	ACTG1	8
panel30	louvain	NDUFAB1	5
panel30	louvain	IKBKE	6
panel30	louvain	COX6B1	5
panel30	louvain	UQCR11	5
panel30	louvain	POLD1	9
panel30	louvain	VAV1	4
panel30	louvain	BIRC2	6
panel30	louvain	ANAPC16	11
panel30	louvain	CCL3	65
panel30	louvain	ELOC	6
panel30	louvain	NDUFC2-KCTD14	5
panel30	louvain	UBB	7
panel30	louvain	ADRM1	7
panel30	louvain	YAP1	1
panel30	louvain	CBY1	1
panel30	louvain	PSMC3	7
panel30	louvain	SOCS2	4
panel30	louvain	PLCG2	4
panel30	louvain	NDUFA6	5
panel30	louvain	BTK	4
panel30	louvain	PSMB3	7
panel30	louvain	NPRL3	12
panel30	louvain	NDUFB1	5
panel30	louvain	DAPK2	35
panel30	louvain	PTPN11	4
panel30	louvain	CACNA1A	35
panel30	louvain	CHD8	1
panel30	louvain	TLR5	6
panel30	louvain	COX7B	5
panel30	louvain	MALT1	6
panel30	louvain	CARD14	6
panel30	louvain	EIF3D	66
panel30	louvain	EIF3E	66
panel30	louvain	NUP107	67
panel30	louvain	FANCE	68
panel30	louvain	RPS12	66
panel30	louvain	NUP155	67
panel30	louvain	NUP85	67
panel30	louvain	EIF3K	66
panel30	louvain	EIF2S3	66
panel30	louvain	EIF3G	66
panel30	louvain	NUP210	67
panel30	louvain	OASL	69
panel30	louvain	TUBB2B	70
panel30	louvain	NUP133	67
panel30	louvain	CYBA	71
panel30	louvain	KPNA3	67
panel30	louvain	EIF3J	66
panel30	louvain	HERC5	69
panel30	louvain	NUP54	67
panel30	louvain	TARBP2	66
panel30	louvain	FANCM	68
panel30	louvain	PML	72
panel30	louvain	SOD1	73
panel30	louvain	RPS11	66
panel30	louvain	RPS3	66
panel30	louvain	RANBP2	67
panel30	louvain	NUP205	67
panel30	louvain	UBE2L6	69
panel30	louvain	NCF1	71
panel30	louvain	KPNB1	67
panel30	louvain	EIF4A1	66
panel30	louvain	NUP35	67
panel30	louvain	RPS23	66
panel30	louvain	CENPS	68
panel30	louvain	NUP98	67
panel30	louvain	RPS15A	66
panel30	louvain	RPS27L	66
panel30	louvain	EIF3C	66
panel30	louvain	UBA7	69
panel30	louvain	FAAP100	68
panel30	louvain	KPNA4	67
panel30	louvain	RPS2	66
panel30	louvain	PRDX6	74
panel30	louvain	NUP43	67
panel30	louvain	ATP7A	73
panel30	louvain	NUP50	67
panel30	louvain	RPS21	66
panel30	louvain	RPS3A	66
panel30	louvain	RPS26	66
panel30	louvain	NUP214	67
panel30	louvain	EIF3B	66
panel30	louvain	ILF2	66
panel30	louvain	NCF2	71
panel30	louvain	DHX9	66
panel30	louvain	EIF3A	66
panel30	louvain	GBP5	75
panel30	louvain	GBP4	75
panel30	louvain	GBP2	75
panel30	louvain	GBP1	75
panel30	louvain	NDC1	67
panel30	louvain	IFIT1	76
panel30	louvain	IFIT3	76
panel30	louvain	NUP188	67
panel30	louvain	EIF3I	66
panel30	louvain	RPS4X	66
panel30	louvain	EIF2S2	66
panel30	louvain	NUP160	67
panel30	louvain	RPS16	66
panel30	louvain	FANCG	68
panel30	louvain	DDX58	69
panel30	louvain	FANCA	68
panel30	louvain	RPS9	66
panel30	louvain	POM121	67
panel30	louvain	RPS29	66
panel30	louvain	RPS8	66
panel30	louvain	EIF4G3	66
panel30	louvain	FAAP20	68
panel30	louvain	RPS14	66
panel30	louvain	RPSA	66
panel30	louvain	RPS18	66
panel30	louvain	IFI35	66
panel30	louvain	RPS24	66
panel30	louvain	EIF4G1	66
panel30	louvain	RPS20	66
panel30	louvain	EIF3H	66
panel30	louvain	EIF3F	66
panel30	louvain	FAU	66
panel30	louvain	RPS25	66
panel30	louvain	RPS13	66
panel30	louvain	EIF3M	66
panel30	louvain	NUP153	67
panel30	louvain	RPS15	66
panel30	louvain	RPS19	66
panel30	louvain	RPS28	66
panel30	louvain	RPS5	66
panel30	louvain	RPS10	66
panel30	louvain	RPS7	66
panel30	louvain	RPS17	66
panel30	louvain	RPS27	66
panel30	louvain	DVL3	1
panel30	louvain	HLA-DOB	3
panel30	louvain	HLA-DPB1	3
panel30	louvain	LCK	4
panel30	louvain	ATG14	6
panel30	louvain	SMCR8	6
panel30	louvain	ULK2	6
panel30	louvain	ULK1	6
panel30	louvain	GABARAPL1	6
panel30	louvain	PSMC6	7
panel30	louvain	IGF1	8
panel30	louvain	RFC4	9
panel30	louvain	CEACAM6	10
panel30	louvain	FAS	6
panel30	louvain	NDUFV1	5
panel30	louvain	CD151	8
panel30	louvain	COL17A1	8
panel30	louvain	PLEC	8
panel30	louvain	UQCRHL	5
panel30	louvain	CCNA2	11
panel30	louvain	MCM3	9
panel30	louvain	SEH1L	12
panel30	louvain	MAP2K6	13
panel30	louvain	CTNNB1	1
panel30	louvain	FOXO1	1
panel30	louvain	CDC14A	1
panel30	louvain	LIFR	4
panel30	louvain	BRAF	4
panel30	louvain	DUSP6	4
panel30	louvain	JAK3	4
panel30	louvain	JAK1	4
panel30	louvain	IL15RA	4
panel30	louvain	IL2RA	4
panel30	louvain	AMBRA1	6
panel30	louvain	CDKN1B	6
panel30	louvain	PRF1	14
panel30	louvain	PRIM2	9
panel30	louvain	ATP6V1C1	15
panel30	louvain	ATP6V0B	15
panel30	louvain	SIN3A	11
panel30	louvain	HDAC2	11
panel30	louvain	STAG1	9
panel30	louvain	FGFR2	8
panel30	louvain	MMP14	8
panel30	louvain	CCL5	2
panel30	louvain	VPS11	6
panel30	louvain	PPP2R3B	16
panel30	louvain	PPP2CA	16
panel30	louvain	NRROS	8
panel30	louvain	LTBP3	8
panel30	louvain	LTBP1	8
panel30	louvain	IKBKG	6
panel30	louvain	AKT1	4
panel30	louvain	COL3A1	8
panel30	louvain	RAD52	9
panel30	louvain	RPA2	9
panel30	louvain	ACTG2	8
panel30	louvain	CCL4L2	2
panel30	louvain	GNG2	2
panel30	louvain	SUPT20H	6
panel30	louvain	VWF	8
panel30	louvain	COL5A1	8
panel30	louvain	IL10RB	18
panel30	louvain	IL12RB1	19
panel30	louvain	LAMC3	8
panel30	louvain	SKP2	1
panel30	louvain	CACYBP	1
panel30	louvain	CUL1	1
panel30	louvain	DEPDC5	12
panel30	louvain	GNGT2	21
panel30	louvain	ORC4	9
panel30	louvain	FLT3LG	4
panel30	louvain	ACVR1B	23
panel30	louvain	FST	23
panel30	louvain	TGFBR1	1
panel30	louvain	MYD88	6
panel30	louvain	ACTB	8
panel30	louvain	DIABLO	6
panel30	louvain	ERN1	6
panel30	louvain	DOCK1	4
panel30	louvain	CDC42	4
panel30	louvain	CYBB	4
panel30	louvain	ATP1A2	24
panel30	louvain	PARP1	9
panel30	louvain	MED13	25
panel30	louvain	COL23A1	8
panel30	louvain	CREB1	1
panel30	louvain	FOSL1	1
panel30	louvain	TOP3B	9
panel30	louvain	NOTCH1	6
panel30	louvain	NOTCH3	6
panel30	louvain	CALM1	35
panel30	louvain	ABCE1	26
panel30	louvain	CCNH	25
panel30	louvain	EGLN1	6
panel30	louvain	MLST8	12
panel30	louvain	RRAGA	12
panel30	louvain	LAMTOR3	12
panel30	louvain	PTPN13	1
panel30	louvain	CTBP1	1
panel30	louvain	CCND3	9
panel30	louvain	ITGA6	8
panel30	louvain	FZD8	22
panel30	louvain	FZD7	22
panel30	louvain	STRADA	28
panel30	louvain	MED12	25
panel30	louvain	PIAS1	4
panel30	louvain	BRCA1	9
panel30	louvain	NDUFS1	5
panel30	louvain	VAMP8	6
panel30	louvain	B2M	3
panel30	louvain	CD14	6
panel30	louvain	TLR6	6
panel30	louvain	ELANE	8
panel30	louvain	RAD51	9
panel30	louvain	IGF1R	4
panel30	louvain	ITGA4	8
panel30	louvain	ITGB3	8
panel30	louvain	COL8A2	29
panel30	louvain	WNT10B	1
panel30	louvain	FZD5	1
panel30	louvain	LRP5	1
panel30	louvain	RBBP8	9
panel30	louvain	LPIN1	31
panel30	louvain	LPIN3	31
panel30	louvain	TAOK3	32
panel30	louvain	PDGFB	4
panel30	louvain	GNG7	2
panel30	louvain	VEGFD	4
panel30	louvain	VEGFC	4
panel30	louvain	SH3GLB1	6
panel30	louvain	PIK3R4	6
panel30	louvain	TFDP2	11
panel30	louvain	ATG12	33
panel30	louvain	TGFBR2	1
panel30	louvain	SMAD9	1
panel30	louvain	HIPK2	1
panel30	louvain	PPM1A	1
panel30	louvain	SMAD5	1
panel30	louvain	SOCS4	4
panel30	louvain	SOCS1	6
panel30	louvain	TTI1	12
panel30	louvain	NCOA2	1
panel30	louvain	IRF3	1
panel30	louvain	TBC1D7	12
panel30	louvain	DAPK1	4
panel30	louvain	RPS6KA1	4
panel30	louvain	BCL10	6
panel30	louvain	ZBTB17	1
panel30	louvain	NFYA	1
panel30	louvain	PPP1R12A	34
panel30	louvain	CASP7	6
panel30	louvain	POLD2	9
panel30	louvain	EGLN2	6
panel30	louvain	COL18A1	4
panel30	louvain	CALM2	35
panel30	louvain	CALM3	35
panel30	louvain	LAMB3	8
panel30	louvain	CD86	3
panel30	louvain	BAD	1
panel30	louvain	FNIP1	12
panel30	louvain	SDC3	4
panel30	louvain	FZD6	22
panel30	louvain	ROR1	22
panel30	louvain	RXRA	1
panel30	louvain	SEM1	7
panel30	louvain	IL22RA1	4
panel30	louvain	AREG	4
panel30	louvain	ITGAM	4
panel30	louvain	SDHD	36
panel30	louvain	DEPTOR	37
panel30	louvain	ATRX	1
panel30	louvain	CACNA1H	35
panel30	louvain	CDC27	11
panel30	louvain	TFDP1	11
panel30	louvain	SKI	1
panel30	louvain	TBL1X	1
panel30	louvain	TGFA	4
panel30	louvain	ITCH	7
panel30	louvain	FTL	38
panel30	louvain	F2R	2
panel30	louvain	LPAR1	2
panel30	louvain	VAV2	4
panel30	louvain	ATP6V0D2	15
panel30	louvain	CDKN2A	6
panel30	louvain	C9orf72	12
panel30	louvain	SLC38A9	12
panel30	louvain	MYL12B	39
panel30	louvain	VDAC1	6
panel30	louvain	VDAC3	6
panel30	louvain	PGF	4
panel30	louvain	MAP1LC3B2	6
panel30	louvain	MAP1LC3B	6
panel30	louvain	CSF1	4
panel30	louvain	BMPR1B	40
panel30	louvain	BUB3	11
panel30	louvain	ZFYVE16	34
panel30	louvain	RXRG	41
panel30	louvain	GRB10	4
panel30	louvain	KITLG	4
panel30	louvain	CCNE2	11
panel30	louvain	ATG2B	42
panel30	louvain	FZD4	22
panel30	louvain	CIITA	43
panel30	louvain	TNFSF13B	44
panel30	louvain	FGF17	45
panel30	louvain	BBC3	6
panel30	louvain	BCL2L11	6
panel30	louvain	BAK1	6
panel30	louvain	ERBB4	4
panel30	louvain	CSF2RA	4
panel30	louvain	IKBKB	12
panel30	louvain	JAM2	1
panel30	louvain	P4HB	3
panel30	louvain	GTSE1	11
panel30	louvain	RAPGEF1	4
panel30	louvain	LIN52	11
panel30	louvain	HIPK3	6
panel30	louvain	PEA15	6
panel30	louvain	CTRB1	47
panel30	louvain	GNG5	48
panel30	louvain	ITPR3	6
panel30	louvain	CASP2	1
panel30	louvain	ATG4B	6
panel30	louvain	PDHA1	49
panel30	louvain	ATG13	6
panel30	louvain	RNASEH2B	17
panel30	louvain	NEO1	23
panel30	louvain	VPS16	6
panel30	louvain	HSPA1L	3
panel30	louvain	APAF1	6
panel30	louvain	RAD1	9
panel30	louvain	ANAPC4	11
panel30	louvain	IL18R1	6
panel30	louvain	IRF9	4
panel30	louvain	SYCP3	9
panel30	louvain	ENO1	3
panel30	louvain	PPP2R5D	50
panel30	louvain	FRAT1	1
panel30	louvain	FBN2	8
panel30	louvain	MED24	25
panel30	louvain	LMNA	30
panel30	louvain	MFAP2	8
panel30	louvain	TNFAIP3	6
panel30	louvain	COL4A6	51
panel30	louvain	MAPKAPK5	52
panel30	louvain	SLC3A2	8
panel30	louvain	HSPA1A	4
panel30	louvain	DDIT3	1
panel30	louvain	TUBA1C	11
panel30	louvain	SNTB1	8
panel30	louvain	FGF9	8
panel30	louvain	PTEN	4
panel30	louvain	GHR	4
panel30	louvain	FRMD6	34
panel30	louvain	PPP1CB	34
panel30	louvain	PKN2	4
panel30	louvain	PRKCZ	4
panel30	louvain	MAP3K4	4
panel30	louvain	E2F2	9
panel30	louvain	CASK	4
panel30	louvain	PRKAA2	53
panel30	louvain	MAGI1	8
panel30	louvain	HK1	54
panel30	louvain	DLG4	4
panel30	louvain	DNA2	9
panel30	louvain	MYH6	20
panel30	louvain	PIAS2	4
panel30	louvain	ADAM12	27
panel30	louvain	CLIP1	11
panel30	louvain	ZNRF3	55
panel30	louvain	ATP2A2	56
panel30	louvain	COL9A3	57
panel30	louvain	PTTG1	11
panel30	louvain	EFNA4	4
panel30	louvain	EFNA1	4
panel30	louvain	FASLG	6
panel30	louvain	COL4A1	58
panel30	louvain	PRR5	12
panel30	louvain	DTNB	8
panel30	louvain	MAPKAPK3	13
panel30	louvain	IL6	4
panel30	louvain	S100A9	4
panel30	louvain	POLE4	9
panel30	louvain	MAP3K14	1
panel30	louvain	COL16A1	59
panel30	louvain	NFATC1	1
panel30	louvain	PATJ	1
panel30	louvain	RXRB	1
panel30	louvain	RASSF5	1
panel30	louvain	HDAC8	11
panel30	louvain	TGIF2	1
panel30	louvain	MYC	1
panel30	louvain	FGF1	8
panel30	louvain	HLA-DQB2	3
panel30	louvain	CSNK2A3	11
panel30	louvain	ATG9A	60
panel30	louvain	CSNK1D	1
panel30	louvain	ANGPT1	61
panel30	louvain	RFC1	9
panel30	louvain	CALML4	16
panel30	louvain	ANAPC10	11
panel30	louvain	STK3	1
panel30	louvain	PARVB	4
panel30	louvain	ALDOA	3
panel30	louvain	TLN2	4
panel30	louvain	ITGAX	4
panel30	louvain	MAPK8IP3	6
panel30	louvain	TNFRSF11A	62
panel30	louvain	ACAN	8
panel30	louvain	NCAM1	63
panel30	louvain	LTB	6
panel30	louvain	PRKCB	4
panel30	louvain	PIK3R6	4
panel30	louvain	RAD51D	9
panel30	louvain	PIK3CB	4
panel30	louvain	TPM3	64
panel30	louvain	CAPNS1	46
panel30	louvain	SGCE	8
panel30	louvain	CCL4	65
panel30	louvain	EIF3L	66
panel30	louvain	NUP58	67
panel30	louvain	NUP62	67
panel30	louvain	CENPX	68
panel30	louvain	POM121C	67
panel30	louvain	EIF1AX	66
panel30	louvain	TUBB2A	70
panel30	louvain	NCF4	71
panel30	louvain	ISG15	69
panel30	louvain	SP100	72
panel30	louvain	SOD2	73
panel30	louvain	CCS	73
panel30	louvain	NUP88	67
panel30	louvain	SUMO1	67
panel30	louvain	KPNA1	67
panel30	louvain	KPNA2	67
panel30	louvain	EIF4A3	66
panel30	louvain	NUP37	67
panel30	louvain	GSTP1	74
panel30	louvain	ATOX1	73
panel30	louvain	ADAR	66
panel30	louvain	GBP3	75
panel30	louvain	IFIT2	76
panel30	louvain	FAAP24	68
panel30	louvain	FANCL	68
panel30	louvain	EIF4G2	66
panel30	leiden	DVL2	1
panel30	leiden	CX3CL1	4
panel30	leiden	CD74	5
panel30	leiden	CD4	5
panel30	leiden	PPP5C	2
panel30	leiden	COX15	8
panel30	leiden	RB1CC1	6
panel30	leiden	GABARAPL2	6
panel30	leiden	PSMA4	9
panel30	leiden	DCN	10
panel30	leiden	RFC2	11
panel30	leiden	PSMC4	9
panel30	leiden	ICAM3	2
panel30	leiden	CEACAM1	12
panel30	leiden	TNFRSF1A	6
panel30	leiden	BCL3	1
panel30	leiden	TRIP13	13
panel30	leiden	NGFR	6
panel30	leiden	NDUFB4	8
panel30	leiden	PLOD1	10
panel30	leiden	ITGB4	10
panel30	leiden	UQCRC1	8
panel30	leiden	CDC6	11
panel30	leiden	AAAS	3
panel30	leiden	MAPK13	14
panel30	leiden	VCL	10
panel30	leiden	SIRT1	1
panel30	leiden	PSMD8	9
panel30	leiden	NDUFB7	8
panel30	leiden	MAPK12	2
panel30	leiden	OSM	2
panel30	leiden	MAPK1	2
panel30	leiden	MCM5	11
panel30	leiden	TAB1	6
panel30	leiden	IL2RB	2
panel30	leiden	RBX1	1
panel30	leiden	RIPK3	6
panel30	leiden	NID2	10
panel30	leiden	GZMB	15
panel30	leiden	POLE2	11
panel30	leiden	ATP6V1D	16
panel30	leiden	PSMA3	9
panel30	leiden	NFKBIA	9
panel30	leiden	PSME2	9
panel30	leiden	MYBL2	13
panel30	leiden	CSNK2A1	13
panel30	leiden	SNTA1	10
panel30	leiden	STAG2	17
panel30	leiden	TIMP1	10
panel30	leiden	MMP2	10
panel30	leiden	ORC6	11
panel30	leiden	CCL17	4
panel30	leiden	PARD6A	1
panel30	leiden	PSMD7	9
panel30	leiden	TSC2	1
panel30	leiden	VPS18	7
panel30	leiden	TNFRSF10A	6
panel30	leiden	PPP2CB	18
panel30	leiden	RELB	1
panel30	leiden	RNASEH2A	19
panel30	leiden	TGFB1	10
panel30	leiden	CDC37	2
panel30	leiden	EPOR	2
panel30	leiden	PIK3R2	2
panel30	leiden	LAMB1	10
panel30	leiden	ITGB8	10
panel30	leiden	CAV2	2
panel30	leiden	PCOLCE	10
panel30	leiden	PLOD3	10
panel30	leiden	RPA3	17
panel30	leiden	PSMA2	9
panel30	leiden	ACTA2	10
panel30	leiden	RPS6KB1	3
panel30	leiden	CCL2	4
panel30	leiden	CCL13	4
panel30	leiden	KAT2A	1
panel30	leiden	COL1A1	10
panel30	leiden	NFKB1	1
panel30	leiden	CCND1	11
panel30	leiden	IL10RA	20
panel30	leiden	IL23A	21
panel30	leiden	MYL2	22
panel30	leiden	GNB3	4
panel30	leiden	COX6A1	8
panel30	leiden	FBXO5	13
panel30	leiden	MAPK14	6
panel30	leiden	HLA-DOA	5
panel30	leiden	LAMA4	10
panel30	leiden	LOX	10
panel30	leiden	SKP1	11
panel30	leiden	NPRL2	3
panel30	leiden	GNB4	23
panel30	leiden	NDUFS7	8
panel30	leiden	ORC2	11
panel30	leiden	PPP3R1	18
panel30	leiden	MAD2L2	11
panel30	leiden	CTSD	3
panel30	leiden	FZD3	24
panel30	leiden	ACVR2A	25
panel30	leiden	FLT3	2
panel30	leiden	INHBA	25
panel30	leiden	ACVR1C	1
panel30	leiden	PLCG1	2
panel30	leiden	EREG	2
panel30	leiden	IRF1	6
panel30	leiden	FOSB	1
panel30	leiden	VASP	10
panel30	leiden	CDC25B	1
panel30	leiden	RRAS	6
panel30	leiden	CANX	5
panel30	leiden	TRAF2	6
panel30	leiden	TICAM1	6
panel30	leiden	HSPB1	2
panel30	leiden	GNG11	4
panel30	leiden	YWHAH	1
panel30	leiden	RAC2	26
panel30	leiden	LIF	2
panel30	leiden	ATP1B2	27
panel30	leiden	PARP2	17
panel30	leiden	EGLN3	1
panel30	leiden	MED17	28
panel30	leiden	NDUFA2	8
panel30	leiden	COLGALT1	10
panel30	leiden	ACTN4	10
panel30	leiden	NDUFA10	8
panel30	leiden	JUND	1
panel30	leiden	LAMA5	10
panel30	leiden	SESN2	3
panel30	leiden	ATP6V1E1	16
panel30	leiden	RPA1	11
panel30	leiden	JAG1	6
panel30	leiden	CCNA1	11
panel30	leiden	KRAS	2
panel30	leiden	EIF2S1	29
panel30	leiden	CCNB1	13
panel30	leiden	CDK7	28
panel30	leiden	VHL	1
panel30	leiden	LAMTOR5	3
panel30	leiden	NOTCH2	1
panel30	leiden	PDGFRA	2
panel30	leiden	APC	1
panel30	leiden	ADAM19	30
panel30	leiden	HRK	6
panel30	leiden	ORC3	11
panel30	leiden	CDK4	2
panel30	leiden	ESPL1	13
panel30	leiden	HTRA2	6
panel30	leiden	MDM2	13
panel30	leiden	LAMC1	10
panel30	leiden	WNT10A	24
panel30	leiden	CAB39	31
panel30	leiden	COX5B	8
panel30	leiden	MED4	28
panel30	leiden	HUS1	11
panel30	leiden	SRSF1	2
panel30	leiden	BRIP1	17
panel30	leiden	NDUFB5	8
panel30	leiden	TANK	6
panel30	leiden	STX17	7
panel30	leiden	PSMB7	9
panel30	leiden	CCL21	4
panel30	leiden	RIPK1	6
panel30	leiden	HLA-F	5
panel30	leiden	TLR2	6
panel30	leiden	MMP7	10
panel30	leiden	THBS1	10
panel30	leiden	ADAM10	2
panel30	leiden	TOPBP1	17
panel30	leiden	BARD1	17
panel30	leiden	ITGAV	10
panel30	leiden	COL8A1	32
panel30	leiden	PSMC1	9
panel30	leiden	LRP6	1
panel30	leiden	LMNB1	33
panel30	leiden	PPP2R5A	18
panel30	leiden	TRAF5	6
panel30	leiden	PSMA6	9
panel30	leiden	PALB2	8
panel30	leiden	LPIN2	34
panel30	leiden	NDC80	13
panel30	leiden	PSMD11	9
panel30	leiden	TAOK1	35
panel30	leiden	CDH1	1
panel30	leiden	CSNK1A1	1
panel30	leiden	PDGFRB	2
panel30	leiden	ANAPC5	13
panel30	leiden	GNB5	4
panel30	leiden	LOXL1	10
panel30	leiden	FLT4	2
panel30	leiden	PIK3C3	6
panel30	leiden	MCM4	11
panel30	leiden	RBL2	13
panel30	leiden	WIPI1	36
panel30	leiden	WDR59	3
panel30	leiden	SMAD7	1
panel30	leiden	SMAD2	1
panel30	leiden	RHEB	3
panel30	leiden	PSMB1	9
panel30	leiden	ELOB	1
panel30	leiden	TELO2	3
panel30	leiden	AXIN1	1
panel30	leiden	CREBBP	1
panel30	leiden	TRAF4	2
panel30	leiden	ITGA2B	10
panel30	leiden	SMURF2	1
panel30	leiden	CSNK2A2	13
panel30	leiden	CCNE1	11
panel30	leiden	PHLPP1	2
panel30	leiden	PIK3R3	2
panel30	leiden	TIMP2	10
panel30	leiden	RRAGB	3
panel30	leiden	E2F3	13
panel30	leiden	MAP2K2	2
panel30	leiden	MAPK3	2
panel30	leiden	MAP3K8	1
panel30	leiden	PRKCQ	6
panel30	leiden	EP300	1
panel30	leiden	IL27RA	5
panel30	leiden	PPP1R12C	37
panel30	leiden	BIRC3	6
panel30	leiden	POLD3	11
panel30	leiden	EPAS1	1
panel30	leiden	KAT2B	13
panel30	leiden	NDUFS3	8
panel30	leiden	IL7	2
panel30	leiden	STAM2	9
panel30	leiden	KDR	2
panel30	leiden	PIK3CA	2
panel30	leiden	SLC9A1	38
panel30	leiden	ATF2	1
panel30	leiden	LAMC2	10
panel30	leiden	MCM6	11
panel30	leiden	NID1	10
panel30	leiden	CD80	5
panel30	leiden	YWHAE	1
panel30	leiden	RAPGEF2	10
panel30	leiden	FNIP2	3
panel30	leiden	FGF2	2
panel30	leiden	WNT5A	24
panel30	leiden	THRA	28
panel30	leiden	PSMD3	9
panel30	leiden	ATP6V0A1	16
panel30	leiden	STAT3	2
panel30	leiden	ITGA9	10
panel30	leiden	ICAM1	2
panel30	leiden	SDHA	39
panel30	leiden	ZAP70	2
panel30	leiden	MCM2	11
panel30	leiden	VCAN	10
panel30	leiden	FBXW11	1
panel30	leiden	TNC	6
panel30	leiden	CASP6	6
panel30	leiden	EGF	2
panel30	leiden	NBN	17
panel30	leiden	POLA2	11
panel30	leiden	TCIRG1	16
panel30	leiden	DBF4	11
panel30	leiden	CDK6	2
panel30	leiden	MAPKAP1	40
panel30	leiden	DAXX	2
panel30	leiden	CACNA1C	38
panel30	leiden	NDUFA9	8
panel30	leiden	CDK2	11
panel30	leiden	ITGB7	10
panel30	leiden	ERBB3	2
panel30	leiden	RB1	13
panel30	leiden	VPS33A	7
panel30	leiden	PXN	10
panel30	leiden	BCL2A1	6
panel30	leiden	UQCRC2	8
panel30	leiden	NDUFB10	8
panel30	leiden	NCOR1	1
panel30	leiden	TP53	13
panel30	leiden	ERBB2	2
panel30	leiden	IFNAR1	2
panel30	leiden	ECSIT	8
panel30	leiden	PSMB6	9
panel30	leiden	PSMA5	9
panel30	leiden	ATP6V1C2	16
panel30	leiden	RPS27A	9
panel30	leiden	LIMD1	1
panel30	leiden	ATP6V1A	16
panel30	leiden	FTH1	41
panel30	leiden	NDUFS6	8
panel30	leiden	OSMR	2
panel30	leiden	RASA1	2
panel30	leiden	SCUBE3	1
panel30	leiden	GNA12	4
panel30	leiden	EGFR	2
panel30	leiden	CDCA5	13
panel30	leiden	NDUFB11	8
panel30	leiden	ATP6V1B2	16
panel30	leiden	TNFRSF10B	6
panel30	leiden	NDUFB9	8
panel30	leiden	CDKN2B	1
panel30	leiden	NRBF2	6
panel30	leiden	PAK1	10
panel30	leiden	ATM	17
panel30	leiden	LAMTOR1	3
panel30	leiden	MYL9	42
panel30	leiden	CTF1	2
panel30	leiden	NDUFC2	8
panel30	leiden	SLC25A4	6
panel30	leiden	MED13L	28
panel30	leiden	TCF7L1	1
panel30	leiden	ATG10	6
panel30	leiden	FLT1	2
panel30	leiden	NIPBL	17
panel30	leiden	ITGB6	10
panel30	leiden	ATG3	6
panel30	leiden	LY96	6
panel30	leiden	APP	2
panel30	leiden	FLCN	3
panel30	leiden	CASP10	6
panel30	leiden	CSF1R	2
panel30	leiden	GDF6	43
panel30	leiden	BUB1B	13
panel30	leiden	ZFYVE9	37
panel30	leiden	PPARG	44
panel30	leiden	KIT	2
panel30	leiden	CCNB2	13
panel30	leiden	WIPI2	45
panel30	leiden	SMAD6	1
panel30	leiden	WNT4	24
panel30	leiden	ACTC1	10
panel30	leiden	RFX5	46
panel30	leiden	PSMB4	9
panel30	leiden	ATP6V0D1	16
panel30	leiden	TNFRSF13C	47
panel30	leiden	MED27	28
panel30	leiden	FGFR4	48
panel30	leiden	COX7A1	8
panel30	leiden	BAX	6
panel30	leiden	STAT5B	2
panel30	leiden	PSME3	9
panel30	leiden	ITGA5	2
panel30	leiden	WDR24	3
panel30	leiden	VCAM1	10
panel30	leiden	NCSTN	1
panel30	leiden	CAPN2	49
panel30	leiden	INHBB	25
panel30	leiden	PRKCI	1
panel30	leiden	WDFY3	6
panel30	leiden	CXCL3	4
panel30	leiden	CXCL5	4
panel30	leiden	ITGB5	10
panel30	leiden	RUBCN	6
panel30	leiden	MAD2L1	13
panel30	leiden	IL15	2
panel30	leiden	ITGA2	10
panel30	leiden	NDUFS4	8
panel30	leiden	RICTOR	3
panel30	leiden	TLR3	6
panel30	leiden	CSF2	2
panel30	leiden	COL1A2	10
panel30	leiden	RAD21	17
panel30	leiden	MED30	28
panel30	leiden	ORC5	11
panel30	leiden	NOS3	38
panel30	leiden	TSC1	2
panel30	leiden	WAPL	17
panel30	leiden	JAM3	1
panel30	leiden	NDUFB8	8
panel30	leiden	HSP90B1	5
panel30	leiden	PPIB	5
panel30	leiden	PLK1	13
panel30	leiden	STAT6	2
panel30	leiden	PDIA3	5
panel30	leiden	CRK	2
panel30	leiden	MED1	28
panel30	leiden	RAB8A	6
panel30	leiden	CDT1	11
panel30	leiden	LIN37	13
panel30	leiden	NDUFA7	8
panel30	leiden	BIRC5	13
panel30	leiden	FADD	6
panel30	leiden	ATP6V1G2	16
panel30	leiden	MAP2K1	2
panel30	leiden	BUB1	13
panel30	leiden	AXIN2	1
panel30	leiden	HSPA4	2
panel30	leiden	JUNB	1
panel30	leiden	PDS5A	17
panel30	leiden	PPID	6
panel30	leiden	INSR	2
panel30	leiden	CTRB2	50
panel30	leiden	CALML6	18
panel30	leiden	CTNNA1	10
panel30	leiden	ATP6V1E2	16
panel30	leiden	IRS1	2
panel30	leiden	GNB2	51
panel30	leiden	CEBPB	1
panel30	leiden	FEN1	11
panel30	leiden	CXCL10	4
panel30	leiden	SMAD1	1
panel30	leiden	IL7R	2
panel30	leiden	FOS	1
panel30	leiden	ITPR1	6
panel30	leiden	YWHAG	1
panel30	leiden	UQCRFS1	8
panel30	leiden	RAB33B	6
panel30	leiden	CXCL8	4
panel30	leiden	GABARAP	6
panel30	leiden	CXCL11	4
panel30	leiden	EIF2AK3	5
panel30	leiden	PDHB	52
panel30	leiden	RPTOR	3
panel30	leiden	MCM7	11
panel30	leiden	CYCS	8
panel30	leiden	DST	10
panel30	leiden	RNASEH2C	19
panel30	leiden	RGMB	25
panel30	leiden	MLKL	6
panel30	leiden	LEMD3	1
panel30	leiden	RPS6KB2	2
panel30	leiden	GP6	2
panel30	leiden	CLCF1	2
panel30	leiden	VPS41	7
panel30	leiden	PSMD1	9
panel30	leiden	UQCRH	8
panel30	leiden	PRKACA	2
panel30	leiden	MAP3K11	1
panel30	leiden	PSMD2	9
panel30	leiden	HSPA6	2
panel30	leiden	PSMC5	9
panel30	leiden	CASP3	6
panel30	leiden	RAD9A	11
panel30	leiden	POLD4	11
panel30	leiden	TLR8	6
panel30	leiden	CFLAR	6
panel30	leiden	NFYC	1
panel30	leiden	CD19	2
panel30	leiden	PRKDC	17
panel30	leiden	PDS5B	17
panel30	leiden	AURKB	13
panel30	leiden	ANAPC2	13
panel30	leiden	PAK2	26
panel30	leiden	IL1RAP	6
panel30	leiden	ITGA3	10
panel30	leiden	STAT2	2
panel30	leiden	NDUFS8	8
panel30	leiden	TLN1	10
panel30	leiden	CYC1	8
panel30	leiden	MET	2
panel30	leiden	COX5A	8
panel30	leiden	ROCK2	26
panel30	leiden	RUVBL1	1
panel30	leiden	BID	6
panel30	leiden	CACNB2	38
panel30	leiden	CALR	5
panel30	leiden	COX8A	8
panel30	leiden	LLGL1	1
panel30	leiden	POLE	11
panel30	leiden	SMC1A	17
panel30	leiden	MED14	28
panel30	leiden	A2M	5
panel30	leiden	ENO3	5
panel30	leiden	HSPA5	5
panel30	leiden	ZYX	10
panel30	leiden	LAMA3	10
panel30	leiden	SAV1	2
panel30	leiden	PPP2R1A	53
panel30	leiden	GSK3B	1
panel30	leiden	STK11	31
panel30	leiden	PPP2R2A	18
panel30	leiden	WNT11	24
panel30	leiden	FBN1	10
panel30	leiden	MED16	28
panel30	leiden	MRE11	17
panel30	leiden	PPP1CA	37
panel30	leiden	PMAIP1	6
panel30	leiden	ATG16L2	6
panel30	leiden	PSEN1	1
panel30	leiden	LMNB2	33
panel30	leiden	NDUFV2	8
panel30	leiden	BGN	10
panel30	leiden	TGIF1	1
panel30	leiden	LIN9	13
panel30	leiden	SP1	1
panel30	leiden	ATP6V0C	16
panel30	leiden	TBK1	6
panel30	leiden	CASP9	6
panel30	leiden	SOCS3	2
panel30	leiden	LEPR	2
panel30	leiden	NDUFA12	8
panel30	leiden	CD8B	5
panel30	leiden	FBLN1	10
panel30	leiden	COL4A5	54
panel30	leiden	ATP6V0A2	16
panel30	leiden	UQCR10	8
panel30	leiden	SMAD3	1
panel30	leiden	LAMP1	3
panel30	leiden	MAPK11	55
panel30	leiden	BSG	10
panel30	leiden	PARVA	10
panel30	leiden	EDARADD	6
panel30	leiden	HSP90AA1	2
panel30	leiden	VPS39	7
panel30	leiden	KNL1	13
panel30	leiden	ATF4	1
panel30	leiden	TUBA1B	26
panel30	leiden	ZFP36L1	1
panel30	leiden	PPP2R5E	18
panel30	leiden	PSMF1	9
panel30	leiden	KLRD1	5
panel30	leiden	SNTB2	10
panel30	leiden	ATG101	1
panel30	leiden	ANAPC1	13
panel30	leiden	CAV1	2
panel30	leiden	HLA-DQA1	5
panel30	leiden	FOXO3	1
panel30	leiden	FGFR3	10
panel30	leiden	MIOS	3
panel30	leiden	ACVR2B	25
panel30	leiden	MAPT	1
panel30	leiden	SFN	1
panel30	leiden	PTK2	2
panel30	leiden	STAT5A	2
panel30	leiden	TRADD	6
panel30	leiden	SMAD4	1
panel30	leiden	PPP1CC	37
panel30	leiden	LIN54	13
panel30	leiden	TP53BP2	37
panel30	leiden	FOXM1	13
panel30	leiden	LAMTOR4	3
panel30	leiden	PKN1	26
panel30	leiden	NBR1	6
panel30	leiden	ATR	17
panel30	leiden	IFNAR2	2
panel30	leiden	PDPK1	26
panel30	leiden	CCNG1	18
panel30	leiden	FBLN5	10
panel30	leiden	MAP2K3	26
panel30	leiden	E2F1	11
panel30	leiden	DLG1	2
panel30	leiden	PRKAA1	56
panel30	leiden	MAGI2	10
panel30	leiden	NDUFV3	8
panel30	leiden	TAP1	5
panel30	leiden	CRKL	2
panel30	leiden	ATG7	6
panel30	leiden	HKDC1	57
panel30	leiden	FYN	2
panel30	leiden	FN1	10
panel30	leiden	BLM	17
panel30	leiden	MYH7	22
panel30	leiden	VANGL1	1
panel30	leiden	RET	2
panel30	leiden	UBE2I	2
panel30	leiden	SH3PXD2A	30
panel30	leiden	PSMD12	9
panel30	leiden	UVRAG	6
panel30	leiden	RAC1	26
panel30	leiden	CDC16	13
panel30	leiden	WDR45	45
panel30	leiden	RSPO1	58
panel30	leiden	SIAH1	1
panel30	leiden	ITGAL	2
panel30	leiden	CACNA2D1	38
panel30	leiden	ADAM15	2
panel30	leiden	RASSF1	2
panel30	leiden	ATP2A1	59
panel30	leiden	COL9A1	60
panel30	leiden	ANAPC11	13
panel30	leiden	PLN	27
panel30	leiden	PRIM1	11
panel30	leiden	NF1	2
panel30	leiden	EPHA2	2
panel30	leiden	STAT4	2
panel30	leiden	CASP8	6
panel30	leiden	PSMB10	9
panel30	leiden	ARNT	1
panel30	leiden	CCL20	4
panel30	leiden	ELN	10
panel30	leiden	MAP3K5	6
panel30	leiden	XRCC2	17
panel30	leiden	ATP6V1H	16
panel30	leiden	TEAD4	1
panel30	leiden	HLA-DRB1	5
panel30	leiden	MYLK	38
panel30	leiden	COL4A2	61
panel30	leiden	TLR9	6
panel30	leiden	ERC1	6
panel30	leiden	PPP1R13L	1
panel30	leiden	STAT1	2
panel30	leiden	MTOR	3
panel30	leiden	SMURF1	1
panel30	leiden	SMC3	17
panel30	leiden	CXCL9	4
panel30	leiden	DMD	10
panel30	leiden	TLR1	6
panel30	leiden	BECN1	6
panel30	leiden	PSMB5	9
panel30	leiden	ACTA1	10
panel30	leiden	THBS2	10
panel30	leiden	CAPN8	49
panel30	leiden	MAPKAPK2	14
panel30	leiden	MDM4	9
panel30	leiden	TAB2	6
panel30	leiden	UTRN	10
panel30	leiden	IFNGR1	2
panel30	leiden	SDHC	39
panel30	leiden	NDUFS2	8
panel30	leiden	F11R	1
panel30	leiden	LAMTOR2	3
panel30	leiden	IL6R	2
panel30	leiden	CRTC2	1
panel30	leiden	S100A8	2
panel30	leiden	PSMD4	9
panel30	leiden	MCL1	6
panel30	leiden	ATG5	6
panel30	leiden	MAP3K7	6
panel30	leiden	RRAGD	3
panel30	leiden	BRCC3	17
panel30	leiden	NRAS	2
panel30	leiden	ATP6AP1	16
panel30	leiden	FLNA	10
panel30	leiden	NFKB2	1
panel30	leiden	IRAK1	6
panel30	leiden	COX7A2	8
panel30	leiden	COL11A1	62
panel30	leiden	BTRC	1
panel30	leiden	CHUK	6
panel30	leiden	CD40LG	6
panel30	leiden	PSMA7	9
panel30	leiden	GNG12	4
panel30	leiden	XIAP	6
panel30	leiden	JUN	1
panel30	leiden	NDUFA1	8
panel30	leiden	HSP90AB1	2
panel30	leiden	ORC1	11
panel30	leiden	SLC25A5	6
panel30	leiden	PARD6B	1
panel30	leiden	IL13RA1	2
panel30	leiden	AMOT	1
panel30	leiden	RAD54L	17
panel30	leiden	NCOA3	1
panel30	leiden	BMPR1A	25
panel30	leiden	IRS4	2
panel30	leiden	CD40	6
panel30	leiden	MMP9	10
panel30	leiden	ABL1	1
panel30	leiden	CDC20	13
panel30	leiden	VDAC2	6
panel30	leiden	SDC4	2
panel30	leiden	STK4	1
panel30	leiden	YWHAB	1
panel30	leiden	NDUFS5	8
panel30	leiden	RRAGC	3
panel30	leiden	LCN2	10
panel30	leiden	CSF3R	2
panel30	leiden	PSMB2	9
panel30	leiden	PGK1	5
panel30	leiden	RBBP4	13
panel30	leiden	HDAC1	1
panel30	leiden	SRC	2
panel30	leiden	RBL1	13
panel30	leiden	NDUFA8	8
panel30	leiden	TRAF1	6
panel30	leiden	TLR4	6
panel30	leiden	ATP6V1G1	16
panel30	leiden	POLE3	11
panel30	leiden	IL2RG	2
panel30	leiden	CDC26	13
panel30	leiden	BMPR2	25
panel30	leiden	HSPG2	10
panel30	leiden	PARD3	1
panel30	leiden	MAP1LC3A	6
panel30	leiden	HLA-DMA	5
panel30	leiden	PSMB9	9
panel30	leiden	PSMB8	9
panel30	leiden	TAP2	5
panel30	leiden	HLA-DQA2	5
panel30	leiden	HLA-DQB1	5
panel30	leiden	HLA-DRB5	5
panel30	leiden	SDHB	39
panel30	leiden	BAMBI	1
panel30	leiden	HSPA1B	2
panel30	leiden	IRS2	2
panel30	leiden	CSNK2B	13
panel30	leiden	BCL2L1	6
panel30	leiden	COX4I2	8
panel30	leiden	DLG2	2
panel30	leiden	HLA-C	5
panel30	leiden	TNFRSF1B	6
panel30	leiden	HLA-E	5
panel30	leiden	HLA-G	5
panel30	leiden	ATG2A	63
panel30	leiden	PIK3CD	2
panel30	leiden	STAM	9
panel30	leiden	TBC1D4	1
panel30	leiden	TP73	1
panel30	leiden	GNB1	4
panel30	leiden	LRP4	10
panel30	leiden	COX7A2L	8
panel30	leiden	UQCRQ	8
panel30	leiden	OPTN	6
panel30	leiden	RAD50	17
panel30	leiden	PRR5L	3
panel30	leiden	DVL1	1
panel30	leiden	TAB3	6
panel30	leiden	CNTFR	2
panel30	leiden	POLA1	11
panel30	leiden	PCNA	11
panel30	leiden	AGRN	10
panel30	leiden	E2F4	13
panel30	leiden	NDUFB6	8
panel30	leiden	TEK	64
panel30	leiden	RFC3	11
panel30	leiden	BRCA2	17
panel30	leiden	RPS6	9
panel30	leiden	TLR7	6
panel30	leiden	POMP	9
panel30	leiden	IL6ST	2
panel30	leiden	SLC25A6	6
panel30	leiden	CRLF2	2
panel30	leiden	JAK2	2
panel30	leiden	YWHAQ	1
panel30	leiden	LATS2	1
panel30	leiden	PSME1	9
panel30	leiden	SEC13	3
panel30	leiden	DIAPH1	26
panel30	leiden	LAMA1	10
panel30	leiden	SQSTM1	6
panel30	leiden	AKT1S1	3
panel30	leiden	PPP1R12B	37
panel30	leiden	ATG16L1	6
panel30	leiden	GRB2	2
panel30	leiden	TIRAP	6
panel30	leiden	TRAF3	6
panel30	leiden	PIAS3	2
panel30	leiden	ACTN1	10
panel30	leiden	PPP3CB	18
panel30	leiden	PPP3CA	18
panel30	leiden	CDC23	13
panel30	leiden	FZR1	13
panel30	leiden	CDK1	13
panel30	leiden	HLA-DRA	5
panel30	leiden	LAT	2
panel30	leiden	MAPK8	1
panel30	leiden	CXCL1	4
panel30	leiden	IL4R	2
panel30	leiden	CXCL12	4
panel30	leiden	YWHAZ	1
panel30	leiden	NFATC2	1
panel30	leiden	ITGB1	10
panel30	leiden	MOB1A	1
panel30	leiden	MOB1B	1
panel30	leiden	TAX1BP1	6
panel30	leiden	HLA-A	5
panel30	leiden	THRB	1
panel30	leiden	ILK	2
panel30	leiden	CSNK1E	1
panel30	leiden	GAPDH	5
panel30	leiden	CARD11	6
panel30	leiden	IRF7	6
panel30	leiden	ITGB2	2
panel30	leiden	SOCS6	1
panel30	leiden	MAP2K7	1
panel30	leiden	BCL2	6
panel30	leiden	TNFSF11	65
panel30	leiden	MAP3K1	6
panel30	leiden	ROCK1	26
panel30	leiden	GP1BB	2
panel30	leiden	CSF2RB	2
panel30	leiden	FBLN2	10
panel30	leiden	PSME4	9
panel30	leiden	RELA	1
panel30	leiden	SOS1	2
panel30	leiden	CDKN1A	11
panel30	leiden	NCOA1	1
panel30	leiden	IL1R1	6
panel30	leiden	PSMD14	9
panel30	leiden	CD8A	5
panel30	leiden	UBA52	9
panel30	leiden	NDUFA11	8
panel30	leiden	CHEK1	17
panel30	leiden	PSMC2	9
panel30	leiden	PTPN6	2
panel30	leiden	CYLD	6
panel30	leiden	PIK3R5	2
panel30	leiden	CDC7	11
panel30	leiden	HLA-DPA1	5
panel30	leiden	ANAPC7	13
panel30	leiden	MAPK9	1
panel30	leiden	PSMD13	9
panel30	leiden	E2F5	13
panel30	leiden	CALCOCO2	6
panel30	leiden	TNF	6
panel30	leiden	HLA-DMB	5
panel30	leiden	HLA-B	5
panel30	leiden	PRNP	66
panel30	leiden	PPP2R2D	53
panel30	leiden	RHOA	26
panel30	leiden	SHC1	2
panel30	leiden	RAF1	6
panel30	leiden	LTA	6
panel30	leiden	ARRB2	6
panel30	leiden	TAPBP	5
panel30	leiden	ACVR1	25
panel30	leiden	ESR1	2
panel30	leiden	TBL1XR1	1
panel30	leiden	CDC45	11
panel30	leiden	NDUFB3	8
panel30	leiden	HRAS	2
panel30	leiden	LAMP2	2
panel30	leiden	PRKCA	2
panel30	leiden	ARRB1	6
panel30	leiden	MAP2K4	6
panel30	leiden	ATP6V0E2	16
panel30	leiden	PPP2R5C	18
panel30	leiden	CDKN1C	13
panel30	leiden	CUL2	1
panel30	leiden	PSMA1	9
panel30	leiden	TICAM2	6
panel30	leiden	CD36	2
panel30	leiden	NDUFA5	8
panel30	leiden	MED12L	28
panel30	leiden	ATP6V1F	16
panel30	leiden	IRF5	6
panel30	leiden	CACNA2D2	38
panel30	leiden	NDUFA3	8
panel30	leiden	PSMD6	9
panel30	leiden	NDUFB2	8
panel30	leiden	CACNA2D3	38
panel30	leiden	PIK3CG	2
panel30	leiden	WWTR1	1
panel30	leiden	RAD51B	17
panel30	leiden	FLNB	10
panel30	leiden	ANAPC13	13
panel30	leiden	CAST	49
panel30	leiden	NDUFA13	8
panel30	leiden	COX7C	8
panel30	leiden	CXCL2	4
panel30	leiden	PIK3R1	2
panel30	leiden	LYN	2
panel30	leiden	ATP6V0E1	16
panel30	leiden	COX6C	8
panel30	leiden	UQCRB	8
panel30	leiden	NTRK1	67
panel30	leiden	TYK2	2
panel30	leiden	CAPN1	49
panel30	leiden	TRAF6	6
panel30	leiden	TEAD1	1
panel30	leiden	HSPA8	2
panel30	leiden	ANAPC15	13
panel30	leiden	LATS1	1
panel30	leiden	HIF1A	1
panel30	leiden	KLRC1	5
panel30	leiden	CACNB4	38
panel30	leiden	TUBA1A	26
panel30	leiden	PSMD9	9
panel30	leiden	NDUFC1	8
panel30	leiden	UBC	9
panel30	leiden	DAG1	10
panel30	leiden	COX4I1	8
panel30	leiden	ACTG1	10
panel30	leiden	NDUFAB1	8
panel30	leiden	IKBKE	6
panel30	leiden	COX6B1	8
panel30	leiden	UQCR11	8
panel30	leiden	POLD1	11
panel30	leiden	VAV1	2
panel30	leiden	BIRC2	6
panel30	leiden	ANAPC16	13
panel30	leiden	CCL3	68
panel30	leiden	ELOC	1
panel30	leiden	NDUFC2-KCTD14	8
panel30	leiden	UBB	9
panel30	leiden	ADRM1	9
panel30	leiden	YAP1	1
panel30	leiden	CBY1	1
panel30	leiden	PSMC3	9
panel30	leiden	SOCS2	2
panel30	leiden	PLCG2	2
panel30	leiden	NDUFA6	8
panel30	leiden	BTK	2
panel30	leiden	PSMB3	9
panel30	leiden	NPRL3	3
panel30	leiden	NDUFB1	8
panel30	leiden	DAPK2	38
panel30	leiden	PTPN11	2
panel30	leiden	CACNA1A	38
panel30	leiden	CHD8	1
panel30	leiden	TLR5	6
panel30	leiden	COX7B	8
panel30	leiden	MALT1	6
panel30	leiden	CARD14	6
panel30	leiden	EIF3D	69
panel30	leiden	EIF3E	69
panel30	leiden	NUP107	70
panel30	leiden	FANCE	71
panel30	leiden	RPS12	69
panel30	leiden	NUP155	70
panel30	leiden	NUP85	70
panel30	leiden	EIF3K	69
panel30	leiden	EIF2S3	69
panel30	leiden	EIF3G	69
panel30	leiden	NUP210	70
panel30	leiden	OASL	72
panel30	leiden	TUBB2B	73
panel30	leiden	NUP133	70
panel30	leiden	CYBA	74
panel30	leiden	KPNA3	70
panel30	leiden	EIF3J	69
panel30	leiden	HERC5	72
panel30	leiden	NUP54	70
panel30	leiden	TARBP2	69
panel30	leiden	FANCM	71
panel30	leiden	PML	75
panel30	leiden	SOD1	76
panel30	leiden	RPS11	69
panel30	leiden	RPS3	69
panel30	leiden	RANBP2	70
panel30	leiden	NUP205	70
panel30	leiden	UBE2L6	72
panel30	leiden	NCF1	74
panel30	leiden	KPNB1	70
panel30	leiden	EIF4A1	69
panel30	leiden	NUP35	70
panel30	leiden	RPS23	69
panel30	leiden	CENPS	71
panel30	leiden	NUP98	70
panel30	leiden	RPS15A	69
panel30	leiden	RPS27L	69
panel30	leiden	EIF3C	69
panel30	leiden	UBA7	72
panel30	leiden	FAAP100	71
panel30	leiden	KPNA4	70
panel30	leiden	RPS2	69
panel30	leiden	PRDX6	77
panel30	leiden	NUP43	70
panel30	leiden	ATP7A	76
panel30	leiden	NUP50	70
panel30	leiden	RPS21	69
panel30	leiden	RPS3A	69
panel30	leiden	RPS26	69
panel30	leiden	NUP214	70
panel30	leiden	EIF3B	69
panel30	leiden	ILF2	69
panel30	leiden	NCF2	74
panel30	leiden	DHX9	69
panel30	leiden	EIF3A	69
panel30	leiden	GBP5	78
panel30	leiden	GBP4	78
panel30	leiden	GBP2	78
panel30	leiden	GBP1	78
panel30	leiden	NDC1	70
panel30	leiden	IFIT1	79
panel30	leiden	IFIT3	79
panel30	leiden	NUP188	70
panel30	leiden	EIF3I	69
panel30	leiden	RPS4X	69
panel30	leiden	EIF2S2	69
panel30	leiden	NUP160	70
panel30	leiden	RPS16	69
panel30	leiden	FANCG	71
panel30	leiden	DDX58	72
panel30	leiden	FANCA	71
panel30	leiden	RPS9	69
panel30	leiden	POM121	70
panel30	leiden	RPS29	69
panel30	leiden	RPS8	69
panel30	leiden	EIF4G3	69
panel30	leiden	FAAP20	71
panel30	leiden	RPS14	69
panel30	leiden	RPSA	69
panel30	leiden	RPS18	69
panel30	leiden	IFI35	69
panel30	leiden	RPS24	69
panel30	leiden	EIF4G1	69
panel30	leiden	RPS20	69
panel30	leiden	EIF3H	69
panel30	leiden	EIF3F	69
panel30	leiden	FAU	69
panel30	leiden	RPS25	69
panel30	leiden	RPS13	69
panel30	leiden	EIF3M	69
panel30	leiden	NUP153	70
panel30	leiden	RPS15	69
panel30	leiden	RPS19	69
panel30	leiden	RPS28	69
panel30	leiden	RPS5	69
panel30	leiden	RPS10	69
panel30	leiden	RPS7	69
panel30	leiden	RPS17	69
panel30	leiden	RPS27	69
panel30	leiden	DVL3	1
panel30	leiden	HLA-DOB	5
panel30	leiden	HLA-DPB1	5
panel30	leiden	LCK	2
panel30	leiden	ATG14	6
panel30	leiden	SMCR8	6
panel30	leiden	ULK2	6
panel30	leiden	ULK1	6
panel30	leiden	GABARAPL1	6
panel30	leiden	PSMC6	9
panel30	leiden	IGF1	10
panel30	leiden	RFC4	11
panel30	leiden	CEACAM6	12
panel30	leiden	FAS	6
panel30	leiden	NDUFV1	8
panel30	leiden	CD151	10
panel30	leiden	COL17A1	10
panel30	leiden	PLEC	10
panel30	leiden	UQCRHL	8
panel30	leiden	CCNA2	13
panel30	leiden	MCM3	11
panel30	leiden	SEH1L	3
panel30	leiden	MAP2K6	14
panel30	leiden	CTNNB1	1
panel30	leiden	FOXO1	1
panel30	leiden	CDC14A	1
panel30	leiden	LIFR	2
panel30	leiden	BRAF	2
panel30	leiden	DUSP6	2
panel30	leiden	JAK3	2
panel30	leiden	JAK1	2
panel30	leiden	IL15RA	2
panel30	leiden	IL2RA	2
panel30	leiden	AMBRA1	6
panel30	leiden	CDKN1B	1
panel30	leiden	PRF1	15
panel30	leiden	PRIM2	11
panel30	leiden	ATP6V1C1	16
panel30	leiden	ATP6V0B	16
panel30	leiden	SIN3A	13
panel30	leiden	HDAC2	13
panel30	leiden	STAG1	17
panel30	leiden	FGFR2	10
panel30	leiden	MMP14	10
panel30	leiden	CCL5	4
panel30	leiden	VPS11	7
panel30	leiden	PPP2R3B	18
panel30	leiden	PPP2CA	18
panel30	leiden	NRROS	10
panel30	leiden	LTBP3	10
panel30	leiden	LTBP1	10
panel30	leiden	IKBKG	6
panel30	leiden	AKT1	2
panel30	leiden	COL3A1	10
panel30	leiden	RAD52	17
panel30	leiden	RPA2	17
panel30	leiden	ACTG2	10
panel30	leiden	CCL4L2	4
panel30	leiden	GNG2	4
panel30	leiden	SUPT20H	1
panel30	leiden	VWF	10
panel30	leiden	COL5A1	10
panel30	leiden	IL10RB	20
panel30	leiden	IL12RB1	21
panel30	leiden	LAMC3	10
panel30	leiden	SKP2	11
panel30	leiden	CACYBP	11
panel30	leiden	CUL1	11
panel30	leiden	DEPDC5	3
panel30	leiden	GNGT2	23
panel30	leiden	ORC4	11
panel30	leiden	FLT3LG	2
panel30	leiden	ACVR1B	25
panel30	leiden	FST	25
panel30	leiden	TGFBR1	1
panel30	leiden	MYD88	6
panel30	leiden	ACTB	10
panel30	leiden	DIABLO	6
panel30	leiden	ERN1	6
panel30	leiden	DOCK1	2
panel30	leiden	CDC42	26
panel30	leiden	CYBB	26
panel30	leiden	ATP1A2	27
panel30	leiden	PARP1	17
panel30	leiden	MED13	28
panel30	leiden	COL23A1	10
panel30	leiden	CREB1	1
panel30	leiden	FOSL1	1
panel30	leiden	TOP3B	11
panel30	leiden	NOTCH1	6
panel30	leiden	NOTCH3	6
panel30	leiden	CALM1	38
panel30	leiden	ABCE1	29
panel30	leiden	CCNH	28
panel30	leiden	EGLN1	1
panel30	leiden	MLST8	3
panel30	leiden	RRAGA	3
panel30	leiden	LAMTOR3	3
panel30	leiden	PTPN13	1
panel30	leiden	CTBP1	1
panel30	leiden	CCND3	2
panel30	leiden	ITGA6	10
panel30	leiden	FZD8	24
panel30	leiden	FZD7	24
panel30	leiden	STRADA	31
panel30	leiden	MED12	28
panel30	leiden	PIAS1	2
panel30	leiden	BRCA1	17
panel30	leiden	NDUFS1	8
panel30	leiden	VAMP8	7
panel30	leiden	B2M	5
panel30	leiden	CD14	6
panel30	leiden	TLR6	6
panel30	leiden	ELANE	10
panel30	leiden	RAD51	17
panel30	leiden	IGF1R	2
panel30	leiden	ITGA4	10
panel30	leiden	ITGB3	10
panel30	leiden	COL8A2	32
panel30	leiden	WNT10B	1
panel30	leiden	FZD5	1
panel30	leiden	LRP5	1
panel30	leiden	RBBP8	17
panel30	leiden	LPIN1	34
panel30	leiden	LPIN3	34
panel30	leiden	TAOK3	35
panel30	leiden	PDGFB	2
panel30	leiden	GNG7	4
panel30	leiden	VEGFD	2
panel30	leiden	VEGFC	2
panel30	leiden	SH3GLB1	6
panel30	leiden	PIK3R4	6
panel30	leiden	TFDP2	13
panel30	leiden	ATG12	36
panel30	leiden	TGFBR2	1
panel30	leiden	SMAD9	1
panel30	leiden	HIPK2	1
panel30	leiden	PPM1A	1
panel30	leiden	SMAD5	1
panel30	leiden	SOCS4	1
panel30	leiden	SOCS1	1
panel30	leiden	TTI1	3
panel30	leiden	NCOA2	1
panel30	leiden	IRF3	6
panel30	leiden	TBC1D7	2
panel30	leiden	DAPK1	2
panel30	leiden	RPS6KA1	2
panel30	leiden	BCL10	6
panel30	leiden	ZBTB17	1
panel30	leiden	NFYA	1
panel30	leiden	PPP1R12A	37
panel30	leiden	CASP7	6
panel30	leiden	POLD2	11
panel30	leiden	EGLN2	1
panel30	leiden	COL18A1	2
panel30	leiden	CALM2	38
panel30	leiden	CALM3	38
panel30	leiden	LAMB3	10
panel30	leiden	CD86	5
panel30	leiden	BAD	1
panel30	leiden	FNIP1	3
panel30	leiden	SDC3	2
panel30	leiden	FZD6	24
panel30	leiden	ROR1	24
panel30	leiden	RXRA	28
panel30	leiden	SEM1	9
panel30	leiden	IL22RA1	2
panel30	leiden	AREG	2
panel30	leiden	ITGAM	2
panel30	leiden	SDHD	39
panel30	leiden	DEPTOR	40
panel30	leiden	ATRX	2
panel30	leiden	CACNA1H	38
panel30	leiden	CDC27	13
panel30	leiden	TFDP1	13
panel30	leiden	SKI	1
panel30	leiden	TBL1X	1
panel30	leiden	TGFA	2
panel30	leiden	ITCH	9
panel30	leiden	FTL	41
panel30	leiden	F2R	4
panel30	leiden	LPAR1	4
panel30	leiden	VAV2	2
panel30	leiden	ATP6V0D2	16
panel30	leiden	CDKN2A	1
panel30	leiden	C9orf72	3
panel30	leiden	SLC38A9	16
panel30	leiden	MYL12B	42
panel30	leiden	VDAC1	6
panel30	leiden	VDAC3	6
panel30	leiden	PGF	2
panel30	leiden	MAP1LC3B2	6
panel30	leiden	MAP1LC3B	6
panel30	leiden	CSF1	2
panel30	leiden	BMPR1B	43
panel30	leiden	BUB3	13
panel30	leiden	ZFYVE16	37
panel30	leiden	RXRG	44
panel30	leiden	GRB10	2
panel30	leiden	KITLG	2
panel30	leiden	CCNE2	13
panel30	leiden	ATG2B	45
panel30	leiden	FZD4	24
panel30	leiden	CIITA	46
panel30	leiden	TNFSF13B	47
panel30	leiden	FGF17	48
panel30	leiden	BBC3	6
panel30	leiden	BCL2L11	6
panel30	leiden	BAK1	6
panel30	leiden	ERBB4	2
panel30	leiden	CSF2RA	2
panel30	leiden	IKBKB	2
panel30	leiden	JAM2	1
panel30	leiden	P4HB	5
panel30	leiden	GTSE1	13
panel30	leiden	RAPGEF1	2
panel30	leiden	LIN52	13
panel30	leiden	HIPK3	6
panel30	leiden	PEA15	6
panel30	leiden	CTRB1	50
panel30	leiden	GNG5	51
panel30	leiden	ITPR3	6
panel30	leiden	CASP2	1
panel30	leiden	ATG4B	6
panel30	leiden	PDHA1	52
panel30	leiden	ATG13	3
panel30	leiden	RNASEH2B	19
panel30	leiden	NEO1	25
panel30	leiden	VPS16	7
panel30	leiden	HSPA1L	2
panel30	leiden	APAF1	6
panel30	leiden	RAD1	11
panel30	leiden	ANAPC4	13
panel30	leiden	IL18R1	6
panel30	leiden	IRF9	2
panel30	leiden	SYCP3	17
panel30	leiden	ENO1	5
panel30	leiden	PPP2R5D	53
panel30	leiden	FRAT1	1
panel30	leiden	FBN2	10
panel30	leiden	MED24	28
panel30	leiden	LMNA	33
panel30	leiden	MFAP2	10
panel30	leiden	TNFAIP3	6
panel30	leiden	COL4A6	54
panel30	leiden	MAPKAPK5	55
panel30	leiden	SLC3A2	10
panel30	leiden	HSPA1A	2
panel30	leiden	DDIT3	1
panel30	leiden	TUBA1C	26
panel30	leiden	SNTB1	10
panel30	leiden	FGF9	10
panel30	leiden	PTEN	2
panel30	leiden	GHR	2
panel30	leiden	FRMD6	37
panel30	leiden	PPP1CB	37
panel30	leiden	PKN2	26
panel30	leiden	PRKCZ	26
panel30	leiden	MAP3K4	26
panel30	leiden	E2F2	11
panel30	leiden	CASK	2
panel30	leiden	PRKAA2	56
panel30	leiden	MAGI1	10
panel30	leiden	HK1	57
panel30	leiden	DLG4	2
panel30	leiden	DNA2	17
panel30	leiden	MYH6	22
panel30	leiden	PIAS2	2
panel30	leiden	ADAM12	30
panel30	leiden	CLIP1	26
panel30	leiden	ZNRF3	58
panel30	leiden	ATP2A2	59
panel30	leiden	COL9A3	60
panel30	leiden	PTTG1	13
panel30	leiden	EFNA4	2
panel30	leiden	EFNA1	2
panel30	leiden	FASLG	6
panel30	leiden	COL4A1	61
panel30	leiden	PRR5	3
panel30	leiden	DTNB	10
panel30	leiden	MAPKAPK3	14
panel30	leiden	IL6	2
panel30	leiden	S100A9	2
panel30	leiden	POLE4	11
panel30	leiden	MAP3K14	1
panel30	leiden	COL16A1	62
panel30	leiden	NFATC1	1
panel30	leiden	PATJ	1
panel30	leiden	RXRB	1
panel30	leiden	RASSF5	1
panel30	leiden	HDAC8	13
panel30	leiden	TGIF2	1
panel30	leiden	MYC	1
panel30	leiden	FGF1	10
panel30	leiden	HLA-DQB2	5
panel30	leiden	CSNK2A3	13
panel30	leiden	ATG9A	63
panel30	leiden	CSNK1D	1
panel30	leiden	ANGPT1	64
panel30	leiden	RFC1	11
panel30	leiden	CALML4	18
panel30	leiden	ANAPC10	13
panel30	leiden	STK3	1
panel30	leiden	PARVB	2
panel30	leiden	ALDOA	5
panel30	leiden	TLN2	2
panel30	leiden	ITGAX	2
panel30	leiden	MAPK8IP3	1
panel30	leiden	TNFRSF11A	65
panel30	leiden	ACAN	10
panel30	leiden	NCAM1	66
panel30	leiden	LTB	6
panel30	leiden	PRKCB	2
panel30	leiden	PIK3R6	2
panel30	leiden	RAD51D	17
panel30	leiden	PIK3CB	2
panel30	leiden	TPM3	67
panel30	leiden	CAPNS1	49
panel30	leiden	SGCE	10
panel30	leiden	CCL4	68
panel30	leiden	EIF3L	69
panel30	leiden	NUP58	70
panel30	leiden	NUP62	70
panel30	leiden	CENPX	71
panel30	leiden	POM121C	70
panel30	leiden	EIF1AX	69
panel30	leiden	TUBB2A	73
panel30	leiden	NCF4	74
panel30	leiden	ISG15	72
panel30	leiden	SP100	75
panel30	leiden	SOD2	76
panel30	leiden	CCS	76
panel30	leiden	NUP88	70
panel30	leiden	SUMO1	70
panel30	leiden	KPNA1	70
panel30	leiden	KPNA2	70
panel30	leiden	EIF4A3	69
panel30	leiden	NUP37	70
panel30	leiden	GSTP1	77
panel30	leiden	ATOX1	76
panel30	leiden	ADAR	69
panel30	leiden	GBP3	78
panel30	leiden	IFIT2	79
panel30	leiden	FAAP24	71
panel30	leiden	FANCL	71
panel30	leiden	EIF4G2	69
