sample	muscle_score	condition
GTEX-OHPL-2626-SM-2HMJA	0.441916666666667	Normal
GTEX-YEC3-0826-SM-5P9JF	-1.09847291666667	Normal
GTEX-WOFL-0726-SM-3MJG4	1.9334625	Normal
GTEX-11GSP-0126-SM-5A5KU	5.4947125	Normal
GTEX-YEC3-0826-SM-4WWFP	-0.63179375	Normal
GTEX-ZLFU-0626-SM-4WWBO	-0.384891666666667	Normal
GTEX-WEY5-0526-SM-3GIKZ	0.467445833333333	Normal
GTEX-RU72-0126-SM-2TF6Z	0.922354166666667	Normal
GTEX-11DXY-0426-SM-5H12R	0.9357375	Normal
GTEX-13VXU-0826-SM-5KLZ2	0.11829375	Normal
GTEX-13OW8-0126-SM-5IJE5	-0.234120833333333	Normal
GTEX-Q2AH-0726-SM-2I3EA	-0.363402083333333	Normal
GTEX-ZDTS-0926-SM-4WAXG	0.257264583333333	Normal
GTEX-ZYFC-0926-SM-5GZWW	1.12093958333333	Normal
GTEX-13FHP-0926-SM-5L3EC	1.04013125	Normal
GTEX-145LU-0426-SM-5O9AH	-0.0883	Normal
GTEX-REY6-0526-SM-2TF5M	0.382722916666667	Normal
GTEX-11EM3-0126-SM-5985K	-0.0704583333333333	Normal
GTEX-11DXX-0226-SM-5P9HL	-0.27373125	Normal
GTEX-PWN1-2626-SM-2I3FH	-0.314983333333333	Normal
GTEX-12584-0826-SM-5FQSK	0.552964583333333	Normal
GTEX-13111-0226-SM-5EQ55	0.67360625	Normal
GTEX-11ZVC-0126-SM-5986G	0.1139125	Normal
GTEX-Q2AI-0326-SM-2I3EK	-0.20701875	Normal
GTEX-11O72-2326-SM-5BC7H	-0.3946125	Normal
GTEX-139TS-0126-SM-5K7XJ	0.870410416666667	Normal
GTEX-RM2N-0526-SM-2TF4N	0.298685416666667	Normal
GTEX-13112-0326-SM-5P9IW	-0.545877083333333	Normal
GTEX-11EMC-0226-SM-5EGLP	0.27343125	Normal
GTEX-132NY-1026-SM-5P9IY	-0.9501875	Normal
GTEX-YFC4-2626-SM-5P9FQ	-0.39023125	Normal
GTEX-11GS4-0826-SM-5986J	0.236825	Normal
GTEX-ZDYS-0626-SM-5J2N5	0.0744708333333333	Normal
GTEX-11TT1-1126-SM-5P9GV	-0.956404166666667	Normal
GTEX-WVLH-0626-SM-3MJG7	-0.0836833333333333	Normal
GTEX-WY7C-0226-SM-3NB37	-0.1252	Normal
GTEX-13O3Q-0626-SM-5IJG1	-0.379254166666667	Normal
GTEX-ZLWG-0526-SM-4WWFB	-0.593089583333333	Normal
GTEX-111VG-0526-SM-5N9BW	-1.08827291666667	Normal
GTEX-S4Q7-0326-SM-3K2B1	0.537547916666667	Normal
GTEX-13G51-1226-SM-5K7Z3	0.69908125	Normal
GTEX-12WSB-0726-SM-5N9GD	-0.380777083333333	Normal
GTEX-12WSC-0826-SM-5EQ5Q	0.613791666666667	Normal
GTEX-13NYB-0726-SM-5MR4J	-0.637741666666667	Normal
GTEX-13OW6-0726-SM-5L3FX	0.45480625	Normal
GTEX-144GM-0226-SM-5Q5CB	-1.2898375	Normal
GTEX-13QBU-0626-SM-5J2OG	-0.235760416666667	Normal
GTEX-W5WG-1426-SM-4KKZP	0.2373375	Normal
GTEX-ZTPG-0826-SM-5DUVC	-0.684422916666667	Normal
GTEX-13S86-1126-SM-5RQJX	-0.616947916666667	Normal
GTEX-WHPG-0226-SM-3NMB9	-0.18725	Normal
GTEX-13O1R-0826-SM-5J2MB	0.1326125	Normal
GTEX-N7MS-2326-SM-2HMLD	1.15996458333333	Normal
GTEX-ZVZQ-0626-SM-59HJU	2.64699583333333	Normal
GTEX-OXRP-0326-SM-5SI7J	-0.19396875	Normal
GTEX-117YW-0126-SM-5EGGN	-0.268985416666667	Normal
GTEX-13PVQ-0726-SM-5L3GI	0.037575	Normal
GTEX-117XS-0526-SM-5987Q	0.87554375	Normal
GTEX-11LCK-0526-SM-5A5M9	0.253122916666667	Normal
GTEX-133LE-0326-SM-5P9G4	-0.788008333333333	Normal
GTEX-13O3O-0926-SM-5KM1F	0.4007125	Normal
GTEX-WFG8-0426-SM-3GILD	-0.526922916666667	Normal
GTEX-1212Z-0426-SM-5FQT6	0.877727083333333	Normal
GTEX-ZVP2-0426-SM-57WC2	-0.174729166666667	Normal
GTEX-ZE7O-1126-SM-57WC8	0.291216666666667	Normal
GTEX-145ME-0126-SM-5S2QM	-0.156797916666667	Normal
GTEX-13FTW-0626-SM-5IFEX	-2.095925	Normal
GTEX-11NUK-1026-SM-5HL5J	0.4887875	Normal
GTEX-12WSD-0926-SM-5GCNL	-0.355789583333333	Normal
GTEX-111CU-0226-SM-5GZXC	0.75593125	Normal
GTEX-113JC-0126-SM-5EGJW	0.0464770833333334	Normal
GTEX-OHPK-2626-SM-2HMK9	0.110545833333333	Normal
GTEX-13YAN-0926-SM-5O9C3	-0.600289583333333	Normal
GTEX-WL46-0126-SM-3TW8I	-0.128522916666667	Normal
GTEX-13FXS-0726-SM-5LZXJ	-0.22394375	Normal
GTEX-OXRP-0326-SM-33HBJ	-0.222575	Normal
GTEX-YEC4-0626-SM-5CVLU	0.719270833333333	Normal
GTEX-OIZG-0226-SM-2TC5L	0.668947916666667	Normal
GTEX-14BMU-0226-SM-5S2QA	-1.11046458333333	Normal
GTEX-13CF3-0926-SM-5LZZC	-0.291135416666667	Normal
GTEX-13X6J-0826-SM-5LU32	0.910233333333333	Normal
GTEX-14ABY-0926-SM-5Q5DY	1.34653958333333	Normal
GTEX-SIU8-0626-SM-2XCDN	0.535872916666667	Normal
GTEX-Y5V6-0526-SM-4VBRV	0.1514625	Normal
GTEX-13O21-2226-SM-5MR3L	-0.988264583333333	Normal
GTEX-RTLS-0626-SM-5SI7Z	-0.126172916666667	Normal
GTEX-X4LF-0426-SM-3NMB5	-0.0144375	Normal
GTEX-1128S-0126-SM-5H12S	0.085375	Normal
GTEX-YJ89-0726-SM-5P9F7	-0.44418125	Normal
GTEX-ZLV1-0126-SM-4WWBZ	-0.50566875	Normal
GTEX-ZZ64-0126-SM-5GZXA	0.4889	Normal
GTEX-12696-0326-SM-5EGL4	0.116697916666667	Normal
GTEX-WXYG-0226-SM-3NB2Y	0.116691666666667	Normal
GTEX-145MG-0826-SM-5Q5C2	-0.308179166666667	Normal
GTEX-P4QT-2626-SM-2I3FM	-0.903672916666667	Normal
GTEX-Y3IK-0526-SM-4WWE3	0.00788333333333334	Normal
GTEX-13FTY-0726-SM-5J2OH	0.403327083333333	Normal
GTEX-OOBK-2626-SM-2HMKY	2.19545833333333	Normal
GTEX-12WSN-0726-SM-5GCMS	-0.586770833333333	Normal
GTEX-QDVN-0626-SM-2I3FP	-0.779920833333333	Normal
GTEX-12WSJ-0326-SM-5GCMT	-0.520204166666667	Normal
GTEX-132AR-1126-SM-5P9GA	-0.56553125	Normal
GTEX-11XUK-0226-SM-5EQLW	-0.288039583333333	Normal
GTEX-X8HC-0726-SM-46MWG	-0.2975375	Normal
GTEX-11ZTS-1126-SM-5LU9X	-0.2442125	Normal
GTEX-YF7O-0726-SM-4W213	-0.593558333333333	Normal
GTEX-13X6H-0526-SM-5LU4Q	0.190183333333333	Normal
GTEX-132QS-0326-SM-5IJFN	-0.900222916666667	Normal
GTEX-X15G-0526-SM-3NMB7	0.293372916666667	Normal
GTEX-111YS-0726-SM-5GZY8	0.771477083333333	Normal
GTEX-ZAK1-0726-SM-5HL8Q	-0.607033333333333	Normal
GTEX-WYJK-1626-SM-3NM9J	0.705585416666667	Normal
GTEX-U8T8-2326-SM-3DB96	0.44289375	Normal
GTEX-12BJ1-0426-SM-5FQSO	0.546233333333333	Normal
GTEX-13NYC-2426-SM-5MR3K	-0.64986875	Normal
GTEX-ZPU1-0426-SM-4WWCA	0.0114583333333333	Normal
GTEX-Y8E4-0126-SM-4VBQ2	0.393072916666667	Normal
GTEX-11EQ9-0626-SM-5A5K1	0.102833333333333	Normal
GTEX-ZAB5-0726-SM-5P9JG	-0.949772916666667	Normal
GTEX-S32W-0726-SM-2XCBL	2.18472708333333	Normal
GTEX-SE5C-0726-SM-4BRWY	-1.26818333333333	Normal
GTEX-ZPCL-0126-SM-4WWC8	0.139335416666667	Normal
GTEX-ZVT3-0726-SM-5GICN	0.25369375	Normal
GTEX-X4XY-0826-SM-4E3JM	-0.324595833333333	Normal
GTEX-ZYFG-0626-SM-5GZYA	0.638233333333333	Normal
GTEX-13OW7-0826-SM-5L3EL	2.20412708333333	Normal
GTEX-RVPV-1226-SM-2TF73	0.287585416666667	Normal
GTEX-ZV7C-0126-SM-57WDE	-0.44973125	Normal
GTEX-WFG7-0326-SM-5SI7L	-0.73240625	Normal
GTEX-13N1W-0826-SM-5MR5J	-1.62007083333333	Normal
GTEX-R55G-0726-SM-2TC6J	1.78651041666667	Normal
GTEX-WYVS-0326-SM-3NM9V	0.625110416666667	Normal
GTEX-1211K-0726-SM-5FQUW	0.367933333333333	Normal
GTEX-XUW1-1026-SM-4BONY	0.0652104166666667	Normal
GTEX-WHSB-1626-SM-3LK6J	-0.058775	Normal
GTEX-Y5LM-0626-SM-4V6G4	0.00369375000000001	Normal
GTEX-11TUW-0226-SM-5LU8X	-0.323777083333333	Normal
GTEX-145MH-0426-SM-5LU8T	0.0145916666666667	Normal
GTEX-11VI4-0226-SM-5GU6C	-0.114908333333333	Normal
GTEX-OOBJ-2626-SM-2I3F6	-1.11786875	Normal
GTEX-13RTK-0326-SM-5RQHS	-0.323216666666667	Normal
GTEX-13D11-0226-SM-5LZXL	-0.913533333333333	Normal
GTEX-S341-0226-SM-5S2VG	-0.61714375	Normal
GTEX-PWCY-2326-SM-2I3EQ	-0.501458333333333	Normal
GTEX-12ZZX-1226-SM-5EGHS	-0.128991666666667	Normal
GTEX-11ZTT-1026-SM-5EQKF	-0.75559375	Normal
GTEX-139UW-0126-SM-5KM1B	0.35645	Normal
GTEX-TKQ1-0126-SM-33HB3	-0.286354166666667	Normal
GTEX-WK11-0926-SM-3NMAU	0.928404166666667	Normal
GTEX-11P7K-0226-SM-5986Z	-0.39268125	Normal
GTEX-OXRK-0626-SM-2HMJ5	0.215433333333333	Normal
GTEX-Q2AG-0826-SM-2HMKF	0.933083333333333	Normal
GTEX-ZT9X-0226-SM-51MT2	0.202239583333333	Normal
GTEX-PWOO-0926-SM-2I3EC	-0.420485416666667	Normal
GTEX-WI4N-0926-SM-3LK7K	0.417102083333333	Normal
GTEX-11I78-0526-SM-5986A	-0.0669875	Normal
GTEX-ZGAY-1026-SM-4WWBR	-0.422664583333333	Normal
GTEX-1497J-0126-SM-5Q5BK	0.0673770833333333	Normal
GTEX-131XF-1826-SM-5EGKG	-0.0874895833333333	Normal
GTEX-131XE-0126-SM-5LZVC	0.10018125	Normal
GTEX-146FQ-0726-SM-5LUA7	-0.297602083333333	Normal
GTEX-ZYY3-1926-SM-5GZXS	0.7260625	Normal
GTEX-OIZH-2626-SM-2HMJM	0.75523125	Normal
GTEX-TSE9-0626-SM-3DB8B	0.1376875	Normal
GTEX-ZA64-0426-SM-5HL96	-0.662960416666667	Normal
GTEX-1122O-0226-SM-5N9DA	-0.945041666666667	Normal
GTEX-12WSG-0226-SM-5EGIF	-0.02879375	Normal
GTEX-12ZZZ-1226-SM-59HK1	0.3070625	Normal
GTEX-13OVG-0226-SM-5LU93	-0.610929166666667	Normal
GTEX-NFK9-0726-SM-2HMJW	0.36444375	Normal
GTEX-XV7Q-0326-SM-4BRVM	-0.2773125	Normal
GTEX-R3RS-0726-SM-3GIJR	1.05431875	Normal
GTEX-W5X1-0426-SM-3GILB	0.379670833333333	Normal
GTEX-11EI6-0726-SM-59866	0.11603125	Normal
GTEX-RWS6-0626-SM-2XCAS	0.792985416666667	Normal
GTEX-14ICL-0426-SM-5RQJ3	-0.330772916666667	Normal
GTEX-ZXG5-0926-SM-5NQ8H	-0.258041666666667	Normal
GTEX-SN8G-1526-SM-4DM79	0.00283333333333335	Normal
GTEX-14C38-0826-SM-5S2U8	-0.320020833333333	Normal
GTEX-ZT9W-0226-SM-4YCCZ	-0.520952083333333	Normal
GTEX-QXCU-0326-SM-2TC63	0.820735416666667	Normal
GTEX-ZV6S-0226-SM-59HJT	-0.173191666666667	Normal
GTEX-14753-0926-SM-5Q5BI	-0.297954166666667	Normal
GTEX-P4QS-2626-SM-2I3EV	-0.895552083333333	Normal
GTEX-XBEW-0126-SM-4AT66	-0.1457125	Normal
GTEX-144GO-0126-SM-5LUAO	-0.867635416666667	Normal
GTEX-111FC-1026-SM-5GZX1	0.9164625	Normal
GTEX-ZY6K-0226-SM-5SIAY	0.64251875	Normal
GTEX-12WSL-0626-SM-5GCOY	-0.293922916666667	Normal
GTEX-13JVG-0926-SM-5IJE1	-0.862279166666667	Normal
GTEX-14A5H-0726-SM-5Q5DW	-0.00927291666666667	Normal
GTEX-RN64-0626-SM-2TC5V	0.520466666666667	Normal
GTEX-XXEK-1326-SM-4BRV1	-1.09167291666667	Normal
GTEX-XGQ4-0426-SM-4AT4I	-0.29909375	Normal
GTEX-YFCO-0326-SM-4W1ZP	-0.460289583333333	Normal
GTEX-13N2G-0726-SM-5MR38	-0.762283333333333	Normal
GTEX-WH7G-0526-SM-3NMBI	-0.265177083333333	Normal
GTEX-ZYW4-1126-SM-5SI99	-0.503685416666667	Normal
GTEX-XMK1-0626-SM-4B65A	0.489864583333333	Normal
GTEX-13PL6-1026-SM-5L3E5	1.10782916666667	Normal
GTEX-RTLS-0626-SM-2TF6G	2.8069875	Normal
GTEX-13N11-1026-SM-5K7XQ	0.333547916666667	Normal
GTEX-Y3I4-0226-SM-4TT27	0.0189604166666667	Normal
GTEX-Y9LG-0426-SM-4VBRT	0.235839583333333	Normal
GTEX-Y114-0626-SM-4TT98	0.577964583333333	Normal
GTEX-X5EB-0726-SM-46MVR	-0.884052083333333	Normal
GTEX-SJXC-0726-SM-2XCFJ	0.105066666666667	Normal
GTEX-ZYT6-0426-SM-5GID3	1.23681458333333	Normal
GTEX-P4PQ-2626-SM-5SI7K	-0.40186875	Normal
GTEX-Y5V5-0326-SM-5RQJG	-0.530529166666667	Normal
GTEX-1399R-0126-SM-5IFEV	-0.835414583333333	Normal
GTEX-S7SE-0726-SM-2XCD7	0.8247625	Normal
GTEX-XUJ4-0726-SM-4BOOP	4.65196875	Normal
GTEX-RNOR-0926-SM-2TF56	0.477764583333333	Normal
GTEX-13113-0126-SM-5LZVX	-0.179235416666667	Normal
GTEX-WWYW-0826-SM-3NB2X	0.9508625	Normal
GTEX-13NZ9-1126-SM-5MR37	0.345447916666667	Normal
GTEX-WYBS-1926-SM-3NM8N	0.353775	Normal
GTEX-12WSH-0226-SM-5GCOG	-0.31803125	Normal
GTEX-11TTK-0826-SM-5N9EG	-1.55458333333333	Normal
GTEX-XUZC-0126-SM-4BOO6	-0.620991666666667	Normal
GTEX-POYW-0826-SM-2XCEM	1.63874583333333	Normal
GTEX-XLM4-0726-SM-4AT64	-0.500827083333333	Normal
GTEX-131XG-0226-SM-5IFG1	-1.44947916666667	Normal
GTEX-WFG7-0326-SM-3GILI	1.25093125	Normal
GTEX-R55E-0826-SM-2TC5M	0.710679166666667	Normal
GTEX-XBED-0126-SM-47JY7	-0.178502083333333	Normal
GTEX-14E6C-2626-SM-5RQJP	-0.444833333333333	Normal
GTEX-11NSD-0126-SM-5987F	-0.3540625	Normal
GTEX-144FL-2326-SM-5LUAC	-1.35818125	Normal
GTEX-ZC5H-0626-SM-5LU9K	-0.90033125	Normal
GTEX-U4B1-0626-SM-3DB8L	0.287166666666667	Normal
GTEX-13O3P-0726-SM-5J2OM	0.28219375	Normal
GTEX-YB5E-0626-SM-4VDSE	-0.742689583333333	Normal
GTEX-ZVZP-1026-SM-5GICI	0.185827083333333	Normal
GTEX-14AS3-0226-SM-5Q5B6	-0.115685416666667	Normal
GTEX-148VJ-0726-SM-5LU8J	-0.735	Normal
GTEX-1313W-0726-SM-5EGK1	-0.153802083333333	Normal
GTEX-X4XX-0926-SM-46MV7	-0.104158333333333	Normal
GTEX-1192X-1126-SM-5EGGU	0.399491666666667	Normal
GTEX-146FR-0326-SM-5SI8U	-0.469125	Normal
GTEX-11DZ1-2726-SM-5A5KH	-0.272958333333333	Normal
GTEX-OIZI-0726-SM-2XCEI	0.46229375	Normal
GTEX-P4PQ-2626-SM-33HC9	-0.55348125	Normal
GTEX-11UD2-0626-SM-5GU6L	0.287	Normal
GTEX-Q734-0526-SM-2I3EH	-1.00993541666667	Normal
GTEX-ZZPU-1326-SM-5GZWS	0.305770833333333	Normal
GTEX-13W46-0926-SM-5LU3T	0.490089583333333	Normal
GTEX-UJMC-0326-SM-3GAE2	1.43315	Normal
GTEX-SUCS-0226-SM-32PLQ	0.786510416666667	Normal
GTEX-13OVI-0826-SM-5KLZ8	0.684466666666667	Normal
GTEX-13VXT-0626-SM-5SIA1	0.758095833333333	Normal
GTEX-VUSG-0426-SM-3GIKD	-0.34909375	Normal
GTEX-T6MO-0226-SM-32QOL	-0.648702083333333	Normal
GTEX-13OW5-0626-SM-5J2N2	0.00453333333333336	Normal
GTEX-RU1J-0226-SM-2TF5Y	0.785583333333333	Normal
GTEX-117YX-1226-SM-5H11S	0.0141770833333333	Normal
GTEX-12WSK-0926-SM-5CVNQ	0.462654166666667	Normal
GTEX-WHSE-0626-SM-4RGNF	-0.0366333333333333	Normal
GTEX-QV44-0826-SM-2S1RG	0.15966875	Normal
GTEX-XYKS-0826-SM-4BRVF	4.97947916666667	Normal
GTEX-OHPM-2626-SM-5SI7I	-0.45519375	Normal
GTEX-R55C-0626-SM-2TF4Q	0.269575	Normal
GTEX-SIU7-1126-SM-2XCDW	-0.160229166666667	Normal
GTEX-V1D1-0926-SM-4JBHQ	-0.0598104166666667	Normal
GTEX-Y111-1926-SM-4SOIS	0.511510416666667	Normal
GTEX-V955-0426-SM-3GAEL	-0.730602083333333	Normal
GTEX-SNOS-0226-SM-32PLR	1.08388333333333	Normal
GTEX-12WS9-0726-SM-5FQT7	0.3843625	Normal
GTEX-OHPM-2626-SM-33HC5	-0.908879166666667	Normal
GTEX-11P81-0126-SM-5HL5Y	-0.125916666666667	Normal
GTEX-11GSO-0626-SM-5A5LW	-0.46105625	Normal
GTEX-UPIC-0226-SM-3GADO	1.90185625	Normal
GTEX-13IVO-0926-SM-5KLZP	0.1036625	Normal
GTEX-145MI-1126-SM-5O9AK	-0.877445833333333	Normal
GTEX-OXRO-1226-SM-48TDL	-1.60574166666667	Normal
GTEX-13NZ8-0226-SM-5J2OK	0.0914166666666667	Normal
GTEX-11EQ8-0826-SM-5N9FG	-1.31956875	Normal
GTEX-SUCS-0226-SM-5CHQG	-9.9658	Normal
TCGA-EM-A3O9-01	-3.35992708333333	THCA
TCGA-BJ-A28W-01	-2.29472916666667	THCA
TCGA-ET-A40P-01	-2.37122916666667	THCA
TCGA-DJ-A13R-01	-4.05414583333333	THCA
TCGA-DJ-A2Q9-01	-2.25632708333333	THCA
TCGA-EL-A3CR-01	-2.55432083333333	THCA
TCGA-EL-A3CO-01	-1.52107708333333	THCA
TCGA-EL-A3ZO-01	-2.03010208333333	THCA
TCGA-EL-A3CY-01	-1.38888958333333	THCA
TCGA-DJ-A2Q1-01	-3.08268125	THCA
TCGA-EL-A3H5-01	-3.32826875	THCA
TCGA-EL-A3ZM-01	-3.30427708333333	THCA
TCGA-EM-A3O3-01	-2.54384583333333	THCA
TCGA-FK-A3SG-01	-2.43833541666667	THCA
TCGA-EM-A3FM-01	-3.68522083333333	THCA
TCGA-EL-A3T9-01	-1.17908333333333	THCA
TCGA-ET-A2N0-01	-3.24988333333333	THCA
TCGA-FY-A3WA-01	-2.42577708333333	THCA
TCGA-CE-A27D-01	-2.8215125	THCA
TCGA-FY-A3I5-01	-3.30901666666667	THCA
TCGA-BJ-A45E-01	-3.75668541666667	THCA
TCGA-DJ-A4UP-01	-2.15004583333333	THCA
TCGA-4C-A93U-01	-2.92721666666667	THCA
TCGA-EL-A3GP-01	4.10915416666667	THCA
TCGA-KS-A41L-01	-3.71102291666667	THCA
TCGA-EM-A3FQ-01	-2.02326458333333	THCA
TCGA-BJ-A2N9-01	-3.32052916666667	THCA
TCGA-DJ-A3VB-01	-3.3437625	THCA
TCGA-EM-A3AO-01	-2.47181041666667	THCA
TCGA-BJ-A3PR-01	-2.29437916666667	THCA
TCGA-FE-A23A-01	-3.26355208333333	THCA
TCGA-DJ-A3UW-01	-3.13614166666667	THCA
TCGA-ET-A4KN-01	-3.94997083333333	THCA
TCGA-EM-A4FQ-01	-3.4449375	THCA
TCGA-FE-A3PB-01	-2.99326875	THCA
TCGA-ET-A39K-01	-3.18868125	THCA
TCGA-FE-A235-01	-2.32891875	THCA
TCGA-EM-A4FM-01	-3.397025	THCA
TCGA-FY-A3I4-01	-2.03380833333333	THCA
TCGA-ET-A3DU-01	-3.57011458333333	THCA
TCGA-ET-A25G-01	-3.87186666666667	THCA
TCGA-EL-A3D6-01	-3.1455375	THCA
TCGA-E8-A2JQ-01	-3.00205416666667	THCA
TCGA-DJ-A3VD-01	-2.29363958333333	THCA
TCGA-EL-A3D1-01	-2.7402625	THCA
TCGA-BJ-A0ZH-01	-2.8322125	THCA
TCGA-ET-A3BV-01	-2.937275	THCA
TCGA-IM-A3U2-01	-3.49489583333333	THCA
TCGA-DJ-A4UW-01	-2.21676666666667	THCA
TCGA-EL-A3ZP-01	-2.46219166666667	THCA
TCGA-EL-A3CT-01	-3.71439375	THCA
TCGA-EL-A3MY-01	-3.04005625	THCA
TCGA-DJ-A2PT-01	-2.81205416666667	THCA
TCGA-DE-A4MB-01	-2.41746666666667	THCA
TCGA-EM-A2CO-01	-4.06335416666667	THCA
TCGA-BJ-A28Z-01	-2.962025	THCA
TCGA-EM-A2P1-01	-3.44438958333333	THCA
TCGA-FE-A3PA-01	-2.95252708333333	THCA
TCGA-IM-A420-01	-3.19839375	THCA
TCGA-BJ-A0Z9-01	-3.68564583333333	THCA
TCGA-EM-A2CM-01	-4.50071041666667	THCA
TCGA-E8-A242-01	-3.13067291666667	THCA
TCGA-EL-A3TA-01	-2.1267125	THCA
TCGA-DJ-A3UT-01	-2.854125	THCA
TCGA-EL-A3T0-01	-1.61860208333333	THCA
TCGA-E8-A2EA-01	-2.51452708333333	THCA
TCGA-KS-A41I-01	-3.41506041666667	THCA
TCGA-FE-A22Z-01	-3.4505375	THCA
TCGA-ET-A3DO-01	-3.27609583333333	THCA
TCGA-H2-A26U-01	1.14143125	THCA
TCGA-EM-A1YD-01	-2.62044583333333	THCA
TCGA-DO-A2HM-01	-2.34427083333333	THCA
TCGA-DJ-A13O-01	-2.64657291666667	THCA
TCGA-FE-A3PC-01	-2.80635625	THCA
TCGA-KS-A4I5-01	-2.93477708333333	THCA
TCGA-J8-A3YF-01	-2.91202291666667	THCA
TCGA-EM-A4FO-01	-1.94297083333333	THCA
TCGA-KS-A41J-01	-3.57814375	THCA
TCGA-CE-A484-01	-2.99225416666667	THCA
TCGA-J8-A3YG-01	-2.51275833333333	THCA
TCGA-EM-A1YB-01	-3.91553125	THCA
TCGA-EL-A3H7-01	-3.60686875	THCA
TCGA-EL-A4K1-01	-3.406525	THCA
TCGA-DE-A7U5-01	-2.63521458333333	THCA
TCGA-BJ-A45I-01	-2.80722291666667	THCA
TCGA-E8-A438-01	-2.47401041666667	THCA
TCGA-IM-A4EB-01	-3.22361666666667	THCA
TCGA-DJ-A3UY-01	-2.64438541666667	THCA
TCGA-EM-A4FN-01	-3.713625	THCA
TCGA-EL-A3CV-01	-2.49919791666667	THCA
TCGA-ET-A25I-01	-3.52128541666667	THCA
TCGA-DJ-A3V6-01	-3.36096875	THCA
TCGA-EL-A3ZN-01	-2.37332708333333	THCA
TCGA-EL-A4K4-01	-1.84202916666667	THCA
TCGA-DJ-A1QO-01	-2.75174791666667	THCA
TCGA-ET-A25R-01	-2.62502291666667	THCA
TCGA-DJ-A3VF-01	-2.26404375	THCA
TCGA-EL-A3H3-01	-3.86371875	THCA
TCGA-EL-A3CN-01	-3.30729166666667	THCA
TCGA-L6-A4EU-01	-3.2135375	THCA
TCGA-DJ-A13L-01	-2.64495833333333	THCA
TCGA-ET-A2MX-01	-4.13307708333333	THCA
TCGA-BJ-A4O8-01	-2.35066041666667	THCA
TCGA-ET-A40R-01	-2.16133541666667	THCA
TCGA-EM-A22I-01	-3.62643958333333	THCA
TCGA-DJ-A1QH-01	-3.50797708333333	THCA
TCGA-EL-A3T1-01	-2.97146041666667	THCA
TCGA-DJ-A4UT-01	-2.40005833333333	THCA
TCGA-E8-A44K-01	-3.12911875	THCA
TCGA-DJ-A3V3-01	-2.60562916666667	THCA
TCGA-E3-A3E2-01	-2.59992083333333	THCA
TCGA-DJ-A2QA-01	-3.45363333333333	THCA
TCGA-EL-A4JZ-01	-2.29803958333333	THCA
TCGA-ET-A40T-01	-2.19245833333333	THCA
TCGA-CE-A13K-01	-2.406025	THCA
TCGA-ET-A39N-01	-2.68606041666667	THCA
TCGA-EL-A3GO-01	-2.99620208333333	THCA
TCGA-FE-A234-01	-3.32411666666667	THCA
TCGA-DJ-A3UQ-01	-2.59238541666667	THCA
TCGA-EL-A3ZK-01	-3.15794791666667	THCA
TCGA-DJ-A3UV-01	-2.31110416666667	THCA
TCGA-BJ-A0YZ-01	-2.62280625	THCA
TCGA-EL-A3N3-01	-3.67101666666667	THCA
TCGA-E8-A419-01	-3.12654791666667	THCA
TCGA-KS-A4ID-01	-3.20079791666667	THCA
TCGA-ET-A40S-01	-2.29582291666667	THCA
TCGA-E8-A416-01	-2.03010208333333	THCA
TCGA-EM-A3FO-01	-3.20395625	THCA
TCGA-DJ-A2QC-01	-3.31695625	THCA
TCGA-E8-A436-01	-2.72778125	THCA
TCGA-DJ-A2Q3-01	-2.20830416666667	THCA
TCGA-CE-A482-01	-2.76842708333333	THCA
TCGA-BJ-A45J-01	-2.97631041666667	THCA
TCGA-EM-A22M-01	-3.38895625	THCA
TCGA-ET-A3DP-01	-2.24916458333333	THCA
TCGA-ET-A39R-01	-2.66750208333333	THCA
TCGA-BJ-A3PT-01	-2.61678958333333	THCA
TCGA-BJ-A0ZJ-01	-1.92924583333333	THCA
TCGA-EL-A3CW-01	2.74997291666667	THCA
TCGA-DJ-A3V0-01	-2.5177875	THCA
TCGA-FK-A3S3-01	-2.9329625	THCA
TCGA-L6-A4EP-01	-2.64545416666667	THCA
TCGA-EM-A3FR-01	-2.94138125	THCA
TCGA-DJ-A1QM-01	-2.43966458333333	THCA
TCGA-CE-A485-01	-2.39029375	THCA
TCGA-EM-A2CP-01	-2.92185	THCA
TCGA-DE-A4MC-01	-3.22990833333333	THCA
TCGA-DE-A0Y2-01	-3.87730416666667	THCA
TCGA-EL-A3MZ-01	-3.37591875	THCA
TCGA-ET-A25K-01	-2.30823958333333	THCA
TCGA-E8-A433-01	-2.7793375	THCA
TCGA-DJ-A4V5-01	-2.21261875	THCA
TCGA-EL-A3ZS-01	-1.82293958333333	THCA
TCGA-FE-A239-01	-2.42424583333333	THCA
TCGA-EL-A4JX-01	-3.01438541666667	THCA
TCGA-EM-A1CW-01	-3.12865833333333	THCA
TCGA-ET-A25L-01	-3.15643333333333	THCA
TCGA-ET-A39M-01	-3.23157708333333	THCA
TCGA-EL-A3GU-01	-2.67301666666667	THCA
TCGA-EL-A4K2-01	-2.53330416666667	THCA
TCGA-DJ-A2Q5-01	-2.62295	THCA
TCGA-ET-A25N-01	-2.72029791666667	THCA
TCGA-EM-A4G1-01	-3.66742916666667	THCA
TCGA-BJ-A3PU-01	-3.89265833333333	THCA
TCGA-EM-A3SU-01	-3.21678333333333	THCA
TCGA-BJ-A3EZ-01	-3.84150833333333	THCA
TCGA-EM-A3SZ-01	-3.23085833333333	THCA
TCGA-BJ-A28X-01	-2.87379375	THCA
TCGA-EM-A4FR-01	-2.77474791666667	THCA
TCGA-ET-A39S-01	-1.97824583333333	THCA
TCGA-BJ-A18Z-01	-2.98530208333333	THCA
TCGA-DJ-A13M-01	-2.96279166666667	THCA
TCGA-FE-A237-01	-2.73393125	THCA
TCGA-EL-A3T6-01	-3.26219166666667	THCA
TCGA-DE-A3KN-01	-2.6626	THCA
TCGA-EM-A2CU-01	-2.82759375	THCA
TCGA-E8-A414-01	-1.85726458333333	THCA
TCGA-DE-A4M9-01	-3.01164583333333	THCA
TCGA-MK-A4N6-01	-3.72880208333333	THCA
TCGA-EL-A4KG-01	-2.959	THCA
TCGA-H2-A421-01	-3.28523125	THCA
TCGA-BJ-A28T-01	-1.79020625	THCA
TCGA-EL-A4KI-01	-2.63655833333333	THCA
TCGA-EM-A1YA-01	-3.1385125	THCA
TCGA-ET-A39O-01	-3.43482916666667	THCA
TCGA-E3-A3E0-01	-2.647	THCA
TCGA-ET-A3DQ-01	-2.51403333333333	THCA
TCGA-DE-A4MA-01	-3.87779583333333	THCA
TCGA-ET-A3BX-01	-3.359	THCA
TCGA-FY-A4B4-01	-2.46003541666667	THCA
TCGA-EL-A3H1-01	-2.54915208333333	THCA
TCGA-BJ-A45D-01	-2.19656041666667	THCA
TCGA-CE-A3MD-01	-2.36181666666667	THCA
TCGA-DJ-A3US-01	-1.9612	THCA
TCGA-EM-A1YE-01	-2.8180375	THCA
TCGA-EL-A4JW-01	-2.77017083333333	THCA
TCGA-FE-A230-01	-4.51910416666667	THCA
TCGA-FE-A3PD-01	-3.05835	THCA
TCGA-GE-A2C6-01	3.80908125	THCA
TCGA-BJ-A0Z3-01	-2.4246625	THCA
TCGA-FK-A4UB-01	-3.08358541666667	THCA
TCGA-FE-A233-01	-3.63409791666667	THCA
TCGA-DJ-A3V7-01	-3.316475	THCA
TCGA-J8-A42S-01	-2.9246375	THCA
TCGA-FE-A231-01	-3.65292291666667	THCA
TCGA-DJ-A3VJ-01	-2.30171458333333	THCA
TCGA-ET-A40Q-01	-3.13020833333333	THCA
TCGA-DJ-A3V2-01	-2.80968125	THCA
TCGA-FY-A3TY-01	-1.94741875	THCA
TCGA-EM-A3FN-01	-3.22437083333333	THCA
TCGA-EL-A4K7-01	-3.69058125	THCA
TCGA-EM-A1CU-01	-3.401925	THCA
TCGA-BJ-A45H-01	-2.30020416666667	THCA
TCGA-EM-A22P-01	-2.10977708333333	THCA
TCGA-DE-A69K-01	-2.89491041666667	THCA
TCGA-DE-A69J-01	-3.16863125	THCA
TCGA-DJ-A1QE-01	-3.09740625	THCA
TCGA-E8-A432-01	-2.08135208333333	THCA
TCGA-FY-A3R6-01	-3.06545833333333	THCA
TCGA-E8-A44M-01	-2.23927708333333	THCA
TCGA-EL-A4KH-01	-2.72899375	THCA
TCGA-EM-A2CQ-01	-3.502525	THCA
TCGA-EM-A3FP-01	-2.7950125	THCA
TCGA-EM-A3AJ-01	-2.26234583333333	THCA
TCGA-EM-A2CR-01	-3.1024875	THCA
TCGA-FY-A4B3-01	-2.61755833333333	THCA
TCGA-ET-A3DW-01	-3.94546041666667	THCA
TCGA-EM-A1YC-01	-4.00164375	THCA
TCGA-EL-A3D0-01	-3.33467916666667	THCA
TCGA-FE-A232-01	-2.495775	THCA
TCGA-FY-A40L-01	-3.13604583333333	THCA
TCGA-EL-A3ZL-01	-2.89759791666667	THCA
TCGA-DE-A4M8-01	-2.78436666666667	THCA
TCGA-BJ-A190-01	-3.54410833333333	THCA
TCGA-EM-A22N-01	-3.58050625	THCA
TCGA-DJ-A4V0-01	-2.2202375	THCA
TCGA-EM-A2P2-01	-2.45414583333333	THCA
TCGA-KS-A4I9-01	-3.33451458333333	THCA
TCGA-EM-A2CL-01	-3.14983333333333	THCA
TCGA-EL-A3CM-01	-3.35293541666667	THCA
TCGA-EM-A2CT-01	-3.78833125	THCA
TCGA-EL-A3GY-01	-3.18218333333333	THCA
TCGA-E8-A413-01	-2.43671041666667	THCA
TCGA-EL-A3GR-01	-2.56435416666667	THCA
TCGA-BJ-A2P4-01	-2.96022291666667	THCA
TCGA-EL-A3ZT-01	-2.51565208333333	THCA
TCGA-E8-A437-01	-2.53490208333333	THCA
TCGA-EL-A3CS-01	-3.43152708333333	THCA
TCGA-DJ-A1QD-01	-3.70048125	THCA
TCGA-EL-A3T3-01	-2.6982625	THCA
TCGA-BJ-A45G-01	-2.76784583333333	THCA
TCGA-CE-A481-01	-2.16384166666667	THCA
TCGA-E8-A3X7-01	-3.29119791666667	THCA
TCGA-KS-A4I7-01	-2.60279583333333	THCA
TCGA-EL-A3ZG-01	-3.3545875	THCA
TCGA-EL-A4KD-01	-2.62174375	THCA
TCGA-FY-A3YR-01	-3.33989791666667	THCA
TCGA-BJ-A28R-01	-3.75096666666667	THCA
TCGA-KS-A41F-01	-3.50467708333333	THCA
TCGA-IM-A3U3-01	-3.17497291666667	THCA
TCGA-BJ-A2N7-01	-2.73420208333333	THCA
TCGA-FY-A3NM-01	-2.83011666666667	THCA
TCGA-BJ-A45K-01	-2.81533958333333	THCA
TCGA-DJ-A3UM-01	-2.83178541666667	THCA
TCGA-E3-A3E1-01	-3.09056875	THCA
TCGA-DJ-A1QQ-01	-2.0097	THCA
TCGA-ET-A3DT-01	-3.26741458333333	THCA
TCGA-DJ-A4V2-01	-3.21638125	THCA
TCGA-DJ-A2Q4-01	-3.48368125	THCA
TCGA-EL-A3GX-01	-3.04727083333333	THCA
TCGA-DJ-A1QN-01	-2.87971666666667	THCA
TCGA-EM-A4FF-01	-3.31854166666667	THCA
TCGA-ET-A2MZ-01	-2.44179375	THCA
TCGA-DJ-A2Q0-01	-3.6014875	THCA
TCGA-DJ-A2PX-01	-2.48005625	THCA
TCGA-EM-A1CT-01	-3.67142916666667	THCA
TCGA-ET-A39L-01	-3.061575	THCA
TCGA-EL-A4K6-01	-3.23156666666667	THCA
TCGA-EM-A22Q-01	-2.90637083333333	THCA
TCGA-DJ-A3V9-01	-2.19542916666667	THCA
TCGA-DJ-A4UR-01	-3.07366666666667	THCA
TCGA-DE-A0XZ-01	-1.64879583333333	THCA
TCGA-FK-A3SD-01	-2.89644166666667	THCA
TCGA-BJ-A0ZB-01	-3.33587916666667	THCA
TCGA-FY-A3R9-01	-3.50961041666667	THCA
TCGA-EL-A3N2-01	-3.29801041666667	THCA
TCGA-EM-A3FJ-01	-2.99016458333333	THCA
TCGA-EM-A3ST-01	-3.51007916666667	THCA
TCGA-QD-A8IV-01	-2.63428541666667	THCA
TCGA-DJ-A2PW-01	-2.84538541666667	THCA
TCGA-ET-A3DR-01	-2.44673125	THCA
TCGA-DJ-A2Q2-01	-2.84652916666667	THCA
TCGA-BJ-A0ZF-01	-2.86196875	THCA
TCGA-FE-A238-01	-2.75539791666667	THCA
TCGA-DJ-A2PZ-01	-3.50667916666667	THCA
TCGA-EM-A3FL-01	-3.26035833333333	THCA
TCGA-DJ-A13X-01	-2.22610833333333	THCA
TCGA-DE-A0Y3-01	-3.00568958333333	THCA
TCGA-EL-A3D4-01	-2.07610833333333	THCA
TCGA-EL-A3CX-01	-1.26026041666667	THCA
TCGA-MK-A84Z-01	-2.24734791666667	THCA
TCGA-DJ-A3VI-01	-3.73947708333333	THCA
TCGA-FY-A4B0-01	-2.02819791666667	THCA
TCGA-ET-A2MY-01	-3.78676041666667	THCA
TCGA-EL-A3T2-01	-2.41590833333333	THCA
TCGA-BJ-A45F-01	-3.25920625	THCA
TCGA-EM-A2OW-01	-3.17261458333333	THCA
TCGA-BJ-A3F0-01	-3.04094375	THCA
TCGA-DO-A1JZ-01	-3.14080208333333	THCA
TCGA-EM-A4FU-01	-2.68862291666667	THCA
TCGA-DJ-A3UX-01	-2.55989375	THCA
TCGA-E8-A434-01	-2.37606875	THCA
TCGA-DJ-A2PY-01	-3.2482875	THCA
TCGA-DJ-A1QG-01	-3.58580625	THCA
TCGA-EL-A3GZ-01	-2.40017291666667	THCA
TCGA-ET-A3BO-01	-2.95196458333333	THCA
TCGA-DJ-A3V8-01	-3.41685833333333	THCA
TCGA-EM-A3AN-01	-3.22501458333333	THCA
TCGA-DJ-A3V5-01	-2.69054166666667	THCA
TCGA-EM-A3AQ-01	-3.1130125	THCA
TCGA-EM-A3SY-01	-4.09817083333333	THCA
TCGA-EL-A3GV-01	-2.8476125	THCA
TCGA-FY-A3R7-01	-2.32555	THCA
TCGA-EM-A3AI-01	-2.91780833333333	THCA
TCGA-ET-A3BU-01	-2.58298541666667	THCA
TCGA-J8-A4HY-01	-3.24408125	THCA
TCGA-DJ-A3V4-01	-2.30586458333333	THCA
TCGA-BJ-A290-01	-2.0917125	THCA
TCGA-J8-A3NZ-01	-3.57795625	THCA
TCGA-BJ-A0Z5-01	-3.66267708333333	THCA
TCGA-EM-A3AR-01	-2.84360208333333	THCA
TCGA-ET-A25M-01	-3.44265	THCA
TCGA-DJ-A4V4-01	-3.35061458333333	THCA
TCGA-IM-A41Z-01	-3.573525	THCA
TCGA-CE-A3ME-01	-3.2156375	THCA
TCGA-IM-A3EB-01	-3.30493333333333	THCA
TCGA-EL-A3ZQ-01	-3.45202708333333	THCA
TCGA-H2-A2K9-01	-2.92855625	THCA
TCGA-EL-A4K9-01	-2.63671458333333	THCA
TCGA-FY-A3R8-01	-3.35031041666667	THCA
TCGA-DO-A1K0-01	-3.33732291666667	THCA
TCGA-E8-A417-01	-3.3912625	THCA
TCGA-ET-A39P-01	-3.12624791666667	THCA
TCGA-FK-A3SH-01	-2.49373333333333	THCA
TCGA-E8-A418-01	-3.58398541666667	THCA
TCGA-ET-A25J-01	-3.33754791666667	THCA
TCGA-FY-A3BL-01	-4.67021041666667	THCA
TCGA-EL-A4JV-01	-3.04386458333333	THCA
TCGA-BJ-A45C-01	-3.04609166666667	THCA
TCGA-ET-A39J-01	-2.82752708333333	THCA
TCGA-EL-A3T8-01	-2.72546875	THCA
TCGA-BJ-A2NA-01	-3.01377083333333	THCA
TCGA-DJ-A2Q7-01	-2.65278541666667	THCA
TCGA-EM-A3AK-01	-2.66663125	THCA
TCGA-EM-A22K-01	-2.76309375	THCA
TCGA-EL-A3CU-01	-3.22573958333333	THCA
TCGA-DJ-A3UZ-01	-2.30489375	THCA
TCGA-EM-A22O-01	-4.23604583333333	THCA
TCGA-BJ-A18Y-01	-2.49028541666667	THCA
TCGA-ET-A3BN-01	-3.45039375	THCA
TCGA-ET-A3BP-01	-3.39737708333333	THCA
TCGA-DJ-A4UL-01	-3.18189583333333	THCA
TCGA-ET-A3BQ-01	-2.8330125	THCA
TCGA-DJ-A2Q6-01	-2.1379	THCA
TCGA-DJ-A3VL-01	-2.79907916666667	THCA
TCGA-BJ-A0ZG-01	-2.4343125	THCA
TCGA-J8-A4HW-01	-2.37521875	THCA
TCGA-IM-A3ED-01	-2.52736875	THCA
TCGA-DJ-A2PO-01	-2.59716666666667	THCA
TCGA-E3-A3E3-01	-3.70498541666667	THCA
TCGA-EM-A2P3-01	-2.72280833333333	THCA
TCGA-EM-A2OV-01	-3.35447708333333	THCA
TCGA-FK-A3SE-01	-2.72338333333333	THCA
TCGA-ET-A3BT-01	-3.15366041666667	THCA
TCGA-IM-A41Y-01	-3.7253125	THCA
TCGA-E8-A415-01	-2.758725	THCA
TCGA-FY-A76V-01	-1.68974583333333	THCA
TCGA-EM-A4FV-01	-2.74898541666667	THCA
TCGA-H2-A422-01	-3.6494625	THCA
TCGA-ET-A3BS-01	-2.91309166666667	THCA
TCGA-EL-A3T7-01	-3.02039375	THCA
TCGA-ET-A25P-01	-2.92775	THCA
TCGA-DJ-A13U-01	-3.78290416666667	THCA
TCGA-FY-A3W9-01	-3.16358125	THCA
TCGA-J8-A3YD-01	-2.7439375	THCA
TCGA-BJ-A192-01	-2.87752916666667	THCA
TCGA-BJ-A0ZA-01	-2.95010833333333	THCA
TCGA-DJ-A2PP-01	-2.88445	THCA
TCGA-DJ-A2PN-01	-2.61954583333333	THCA
TCGA-EL-A3TB-01	-2.82705208333333	THCA
TCGA-DJ-A1QF-01	-3.29254791666667	THCA
TCGA-DJ-A2PU-01	-3.44995833333333	THCA
TCGA-EM-A3AL-01	-2.79515833333333	THCA
TCGA-EM-A2CN-01	-2.75756666666667	THCA
TCGA-EL-A3GW-01	-3.55081041666667	THCA
TCGA-KS-A4I1-01	-2.94435625	THCA
TCGA-FE-A236-01	-3.42098333333333	THCA
TCGA-EL-A3MW-01	-3.00115208333333	THCA
TCGA-DJ-A13S-01	-2.62389791666667	THCA
TCGA-EL-A3H4-01	-4.12247083333333	THCA
TCGA-KS-A4IC-01	-2.76387083333333	THCA
TCGA-DJ-A2PR-01	-3.28537291666667	THCA
TCGA-DJ-A1QL-01	-2.30925416666667	THCA
TCGA-DJ-A13P-01	-3.09901458333333	THCA
TCGA-EL-A3GQ-01	-2.00887916666667	THCA
TCGA-EM-A4FK-01	-3.83964375	THCA
TCGA-DJ-A3UU-01	-2.45165	THCA
TCGA-BJ-A291-01	-3.01213125	THCA
TCGA-FY-A2QD-01	-3.69569166666667	THCA
TCGA-CE-A483-01	-3.72646666666667	THCA
TCGA-FY-A40M-01	-2.57952916666667	THCA
TCGA-DJ-A3VM-01	-2.88623958333333	THCA
TCGA-DJ-A3VG-01	-2.42467291666667	THCA
TCGA-J8-A3O0-01	-2.3182375	THCA
TCGA-H2-A3RH-01	-2.04205625	THCA
TCGA-FY-A3ON-01	-2.8403625	THCA
TCGA-EM-A2OZ-01	-3.16535	THCA
TCGA-E3-A3DY-01	-3.32792916666667	THCA
TCGA-EM-A2OX-01	-2.63760416666667	THCA
TCGA-ET-A39T-01	-4.15116041666667	THCA
TCGA-DJ-A3UN-01	-2.6260625	THCA
TCGA-DJ-A3UO-01	-2.01691458333333	THCA
TCGA-E3-A3E5-01	-3.05813541666667	THCA
TCGA-DJ-A2PV-01	-2.47762291666667	THCA
TCGA-EL-A4K0-01	-2.64825625	THCA
TCGA-EL-A3MX-01	-1.98233958333333	THCA
TCGA-EM-A3FK-01	-3.102625	THCA
TCGA-EM-A2P0-01	-2.9119875	THCA
TCGA-EL-A3CZ-01	-3.61109375	THCA
TCGA-KS-A4I3-01	-3.75802291666667	THCA
TCGA-J8-A3O1-01	-4.01127916666667	THCA
TCGA-L6-A4EQ-01	-2.91146666666667	THCA
TCGA-DJ-A4UQ-01	-2.78825416666667	THCA
TCGA-FY-A40K-01	-2.62293541666667	THCA
TCGA-EM-A3AP-01	-2.94728125	THCA
TCGA-H2-A3RI-01	-3.30299791666667	THCA
TCGA-MK-A4N9-01	-3.17148333333333	THCA
TCGA-ET-A2N4-01	-2.56817916666667	THCA
TCGA-DJ-A13V-01	-3.00500416666667	THCA
TCGA-EM-A2OY-01	-4.75743541666667	THCA
TCGA-ET-A2N5-01	-3.13606666666667	THCA
TCGA-EM-A4FH-01	-3.263	THCA
TCGA-ET-A3DS-01	-3.4286	THCA
TCGA-FK-A3SB-01	-2.76403541666667	THCA
TCGA-ET-A3DV-01	-3.22083541666667	THCA
TCGA-DJ-A13T-01	-3.21194375	THCA
TCGA-DJ-A3UR-01	-3.14411041666667	THCA
TCGA-EM-A3O6-01	-2.70435833333333	THCA
TCGA-DJ-A3VE-01	-2.87386875	THCA
TCGA-EL-A3GS-01	-3.96305625	THCA
TCGA-ET-A4KQ-01	-2.55112708333333	THCA
TCGA-DJ-A2QB-01	-3.49832291666667	THCA
TCGA-EM-A1CV-01	-2.97638333333333	THCA
TCGA-BJ-A2N8-01	-2.52794375	THCA
TCGA-DJ-A3UK-01	-2.57162916666667	THCA
TCGA-EM-A3OA-01	-3.83495833333333	THCA
TCGA-ET-A2N3-01	-2.919475	THCA
TCGA-EL-A3D5-01	-3.2664625	THCA
TCGA-EM-A2CJ-01	-3.1356875	THCA
TCGA-L6-A4ET-01	-3.56073541666667	THCA
TCGA-EL-A3CP-01	-3.50166041666667	THCA
TCGA-EL-A3CL-01	-2.80641458333333	THCA
TCGA-ET-A39I-01	-3.3632	THCA
TCGA-DJ-A1QI-01	-3.10329583333333	THCA
TCGA-EM-A22L-01	-2.43088125	THCA
TCGA-DJ-A3VK-01	-2.6389125	THCA
TCGA-EM-A2CS-01	-2.10306041666667	THCA
TCGA-BJ-A28S-01	-3.14733958333333	THCA
TCGA-EM-A22J-01	-4.106525	THCA
TCGA-EM-A1CS-01	-2.31041666666667	THCA
TCGA-BJ-A191-01	-3.09019166666667	THCA
TCGA-EL-A3ZH-01	-2.72744375	THCA
TCGA-MK-A4N7-01	-3.315225	THCA
TCGA-DJ-A2PS-01	-2.60819583333333	THCA
TCGA-KS-A4IB-01	-3.628525	THCA
TCGA-ET-A25O-01	-4.16840833333333	THCA
TCGA-J8-A3O2-01	-2.26997291666667	THCA
TCGA-FY-A3RA-01	-3.52976458333333	THCA
TCGA-FY-A3NN-01	-4.04957291666667	THCA
TCGA-DJ-A2PQ-01	-3.96900833333333	THCA
TCGA-BJ-A0ZE-01	-3.81336458333333	THCA
TCGA-EL-A3H8-01	-3.24238958333333	THCA
TCGA-EM-A2CK-01	-1.36653125	THCA
TCGA-DE-A4MD-01	-3.77829791666667	THCA
TCGA-E3-A3DZ-01	-2.71458958333333	THCA
TCGA-DE-A2OL-01	-2.81339791666667	THCA
TCGA-BJ-A0Z2-01	-3.01238958333333	THCA
TCGA-FY-A3NP-01	-2.93557291666667	THCA
TCGA-J8-A3YH-01	-2.53602291666667	THCA
TCGA-EM-A3O7-01	-3.18029791666667	THCA
TCGA-DJ-A3UP-01	-2.83768541666667	THCA
TCGA-EM-A3SX-01	-2.75029791666667	THCA
TCGA-EL-A3H2-01	-2.9035	THCA
TCGA-BJ-A28V-01	-3.08746666666667	THCA
TCGA-FY-A40N-01	-2.4776875	THCA
TCGA-EM-A3O8-01	-3.20333541666667	THCA
TCGA-BJ-A0ZC-01	-3.24820208333333	THCA
TCGA-BJ-A4O9-01	-4.37733541666667	THCA
TCGA-DJ-A3VA-01	-2.95609791666667	THCA
TCGA-J8-A3YE-01	-3.8148125	THCA
TCGA-ET-A3BW-01	-3.43816875	THCA
TCGA-BJ-A0Z0-01	-3.4318	THCA
TCGA-EL-A3ZR-01	-2.86787291666667	THCA
TCGA-EM-A3OB-01	-2.92342291666667	THCA
