pathway	pval	padj	log2err	ES	NES	size	leadingEdge	collection	pathway_name
HALLMARK_ADIPOGENESIS	0.997999199679872	1	0.000722214742139655	-0.175149665847393	-0.596585664104111	190	SORBS1,ADIPOQ,ITGA7,BCL6,SLC5A6,LIFR,FABP4,SLC19A1,ADCY6,PTCD3,CD36,ELMOD3,PPARG,SPARCL1,ACADL,BAZ2A,OMD,FZD4,PHLDB1,CIDEA,MYLK,PIM3,ITSN1,MGLL,ESRRA,ABCB8,ME1,ARL4A,CD302,LAMA4,PFKL	Hallmark	HALLMARK_ADIPOGENESIS
HALLMARK_ALLOGRAFT_REJECTION	NA	NA	NA	0.313577290369987	NA	185	CTSS,LY86,HLA-DMB,CCND2,MMP9,HLA-G,NPM1,CCL22,PSMB10,CD47,CD86,IGSF6,HLA-DRA,IL1B,ST8SIA4,STAT1,DEGS1,NME1,CAPG,HLA-A,CCR1,ITGB2,CCL7,CDKN2A,SOCS1,TPD52,HLA-DQA1,B2M,CD74,RPS9,IL27RA,LTB,EIF5A,CXCR3,BCL10,RPL39,IL2RB,LYN,IFNGR2,TIMP1,GALNT1,LY75,CD4,IL18,INHBB,RPS3A,CXCL13,MRPL3,NLRP3,GCNT1,RPL9,HLA-DOA,GZMA,HLA-DOB,CRTAM,RIPK2,INHBA,CCR5,UBE2N,ICAM1,CD79A,SPI1,RPS19,HDAC9,TGFB1,F2R,PTPN6,GBP2,CXCL9,CCND3,TNF,HLA-DMA,CCL5,IL12RB1,IL2RG,EREG,CCL13,FAS,NOS2,IFNG,EIF3D,C2,EIF3A,CD3D	Hallmark	HALLMARK_ALLOGRAFT_REJECTION
HALLMARK_ANDROGEN_RESPONSE	0.991251005631537	1	0.00174374736455044	-0.177782057910472	-0.585113269698004	96	LIFR,KLK2,ADAMTS1,SLC38A2,AZGP1,BMPR1B,STEAP4,NDRG1,AKAP12,MAK,KLK3,INPP4B,FKBP5,ELL2,SGK1,ELK4,CDC14B,PIAS1,FADS1,TMPRSS2,MAF,IDI1,PTPN21,ARID5B,HMGCS1,CAMKK2,ABCC4	Hallmark	HALLMARK_ANDROGEN_RESPONSE
HALLMARK_ANGIOGENESIS	0.278646934460888	1	0.0241167368003442	-0.386028621916322	-1.14379964488868	34	MSX1,SERPINA5,KCNJ8,FGFR1,THBD,PGLYRP1,PRG2,VEGFA,FSTL1,SLCO2A1,VTN,JAG1	Hallmark	HALLMARK_ANGIOGENESIS
HALLMARK_APICAL_JUNCTION	0.610983294988497	1	0.0115179223129606	-0.283251516481622	-0.964293903108491	187	NFASC,ACTA1,PKD1,THBS3,ACTN3,INPPL1,ITGA10,PLCG1,TRO,ACTN2,TSC1,CLDN5,NEGR1,CLDN15,EPB41L2,CLDN18,FLNC,DHX16,ACTC1,NEXN,NLGN3,MADCAM1,NLGN2,LAYN,COL16A1,MAPK11,TIAL1,JAM3,PBX2,LAMA3,ACTG2,ADAM23,ADAMTS5,IKBKG,TAOK2,TRAF1,MVD,MAP4K2,CNTN1,SPEG,EVL,ARHGEF6,CADM2,MMP2,AMH	Hallmark	HALLMARK_APICAL_JUNCTION
HALLMARK_APICAL_SURFACE	0.413796713074427	1	0.0178457018131902	-0.348783592442972	-1.05277863191277	39	SRPX,GAS1,CROCC,EFNA5,SLC2A4,GHRL,RTN4RL1,EPHB4,MDGA1,NTNG1,SLC34A3,TMEM8B,RHCG	Hallmark	HALLMARK_APICAL_SURFACE
HALLMARK_APOPTOSIS	NA	NA	NA	0.230267320077255	NA	157	CCND1,BID,TOP2A,TNFRSF12A,GPX1,PMAIP1,KRT18,CCND2,CD44,BAX,ANXA1,LGALS3,GPX4,PPT1,SC5D,BCL2L10,IL1B,DIABLO,IGF2R,FDXR,CLU,XIAP,PSEN1,CDKN1A,GUCY2D,BTG2,BCL10,LMNA,DAP,IL1A,PDCD4,BCL2L1,TIMP1,IL18,CD14,HMOX1,ANKH,BCAP31,CTNNB1,TSPO,MGMT,WEE1,ERBB3,GSR	Hallmark	HALLMARK_APOPTOSIS
HALLMARK_BILE_ACID_METABOLISM	0.945315641334942	1	0.00363501395439025	-0.21730572281648	-0.7171131445776	100	ABCA9,ABCA6,CYP8B1,CYP46A1,TFCP2L1,ABCA8,EFHC1,PEX1,ALDH8A1,ABCA5,SLC23A1	Hallmark	HALLMARK_BILE_ACID_METABOLISM
HALLMARK_CHOLESTEROL_HOMEOSTASIS	0.85346835443038	1	0.00623273499624598	-0.245225740935628	-0.788869810131349	72	ADH4,GSTM2,ANTXR2,CHKA,STARD4,LSS,PPARG,AVPR1A,ACSS2,SEMA3B,MVD,CBS,FASN,FABP5,NFIL3,JAG1,ATXN2,GLDC	Hallmark	HALLMARK_CHOLESTEROL_HOMEOSTASIS
HALLMARK_COAGULATION	0.000958834554012465	0.0105471800941371	0.477270815362862	0.263353756203403	1.54577700573061	122	S100A1,DPP4,SERPINA1,DUSP6,FN1,CTSH,ITGA2,CTSB,TMPRSS6,APOC2,MMP9,APOC1,MMP7,ANXA1,PROS1,S100A13,OLR1,RABIF,MMP11,MMP1,LAMP2,MMP10,PLAU,C1QA,CLU,LTA4H,CFI,PRSS23,ISCU,CD9,FYN,TIMP1,CTSV,HPN	Hallmark	HALLMARK_COAGULATION
HALLMARK_COMPLEMENT	NA	NA	NA	0.196361304656432	NA	194	DPP4,SERPINA1,DUSP6,CTSS,HPCAL4,FN1,CTSH,CTSB,TMPRSS6,CD55,MMP12,CTSD,APOC1,CTSC,LGALS3,S100A13,DUSP5,OLR1,RABIF,SPOCK2,CDH13,LAMP2,APOBEC3F,APOBEC3G,C1QA,PPP4C,CLU,PSEN1,PFN1,LTA4H,LYN,DOCK9,GRB2,PDP1,C1QC,FYN,PSMB9,CALM3,TIMP1,CTSV	Hallmark	HALLMARK_COMPLEMENT
HALLMARK_DNA_REPAIR	0.0325373432317903	0.178955387774846	0.321775918075361	0.20241838565409	1.25301284947098	147	FEN1,ZWINT,AK1,PCNA,RAD51,GTF2H5,GPX4,TYMS,MPG,MPC2,NME1,RPA2,ARL6IP1,TP53,TMED2,RFC2,SAC3D1,PNP,HPRT1,UMPS,TAF12,TAF10,PDE6G,PRIM1,MRPL40,EDF1,POLR2E,RRM2B,POLR2I,GTF2A2,GTF2B,CANT1,BCAP31,CLP1,POLR2J,DDB1,NT5C3A	Hallmark	HALLMARK_DNA_REPAIR
HALLMARK_E2F_TARGETS	NA	NA	NA	0.35662393675923	NA	195	ASF1B,CKS2,CENPM,TK1,GINS1,TOP2A,KIF4A,STMN1,UBE2T,CCNB2,MELK,CHEK1,MCM2,DLGAP5,MAD2L1,RRM2,RNASEH2A,SPC24,PCNA,MYBL2,MCM4,MKI67,LMNB1,HMMR,POP7,BUB1B,ANP32E,CDK1,AURKB,E2F8,NME1,ASF1A,RPA2,DIAPH3,BIRC5,HMGA1,TP53,CDCA8,ATAD2,CDKN2A,RAD51AP1,HELLS,SPC25,RFC2,MSH2,HMGB3,CDKN1A,NAA38,UBE2S,CDK4,CKS1B,SNRPB,DEPDC1,MCM5,PLK4,CDC20,MCM3,SLBP,PRIM2,GINS4,PPP1R8,KIF18B,BRCA2,RACGAP1,DCK,KPNA2,WEE1,TUBG1,RAN,PTTG1,ORC6,XRCC6,TUBB,TCF19,IPO7,PRDX4,RPA3	Hallmark	HALLMARK_E2F_TARGETS
HALLMARK_EPITHELIAL_MESENCHYMAL_TRANSITION	0.704840968193639	1	0.00934075967497403	-0.272967140757756	-0.931391951690464	197	MSX1,LAMA2,FBLN5,TGFBR3,GAS1,PTX3,FBLN1,PRRX1,ELN,PDGFRB,PCOLCE2,FBLN2,COL5A3,TPM2,DCN,LRP1,COL6A2,TAGLN,NNMT,DAB2,ITGA5,COL6A3,PCOLCE,COL16A1,SLC6A8,CXCL12,MGP,SNAI2,COLGALT1,LAMA3,VEGFA,FSTL1,ABI3BP,COL12A1,ECM2,ANPEP,MYLK,FOXC2,PMP22,MFAP5,MMP2,GEM,GADD45B,FMOD,FZD8,FERMT2,TPM1,MATN2,PVR,TIMP3,THBS1,THBS2,IL15,ENO2,DST,P3H1	Hallmark	HALLMARK_EPITHELIAL_MESENCHYMAL_TRANSITION
HALLMARK_ESTROGEN_RESPONSE_EARLY	NA	NA	NA	0.202175371906671	NA	193	CCND1,SLC27A2,LAD1,ALDH3B1,SYT12,TIAM1,CLDN7,KLK10,PMAIP1,KRT18,TPD52L1,CD44,KRT8,MREG,KRT19,AMFR,CHPT1,RBBP8,DHRS2,SLC39A6,SFN,CA12,ENDOD1,NRIP1,TIPARP,OPN3,SLC1A4,DHCR7,SULT2B1,RPS6KA2,SLC2A1,ANXA9,PRSS23,MYB,KRT15,TTC39A,DHRS3,KCNK5,RHOD,SEC14L2,ELF3,INPP5F,WWC1,ITPK1,SNX24,BAG1,INHBB,CANT1	Hallmark	HALLMARK_ESTROGEN_RESPONSE_EARLY
HALLMARK_ESTROGEN_RESPONSE_LATE	NA	NA	NA	0.319863727360972	NA	191	GINS2,CCND1,SLC27A2,SERPINA1,LAMC2,GALE,MDK,GJB3,ALDH3B1,AGR2,LSR,PERP,ST14,TIAM1,TOP2A,KLK10,IGSF1,TPD52L1,SNX10,CD44,CDH1,NMU,RNASEH2A,KRT19,CDC6,AMFR,KIF20A,NAB2,MAPK13,CHPT1,RBBP8,ID2,DHRS2,SFN,CA12,TST,ASS1,NRIP1,ETFB,OPN3,SLC1A4,TSPAN13,IDH2,DHCR7,SULT2B1,RPS6KA2,ANXA9,PRSS23,PLK4,MYB,HPRT1,CDC20,KCNK5,PDCD4,CD9,KLK11,TRIM29	Hallmark	HALLMARK_ESTROGEN_RESPONSE_LATE
HALLMARK_FATTY_ACID_METABOLISM	0.991192072865579	1	0.00143517312642334	-0.186127467201764	-0.627245576114656	148	D2HGDH,CEL,ADH1C,RDH16,CD36,BMPR1B,AQP7,ACADVL,ACADL,CYP1A1,AOC3,FMO1,CA4,ACSS1,CIDEA,FASN,TP53INP2,ETFDH,MGLL,CYP4A11,FABP1,IDH3B,ME1,GABARAPL1,ENO2,ENO3,EPHX1,HMGCS2,ACSL1,AADAT,IDI1,CPOX	Hallmark	HALLMARK_FATTY_ACID_METABOLISM
HALLMARK_G2M_CHECKPOINT	NA	NA	NA	0.318146155972486	NA	188	E2F1,CKS2,GINS2,CCND1,TOP2A,KIF4A,STMN1,CDC45,TPX2,BUB1,CCNB2,CHEK1,MCM2,UBE2C,RAD23B,MAD2L1,PBK,NEK2,CENPF,MYBL2,ODC1,KIF11,CDC6,MKI67,SNRPD1,LMNB1,NDC80,HMMR,CDK1,AURKB,TTK,RPA2,BIRC5,NUSAP1,HMGA1,EXO1,CENPA,HMGB3,UBE2S,CDK4,CKS1B,MCM5,PLK4,CDC20,MCM3,ATF5,PRIM2,CHAF1A,HMGN2,SMC2,KIF15	Hallmark	HALLMARK_G2M_CHECKPOINT
HALLMARK_GLYCOLYSIS	NA	NA	NA	0.260073458946146	NA	193	TGFA,SDC1,MET,GALE,CLDN9,HK2,STMN1,B3GNT3,CHST2,CD44,PC,KDELR3,DSC2,EFNA3,FAM162A,HS6ST2,KIF20A,HS2ST1,BPNT1,P4HA2,HMMR,CDK1,SDC3,POLR3K,IDH1,GNPDA1,PLOD2,PKM,GPR87,PAM,QSOX1,B3GALT6,CENPA,B3GAT1,IL13RA1,DEPDC1,MDH1,ALG1,ELF3,CLDN3,LHPP,CHST6,AKR1A1,ENO1	Hallmark	HALLMARK_GLYCOLYSIS
HALLMARK_HEDGEHOG_SIGNALING	0.642736486486487	1	0.0115664242446011	-0.304745117206226	-0.906431204491236	35	GLI1,TLE1,CNTFR,L1CAM,CRMP1,VEGFA,ETS2,OPHN1,ACHE,PTCH1,DPYSL2,RTN1,NRP1,VLDLR,SCG2,HEY1	Hallmark	HALLMARK_HEDGEHOG_SIGNALING
HALLMARK_HEME_METABOLISM	0.980294088226468	1	0.00206614002744604	-0.209741592008872	-0.713593080409486	184	AGPAT4,TAL1,RBM5,RANBP10,EPOR,PPOX,EZH1,RNF19A,RAP1GAP,TNS1,SIDT2,SLC6A8,PPP2R5B,GYPC,ABCB6,CROCCP2,FBXO9,KEL,MARK3,KDM7A,ACKR1,ALAS2,KHNYN,ELL2,FTCD,HBB,ACSL6,CA1,ASNS,GAPVD1,GYPE,SLC4A1,MPP1,RHD,LMO2,SYNJ1,SLC6A9,ALDH1L1,SNCA,FOXJ2,USP15,HBD,KAT2B,SELENBP1,SLC25A37,CDR2,CPOX,BCAM,NARF	Hallmark	HALLMARK_HEME_METABOLISM
HALLMARK_HYPOXIA	0.92297689306792	1	0.00417845441498767	-0.23658079615529	-0.80490673059753	184	SRPX,ANKZF1,GPC3,INHA,PHKG1,PCK1,NDST2,DCN,WSB1,CP,NDRG1,VEGFA,PPARGC1A,JMJD6,ACKR3,F3,AKAP12,KDM3A,ALDOB,PYGM,KLF7,NFIL3,TMEM45A,TGFB3,PRKCA,PIM1,CSRP2,PFKL,TPBG,CDKN1C,BCAN,ENO2,PPFIA4,ENO3,STC2,TKTL1,TNFAIP3,SELENBP1,RORA,VLDLR,STC1,SLC2A3,BGN,ALDOC,FOSL2,HS3ST1,XPNPEP1,ZNF292,ZFP36,GCK,CHST3,RBPJ,PDGFB,B4GALNT2,HK1,BCL2,PLIN2,DDIT4,KLHL24,GYS1,LOX,GPC1,SERPINE1,KIF5A,PPP1R3C,ERRFI1,HAS1,EFNA1,TGM2,MT2A,DTNA,GBE1,IL6,COL5A1,SLC2A5,DPYSL4,MXI1,PDK1,SAP30,FOXO3	Hallmark	HALLMARK_HYPOXIA
HALLMARK_IL2_STAT5_SIGNALING	NA	NA	NA	0.213637515485294	NA	192	CSF2,S100A1,ETV4,HK2,TIAM1,CD83,CCND2,TLR7,CD44,ODC1,GALM,GPX4,CDC6,TNFRSF9,CD86,TNFRSF21,SPP1,TNFSF11,PRNP,CAPG,CXCL10,AMACR,SYNGR2,PRAF2,IGF2R,SOCS1,PDCD2L,PTRH2,LTB,TNFRSF8,GSTO1,IL2RB,PNP,DCPS,CDC42SE2,UMPS,CDCP1,DHRS3,BCL2L1,P2RX4,TWSG1,SELL,AHCY,IRF6,SH3BGRL2,PHLDA1,ITGAV,TNFRSF18,FAH,SLC39A8,TTC39B,MYO1E,ALCAM,HOPX	Hallmark	HALLMARK_IL2_STAT5_SIGNALING
HALLMARK_IL6_JAK_STAT3_SIGNALING	0.349397590361446	1	0.269842314478839	0.202294062944344	1.08616947369821	86	CSF2,TNFRSF12A,CD44,PDGFC,EBI3,CRLF2,TNFRSF21,CXCL11,IL1B,STAT1,CXCL10,CCR1,CCL7,SOCS1,LTB,IL13RA1,IFNAR1,GRB2,CD9,IFNGR2,CD14,HMOX1	Hallmark	HALLMARK_IL6_JAK_STAT3_SIGNALING
HALLMARK_INFLAMMATORY_RESPONSE	NA	NA	NA	0.174932805232234	NA	192	MET,KCNJ2,CCL17,ICAM4,CD55,TNFSF15,CHST2,CD82,EBI3,LAMP3,CCL22,TNFRSF9,RTP4,OLR1,CXCL11,PTAFR,IL1B,CXCL10,CCL20,CCL7,CYBB,HRH1,PSEN1,MSR1,CDKN1A,BTG2,IL2RB,IFNAR1,LYN,IL1A,CD70,IFNGR2,PCDH7,P2RX4,C3AR1,TIMP1,EMP3,HPN,IL18,CD14,SELL,DCBLD2,ADGRE1,MARCO,SGMS2	Hallmark	HALLMARK_INFLAMMATORY_RESPONSE
HALLMARK_INTERFERON_ALPHA_RESPONSE	0.0269884228570131	0.178123590856287	0.352487857583619	0.22726488372102	1.23601377248478	95	IFI30,LAMP3,IFIT2,CD47,RTP4,CXCL11,ISG15,RSAD2,CXCL10,OASL,TRIM14,LGALS3BP,PSMB8,B2M,CD74,IFIT3,CNP,PSME1,PSMB9,DDX60,PARP9,SELL,EPSTI1,LY6E,GMPR,OAS1,USP18,TRIM21,RIPK2,UBE2L6,HERC6,NMI,HLA-C,GBP2,IFIH1	Hallmark	HALLMARK_INTERFERON_ALPHA_RESPONSE
HALLMARK_INTERFERON_GAMMA_RESPONSE	NA	NA	NA	0.166991586721885	NA	196	IFI30,VAMP8,ISOC1,HLA-G,IFIT2,PSMB2,PSMB10,CD86,IFIT1,RTP4,CXCL11,ST8SIA4,STAT1,FCGR1A,ISG15,RSAD2,BPGM,HLA-A,CXCL10,OASL,TRIM14,CCL7,LGALS3BP,SOCS1,PSMB8,HLA-DQA1,B2M,CD74,IRF5,IFIT3,CDKN1A,IL2RB,PNP,ST3GAL5,PSME1,PSMB9,DDX60,GBP6,EPSTI1,LY6E,HLA-DRB1,EIF4E3,HLA-B,USP18,GZMA,TRIM21,RIPK2,UBE2L6,SLAMF7,ICAM1,HERC6,NMI,UPP1,PTPN6,IFIH1,PSMA2,CXCL9,APOL6,ITGB7,CMPK2,HLA-DMA	Hallmark	HALLMARK_INTERFERON_GAMMA_RESPONSE
HALLMARK_KRAS_SIGNALING_DN	0.0200140098068648	0.165115580906635	0.101117648743061	-0.37960932957749	-1.28329135149884	159	SOX10,MYH7,CKM,ITIH3,KRT1,CALML5,MSH5,TFCP2L1,IDUA,MYOT,CPB1,PTGFR,GP2,ZBTB16,TCF7L1,TFF2,ACTC1,SLC6A3,RYR2,SLC16A7,TAS2R4,MEFV,BMPR1B,ARPP21,NR6A1,ITGB1BP2,STAG3,CDH16,EPHA5,CNTFR,DLK2,YBX2,KRT4,RGS11,NOS1,UPK3B,KMT2D,IRS4,GTF3C5,MYO15A,SPHK2,SGK1,ATP6V1B1,CACNA1F,SPRR3,EFHD1,KCND1,EGF,NRIP2,COPZ2,P2RX6,SLC5A5,HSD11B2,SHOX2,ATP4A,C5,NTF3,AKR1B10	Hallmark	HALLMARK_KRAS_SIGNALING_DN
HALLMARK_KRAS_SIGNALING_UP	NA	NA	NA	0.203405404611649	NA	190	CSF2,DUSP6,FUCA1,CTSS,ETV4,ITGA2,SCG5,CCND2,ETV5,MMP9,MALL,PRDM1,ALDH1A3,MPZL2,F2RL1,ZNF277,KCNN4,ID2,SPP1,IL1B,MMP11,PCSK1N,BTC,MMP10,ETV1,BPGM,CXCL10,CCL20,GPRC5B,PLAU,ITGB2,PSMB8,TSPAN13,LCP1,MAP7,JUP	Hallmark	HALLMARK_KRAS_SIGNALING_UP
HALLMARK_MITOTIC_SPINDLE	0.991998399679936	1	0.00131978024363577	-0.196027206503913	-0.668864984786346	197	TUBGCP6,RHOT2,ATG4B,ARHGEF7,TSC1,SPTBN1,EPB41L2,TRIO,HDAC6,ARAP3,KLC1,MID1,DOCK4,PIF1,SUN2,TAOK2,TUBGCP5,KPTN,OPHN1,CTTN,CNTROB,MYO9B,ARHGEF11,RICTOR,ITSN1,ARHGAP27,SOS1,ARHGAP10,PCNT,BCL2L11,ARHGAP4,CEP192,KNTC1,ALS2,RASAL2,GEMIN4,PKD2,RASA2,SASS6,TUBGCP3,DST,PAFAH1B1,ROCK1,HOOK3,FGD4,WASF1,CCDC88A,STK38L,RABGAP1,SORBS2,PREX1,ABL1,PLEKHG2,CEP72,SHROOM1,CDC42EP2,ARHGAP29,TUBD1,PLK1,ARFIP2,CEP57,EPB41,NIN,SMC4,CDC42BPA,CSNK1D,CEP250,CEP131	Hallmark	HALLMARK_MITOTIC_SPINDLE
HALLMARK_MTORC1_SIGNALING	NA	NA	NA	0.254679059631267	NA	194	HK2,IFI30,BUB1,MCM2,RRM2,CTSC,TM7SF2,CCNG1,MCM4,ATP6V1D,RPN1,SC5D,IDH1,PLOD2,ITGB2,PSMD14,CYP51A1,FDXR,SLC1A4,SEC11A,GAPDH,DHCR7,CDKN1A,BTG2,LTA4H,SLC2A1,PNP,HPRT1,DHFR,HSPA4,ACTR2,CD9,SRD5A1,TMEM97,CYB5B,ENO1,PSMG1,PPIA,GSK3B,SSR1,FKBP2,TUBG1,GSR,SQSTM1,SHMT2,PHGDH,PSMB5,TUBA4A,TES,AURKA,CACYBP,ARPC5L,RRP9,EDEM1,RPA1,PDAP1,RDH11,GMPS,CORO1A,TOMM40,PGM1,TCEA1,ELOVL6,ACTR3,EBP,PSMC2,NUFIP1,UNG,M6PR,PSMA4,ACSL3	Hallmark	HALLMARK_MTORC1_SIGNALING
HALLMARK_MYC_TARGETS_V1	NA	NA	NA	0.398762622897696	NA	193	CDC45,MCM2,RAD23B,MAD2L1,PCNA,MCM4,ODC1,NPM1,TYMS,PSMB2,PRPS2,SNRPD1,PSMB3,RRM1,NME1,SNRPB2,SSBP1,RUVBL2,PSMD14,YWHAE,SET,PABPC1,HDDC2,HNRNPC,ERH,SNRPD2,CCT3,CDK4,MCM5,SNRPD3,CCT7,MRPS18B,RPL14,HPRT1,CDC20,RPS2,RSL1D1,GLO1,PSMD8,APEX1,LSM2,KPNA2,PPIA,CSTF2,VDAC1,CCT4,RPL6,CBX3,PSMA6,NHP2,RPS6,RAN,PPM1G,CLNS1A,XRCC6,PRDX4,RPL34,VBP1,RPLP0,SNRPG,SERBP1,RPS3,RRP9,POLE3,RPL18,RPL22,EIF1AX,NDUFAB1,ILF2,EEF1B2,PSMA2,MCM6,C1QBP,FBL,PTGES3,HNRNPA1,NCBP2,NAP1L1,PA2G4,PRDX3,RPS10,HSP90AB1,PSMA4,UBE2L3,PCBP1,LSM7,EIF3D,G3BP1,COX5A,RANBP1,TXNL4A,IMPDH2,CNBP,PSMC4,EIF4G2,EIF4H,SMARCC1,EXOSC7,GOT2,AIMP2	Hallmark	HALLMARK_MYC_TARGETS_V1
HALLMARK_MYC_TARGETS_V2	1	1	0.0935092741782428	0.126479079810867	0.64233710173838	57	HK2,EXOSC5,MCM4,NPM1,CDK4,MCM5,PLK4,TMEM97	Hallmark	HALLMARK_MYC_TARGETS_V2
HALLMARK_MYOGENESIS	1.30157387608468e-08	4.29519379107946e-07	0.747739663149885	-0.48586819517936	-1.65447201598128	188	CFD,MYL1,APOD,CSRP3,MYH7,DMPK,MYL7,MYL2,ACTA1,CKM,LAMA2,LDB3,DES,ACTN3,CACNA1H,SORBS1,ITGA7,VIPR1,MYH3,MYBPC3,SMTN,ATP2A1,ACTN2,MAPRE3,TCAP,IGF1,TEAD4,ACTC1,CD36,LPIN1,TPM2,PTGIS,MYH11,MAPK12,FXYD1,COL6A2,TNNT3,TAGLN,COX6A2,TSC2,FST,HRC,COL6A3,EFS,SOD3,NOTCH1,SLC6A8,SH2B1,MYL3,PICK1,MYOM1,IFRD1,HSPB2,SLN,CASQ2,NOS1,IGFBP7,MB,SGCA,CASQ1,WWTR1,MYLK,TNNT2,KIFC3,ACHE,PYGM,SPEG,AEBP1,REEP1,MYO1C,GADD45B	Hallmark	HALLMARK_MYOGENESIS
HALLMARK_NOTCH_SIGNALING	0.908936711544577	1	0.00588567926205186	-0.228339037204294	-0.671462004882069	32	KAT2A,NOTCH1,HEYL,DLL1,JAG1,PRKCA,NOTCH3,TCF7L2,DTX1,ARRB1	Hallmark	HALLMARK_NOTCH_SIGNALING
HALLMARK_OXIDATIVE_PHOSPHORYLATION	NA	NA	NA	0.327111294276451	NA	184	ATP6V1F,BAX,NDUFC2,GPX4,ATP6V1D,NDUFA7,COX6B1,IDH1,TOMM22,ATP6V1G1,COX7C,NDUFB4,ATP6AP1,TIMM10,ETFB,COX7A2L,ATP1B1,IDH2,SLC25A11,NDUFB6,MDH1,BCKDHA,UQCRC1,COX4I1,ECHS1,ISCU,PDP1,COX7A2,MRPL35,NDUFC1,NDUFB5,NDUFB8,TIMM9,NDUFB2,COX7B,TIMM8B,NDUFA2,NDUFA8,MRPS30,UQCRB,VDAC1,UQCR10,NDUFA3,ECH1,COX6A1,MRPL11,NDUFS6,NDUFS8,NDUFA4,UQCRH,NDUFA1,ATP6V0E1,COX17,NDUFAB1,NDUFS4,MTX2,ATP6V1E1,UQCRQ,NDUFS3,MRPL34,SDHB,AIFM1,ACAA2,TIMM13,DLAT,RHOT1,ALAS1,GRPEL1,PRDX3,HCCS,COX8A,NDUFB3,HADHA,COX5A,NDUFV2,NDUFS7,PDHB,UQCR11,MRPS15,MRPS12,POLR2F,NDUFA9,NDUFA5,NDUFB7,GOT2,MRPL15,MDH2,SDHC,ATP6V0B,BDH2,HSD17B10,FXN,COX6C,VDAC2	Hallmark	HALLMARK_OXIDATIVE_PHOSPHORYLATION
HALLMARK_P53_PATHWAY	NA	NA	NA	0.293516102341884	NA	191	TGFA,SDC1,FUCA1,ZMAT3,PERP,IFI30,ST14,AK1,VAMP8,TPD52L1,CCND2,GLS2,CTSD,CDKN2B,CD82,BAX,PCNA,CCNG1,RPS27L,RAP2B,GM2A,FAM162A,NINJ1,TSC22D1,MAPKAPK3,IER5,SFN,ALOX15B,CDH13,TP53,TRIAP1,MDM2,VDR,CDKN2A,SOCS1,FDXR,RPL36,CDKN1A,BTG2,TCN2,ITGB4,KRT17,IL1A,TAX1BP3,ISCU,RNF19B,TM7SF3	Hallmark	HALLMARK_P53_PATHWAY
HALLMARK_PANCREAS_BETA_CELLS	0.860540540540541	1	0.00730537123059486	-0.250901886574725	-0.71527550118948	26	PCSK1,PAK3,CHGA,ISL1,ABCC8,LMO2,STXBP1,PAX6,FOXA2,SCGN,GCK	Hallmark	HALLMARK_PANCREAS_BETA_CELLS
HALLMARK_PEROXISOME	0.133109318289941	0.627515357652578	0.249246554383295	0.206730337353533	1.17521419209183	100	SLC27A2,RXRG,TOP2A,CRABP2,ISOC1,CDK7,IDH1,PABPC1,IDH2,CADM1,SULT2B1,MSH2,PRDX5,BCL10,HMGCL,SLC35B2,SCP2,DHRS3,ACOX1,FIS1,PEX11B,TSPO,ECH1,HSD3B7,NUDT19,FABP6	Hallmark	HALLMARK_PEROXISOME
HALLMARK_PI3K_AKT_MTOR_SIGNALING	0.999899477281866	1	0.00106298079402554	-0.132833930686187	-0.438354574865114	100	FGF17,PLCG1,MKNK1,NGF,SLA,TSC2,ADCY2,STAT2	Hallmark	HALLMARK_PI3K_AKT_MTOR_SIGNALING
HALLMARK_PROTEIN_SECRETION	0.000137788424319372	0.00227350900126964	0.518848077743792	0.297234147787499	1.61655199123992	95	KRT18,CD63,CTSC,PPT1,SCAMP1,ANP32E,LAMP2,IGF2R,TPD52,SGMS1,TMED2,PAM,CLTA,CLTC,TMED10,STAM,ARFIP1,ARCN1,CLCN3,TSG101,RAB2A,COPE,ERGIC3,AP3B1,RPS6KA3,LMAN1,MAPK1,SCRN1,SSPN,YIPF6,M6PR,RAB5A,SOD1,ARF1,RAB9A,SCAMP3,VAMP7,VPS4B,AP2B1,GNAS,VAMP3,BET1,COPB2,RAB14,COPB1,AP3S1,AP2M1,TMX1	Hallmark	HALLMARK_PROTEIN_SECRETION
HALLMARK_REACTIVE_OXYGEN_SPECIES_PATHWAY	0.938172043010753	1	0.00461122301304001	-0.213124668375082	-0.657583671295909	47	FES,SBNO2,IPCEF1,STK25,MPO,ABCC1,SCAF4,NDUFS2	Hallmark	HALLMARK_REACTIVE_OXYGEN_SPECIES_PATHWAY
HALLMARK_SPERMATOGENESIS	0.904331222992664	1	0.00481407089335081	-0.23386402993912	-0.772210117913931	101	GPR182,TNP1,PCSK4,CHFR,LPIN1,TLE4,JAM3,YBX2,PGS1,NPY5R,POMC,PARP2,SCG3,NOS1,DDX25,MTOR,TOPBP1,ART3,CFTR,ARL4A,GAD1,TNNI3,IFT88,TKTL1,CNIH2,NPHP1,MAST2,GFI1,PHF7,SNAP91,BRAF,TEKT2	Hallmark	HALLMARK_SPERMATOGENESIS
HALLMARK_TGF_BETA_SIGNALING	0.985239852398524	1	0.087188756630299	0.134929209505629	0.675359908143156	53	CDH1,TGFBR1,ACVR1,TGIF1,ID2,XIAP,PPP1CA	Hallmark	HALLMARK_TGF_BETA_SIGNALING
HALLMARK_TNFA_SIGNALING_VIA_NFKB	NA	NA	NA	0.190486784118162	NA	195	CSF2,CCND1,DUSP4,LAMB3,SDC4,CD83,PHLDA2,CD44,F2RL1,IFIT2,TNFRSF9,FOSB,NINJ1,DUSP5,TGIF1,TSC22D1,NFKBIE,OLR1,IER5,CXCL11,ID2,IL1B,EGR2,CXCL10,CCL20,PLAU,TIPARP	Hallmark	HALLMARK_TNFA_SIGNALING_VIA_NFKB
HALLMARK_UNFOLDED_PROTEIN_RESPONSE	1	1	0.00101231913882384	-0.130797394961644	-0.433043809507796	105	TSPYL2,CXXC1,ARFGAP1,ZBTB17,EDC4,VEGFA,WFS1,DNAJA4,EXOSC10,NOP56,ASNS,WIPI1,MTHFD2,GEMIN4,STC2,CEBPB,DCP1A,SHC1,NFYB,EXOSC2,TATDN2,ATF4	Hallmark	HALLMARK_UNFOLDED_PROTEIN_RESPONSE
HALLMARK_UV_RESPONSE_DN	0.194994994994995	0.804354354354354	0.0293361955812739	-0.337136541243623	-1.13239183974529	138	TFPI,FBLN5,TGFBR3,CACNA1A,MTA1,AMPH,LPAR1,PTGFR,PDGFRB,SYNE1,EFEMP1,DAB2,MAP1B,TGFBR2,PPARG,SNAI2,FHL2,ABCC1,F3,INPP4B,CDON,PMP22,PRKAR2B,GRK5,PRKCE,SFMBT1,MGLL,PIAS3,CDK13,PRKCA,MYC,ADD3,KIT,APBB2,IRS1,MAGI2,RASA2,PRDM2,DYRK1A,WDR37,ADGRL2,NRP1,ACVR2A,VLDLR,YTHDC1,SCHIP1,PTPN21,RBPMS,ATXN1,KALRN,PIK3CD,SMAD3,PTEN,SMAD7,SCN8A,PIK3R3,CDC42BPA,CAP2,SERPINE1,ICA1,NEK7,ZMIZ1,CELF2,MIOS,MRPS31,ARHGEF9,NFIB,RXRA,NIPBL,ID1,DLC1	Hallmark	HALLMARK_UV_RESPONSE_DN
HALLMARK_UV_RESPONSE_UP	0.99559603643279	1	0.00106298079402554	-0.173732846729555	-0.5854759707163	148	MSX1,OLFM1,PRPF3,POLG2,PDLIM3,CLCN2,CHKA,RXRB,SLC6A8,STK25,MAPK8IP2,CYP1A1,PARP2,AGO2,FMO1,NXF1,WIZ,ASNS,ABCB1,BCL2L11,PLCL1,KCNH2,SHOX2,CDKN1C,NPTX2,POLR2H,ENO2,EPHX1,NR4A1,NFKBIA,MGAT1,PTPRD,DGAT1,ARRB2,STARD3,GPX3,FGF18	Hallmark	HALLMARK_UV_RESPONSE_UP
HALLMARK_WNT_BETA_CATENIN_SIGNALING	0.410376866061175	1	0.0179280941928514	-0.348888826635127	-1.05655620428152	40	KAT2A,WNT6,NOTCH1,AXIN2,NOTCH4,DLL1,DVL2,NKD1,PTCH1,JAG1,FZD8,MYC,CSNK1E,NUMB,MAML1,GNAI1,HEY1	Hallmark	HALLMARK_WNT_BETA_CATENIN_SIGNALING
HALLMARK_XENOBIOTIC_METABOLISM	0.510704281712685	1	0.0141288814493791	-0.293505958073171	-0.997788550278246	181	LEAP2,LCAT,ITIH4,ABCC2,F10,AKR1C2,CSAD,AOX1,ADH1C,PAPSS2,FBLN1,NDRG2,AP4B1,IGF1,CYP17A1,CD36,MAN1A1,AKR1C3,REG1A,CYP2E1,ARG1,RAP1GAP,CRP,CYP1A1,HGFAC,SLC12A4,DHPS,SLC22A1,FMO1,IL1R1,UPB1,FMO3,ENPEP,ETS2	Hallmark	HALLMARK_XENOBIOTIC_METABOLISM
