collection	pathway	size	NES	pval	padj	abs_NES
Hallmark	HALLMARK_MYOGENESIS	188	-1.65447201598128	1.30157387608468e-08	4.29519379107946e-07	1.65447201598128
Hallmark	HALLMARK_PROTEIN_SECRETION	95	1.61655199123992	0.000137788424319372	0.00227350900126964	1.61655199123992
Hallmark	HALLMARK_COAGULATION	122	1.54577700573061	0.000958834554012465	0.0105471800941371	1.54577700573061
KEGG	KEGG_RIBOSOME	86	3.94177729981498	1.57306926788876e-28	2.89444745291532e-26	3.94177729981498
KEGG	KEGG_GRAFT_VERSUS_HOST_DISEASE	32	2.8111883517487	5.48173841312232e-08	2.52159967003627e-06	2.8111883517487
KEGG	KEGG_PROTEASOME	41	2.76764814632003	1.42105079227995e-08	1.30736672889755e-06	2.76764814632003
KEGG	KEGG_ALLOGRAFT_REJECTION	31	2.64387416889113	2.97576727413853e-06	7.04983129723193e-05	2.64387416889113
KEGG	KEGG_TYPE_I_DIABETES_MELLITUS	37	2.56551709630358	2.86976370483863e-06	7.04983129723193e-05	2.56551709630358
KEGG	KEGG_AUTOIMMUNE_THYROID_DISEASE	33	2.45639071458274	1.03164572511208e-05	0.000186859719123461	2.45639071458274
KEGG	KEGG_ASTHMA	20	2.45596139224045	7.69492360521755e-05	0.00108912764873848	2.45596139224045
KEGG	KEGG_ANTIGEN_PROCESSING_AND_PRESENTATION	62	2.40109365552406	3.7143468975522e-08	2.27813276383202e-06	2.40109365552406
KEGG	KEGG_DNA_REPLICATION	35	2.00704379834053	0.000476293967287308	0.00547738062380404	2.00704379834053
KEGG	KEGG_P53_SIGNALING_PATHWAY	66	1.96948315089065	6.07276854354602e-05	0.000931157843343722	1.96948315089065
KEGG	KEGG_CELL_CYCLE	122	1.92087786650495	1.60572860052558e-06	5.90908124993413e-05	1.92087786650495
KEGG	KEGG_LYSOSOME	118	1.91077834559208	3.06514404227475e-06	7.04983129723193e-05	1.91077834559208
KEGG	KEGG_OXIDATIVE_PHOSPHORYLATION	109	1.87224173187053	1.11709614693373e-05	0.000186859719123461	1.87224173187053
KEGG	KEGG_CELL_ADHESION_MOLECULES_CAMS	126	1.8431926441942	4.19896442164378e-06	8.58454948424951e-05	1.8431926441942
KEGG	KEGG_VIRAL_MYOCARDITIS	62	1.78605276666755	0.000168934854166728	0.00222028665476271	1.78605276666755
KEGG	KEGG_PROTEIN_EXPORT	23	1.6853209549641	0.00701844167191492	0.0496689718320133	1.6853209549641
KEGG	KEGG_PATHOGENIC_ESCHERICHIA_COLI_INFECTION	52	1.63150962917412	0.00147446098474369	0.0150722678440466	1.63150962917412
KEGG	KEGG_DILATED_CARDIOMYOPATHY	81	-1.62908395368274	0.000256369059168655	0.00314479379246884	1.62908395368274
KEGG	KEGG_ABC_TRANSPORTERS	38	-1.59125630788252	0.00483244038239311	0.0372668666184025	1.59125630788252
KEGG	KEGG_PARKINSONS_DISEASE	108	1.56622598439105	0.000542705784190525	0.00587399201712097	1.56622598439105
KEGG	KEGG_HEDGEHOG_SIGNALING_PATHWAY	47	-1.55944612077294	0.00486089564587858	0.0372668666184025	1.55944612077294
KEGG	KEGG_BASAL_CELL_CARCINOMA	49	-1.55872848045061	0.00422201627020904	0.0353114088053847	1.55872848045061
KEGG	KEGG_LEISHMANIA_INFECTION	68	1.54325620197865	0.00200270981174196	0.0193946634400274	1.54325620197865
KEGG	KEGG_PEROXISOME	73	1.48739295650793	0.00369315486508947	0.0328227676612814	1.48739295650793
KEGG	KEGG_HYPERTROPHIC_CARDIOMYOPATHY_HCM	74	-1.48527151157779	0.00374607674395059	0.0328227676612814	1.48527151157779
KEGG	KEGG_CALCIUM_SIGNALING_PATHWAY	146	-1.35429768126943	0.00580871306960441	0.0427521281922884	1.35429768126943
Reactome	Peptide chain elongation	87	4.05074254777899	1.24661898245579e-31	4.25097073017425e-29	4.05074254777899
Reactome	Formation of a pool of free 40S subunits	99	4.04077210501153	5.92657686670963e-34	1.21257762692879e-30	4.04077210501153
Reactome	Viral mRNA Translation	87	4.00945066301193	7.75682129735795e-31	1.9838070467993e-28	4.00945066301193
Reactome	Eukaryotic Translation Elongation	92	3.99191479666557	6.46236735512974e-33	4.40733453619848e-30	3.99191479666557
Reactome	Eukaryotic Translation Termination	90	3.99093866255905	6.48108074884528e-32	3.31507280303436e-29	3.99093866255905
Reactome	L13a-mediated translational silencing of Ceruloplasmin expression	109	3.92887404024204	2.88170028578517e-33	2.94797939235823e-30	3.92887404024204
Reactome	PELO:HBS1L and ABCE1 dissociate a ribosome on a non-stop mRNA	88	3.90461533924882	3.02466811773441e-28	6.18847096888459e-26	3.90461533924882
Reactome	SRP-dependent cotranslational protein targeting to membrane	107	3.8445766282363	2.80386425923177e-31	8.19529467769742e-29	3.8445766282363
Reactome	Nonsense Mediated Decay (NMD) independent of the Exon Junction Complex (EJC)	93	3.82829569628868	3.11403389085414e-29	7.07923704520841e-27	3.82829569628868
Reactome	GTP hydrolysis and joining of the 60S ribosomal subunit	110	3.82322863076823	8.8432605156098e-32	3.61866220298753e-29	3.82322863076823
Reactome	CD22 mediated BCR regulation	65	3.77264180482492	4.23981643280763e-24	5.1027437773673e-22	3.77264180482492
Reactome	Selenocysteine synthesis	90	3.74488073639027	4.37843273869731e-27	6.39876670241049e-25	3.74488073639027
Reactome	FCGR activation	82	3.73989389656116	9.90864914397902e-25	1.26706850928632e-22	3.73989389656116
Reactome	ZNF598 and the Ribosome-associated Quality Trigger (RQT) complex dissociate a ribosome stalled on a no-go mRNA	94	3.69902667758273	3.89568762383989e-27	6.13121298336647e-25	3.69902667758273
Reactome	Response of EIF2AK4 (GCN2) to amino acid deficiency	98	3.65611670770848	1.90264451643114e-26	2.59520712041208e-24	3.65611670770848
Reactome	Cap-dependent Translation Initiation	117	3.53968947925589	2.56001823230217e-27	4.36483108607521e-25	3.53968947925589
Reactome	Eukaryotic Translation Initiation	117	3.53968947925589	2.56001823230217e-27	4.36483108607521e-25	3.53968947925589
Reactome	Role of LAT2/NTAL/LAB on calcium mobilization	83	3.4353621870842	8.75537877550639e-20	8.14250226122095e-18	3.4353621870842
Reactome	IFIT antiviral response	60	3.34124400897932	7.74390061727882e-16	4.80121838271287e-14	3.34124400897932
Reactome	Formation of the ternary complex, and subsequently, the 43S complex	51	3.2399727808205	3.84483082852777e-13	1.87298187503996e-11	3.2399727808205
Reactome	Classical antibody-mediated complement activation	76	3.22760818654037	7.76753007863404e-17	5.12656985189847e-15	3.22760818654037
Reactome	Nonsense Mediated Decay (NMD) enhanced by the Exon Junction Complex (EJC)	113	3.22453357369911	2.36955716586343e-21	2.42405698067829e-19	3.22453357369911
Reactome	Nonsense-Mediated Decay (NMD)	113	3.22453357369911	2.36955716586343e-21	2.42405698067829e-19	3.22453357369911
Reactome	Translation initiation complex formation	58	3.18406701786674	2.91856439964231e-14	1.57182087437143e-12	3.18406701786674
Reactome	Ribosome-associated quality control	138	3.16247259363616	5.03209541018057e-24	5.71981511623858e-22	3.16247259363616
Reactome	Activation of the mRNA upon binding of the cap-binding complex and eIFs, and subsequent binding to 43S	59	3.14539238812537	1.45843787199102e-13	7.45990971523408e-12	3.14539238812537
Reactome	SARS-CoV-1 modulates host translation machinery	36	3.12036339144639	1.94296773945558e-10	7.64483075947331e-09	3.12036339144639
Reactome	Ribosome Quality Control (RQC) complex extracts and degrades nascent peptide	97	3.09388428511853	9.00511022841659e-18	6.58016268833583e-16	3.09388428511853
Reactome	Ribosomal scanning and start codon recognition	58	3.03143380663698	8.79643832098617e-13	3.99944728994171e-11	3.03143380663698
Reactome	Selenoamino acid metabolism	106	3.02043801209002	1.54924246883083e-18	1.32072920467828e-16	3.02043801209002
Reactome	Regulation of actin dynamics for phagocytic cup formation	130	2.97235122231092	4.06659391036468e-20	3.96202435266959e-18	2.97235122231092
Reactome	Proteasome assembly	49	2.89471890827488	1.34662631076075e-10	5.510394863633e-09	2.89471890827488
Reactome	Antigen activates B Cell Receptor (BCR) leading to generation of second messengers	90	2.8723767292531	9.10471013356038e-15	5.47889321566604e-13	2.8723767292531
Reactome	Mitochondrial ribosome-associated quality control	88	2.86271837163408	2.91931540694595e-14	1.57182087437143e-12	2.86271837163408
Reactome	Antigen processing: Ub, ATP-independent proteasomal degradation	19	2.83867329331148	6.03846019762039e-07	1.56388475497865e-05	2.83867329331148
Reactome	Cross-presentation of soluble exogenous antigens (endosomes)	40	2.82459759352383	3.00969204794713e-09	1.06169481553445e-07	2.82459759352383
Reactome	FCGR3A-mediated phagocytosis	128	2.82005711665044	7.32826910909867e-18	5.55319948045032e-16	2.82005711665044
Reactome	Leishmania phagocytosis	128	2.82005711665044	7.32826910909867e-18	5.55319948045032e-16	2.82005711665044
Reactome	Parasite infection	128	2.82005711665044	7.32826910909867e-18	5.55319948045032e-16	2.82005711665044
Reactome	SARS-CoV-2 modulates host translation machinery	49	2.80465823434656	6.76152537313423e-10	2.56186683582086e-08	2.80465823434656
Reactome	Phosphorylation of CD3 and TCR zeta chains	26	2.79367496113927	3.11834987293943e-07	8.50685845337875e-06	2.79367496113927
Reactome	Regulation of expression of SLITs and ROBOs	150	2.76762740265593	3.1130802275797e-19	2.76928788940351e-17	2.76762740265593
Reactome	Ubiquitin-dependent degradation of Cyclin D	38	2.76409276604022	1.35044437336919e-08	4.31720185611463e-07	2.76409276604022
Reactome	SPOP-mediated proteasomal degradation of PD-L1(CD274)	45	2.75754032261483	5.56212969601988e-09	1.86559300951749e-07	2.75754032261483
Reactome	Role of phospholipids in phagocytosis	93	2.67410202380573	1.92162805950973e-13	9.58939270672416e-12	2.67410202380573
Reactome	FCERI mediated MAPK activation	99	2.66933149689574	4.47789650281303e-13	2.13064563831523e-11	2.66933149689574
Reactome	Translocation of ZAP-70 to Immunological synapse	23	2.66011722410236	1.69179048694133e-06	3.88921723177747e-05	2.66011722410236
Reactome	Influenza Viral RNA Transcription and Replication	132	2.65545000096051	2.03115307759348e-17	1.43301351612285e-15	2.65545000096051
Reactome	GSK3B-mediated proteasomal degradation of PD-L1(CD274)	43	2.64514636678818	3.79169348223876e-08	1.15788132308366e-06	2.64514636678818
Reactome	Cellular response to starvation	148	2.5855178057112	2.68299051710406e-17	1.82979953266497e-15	2.5855178057112
Reactome	Regulation of activated PAK-2p34 by proteasome mediated degradation	36	2.56643929253097	7.09250759611514e-07	1.77934002880138e-05	2.56643929253097
Reactome	Defective CFTR causes cystic fibrosis	47	2.55778862538044	4.34329920648703e-08	1.30682208477536e-06	2.55778862538044
Reactome	Vif-mediated degradation of APOBEC3G	38	2.55067015311614	3.6525698354932e-07	9.833102478183e-06	2.55067015311614
Reactome	Regulation of PD-L1(CD274) Post-translational modification	84	2.53922678794719	9.37557712039976e-11	3.91478179353835e-09	2.53922678794719
Reactome	Regulation of ornithine decarboxylase (ODC)	37	2.53430666015465	9.2342246114131e-07	2.24919328035133e-05	2.53430666015465
Reactome	Vpu mediated degradation of CD4	38	2.5327131398211	5.32078462290683e-07	1.41380848551524e-05	2.5327131398211
Reactome	Influenza Infection	153	2.5245552909812	3.60088516440496e-16	2.30231595199142e-14	2.5245552909812
Reactome	Metabolism of polyamines	45	2.50929081583726	2.08668785656663e-07	5.84844295141826e-06	2.50929081583726
Reactome	Mitochondrial translation elongation	101	2.50739803646675	2.29287588541052e-11	9.98132779053175e-10	2.50739803646675
Reactome	DNA strand elongation	32	2.50086123286568	3.05869849325387e-06	6.58747064968149e-05	2.50086123286568
Reactome	GSK3B and BTRC:CUL1-mediated-degradation of NFE2L2	41	2.49464077036548	5.68238245730336e-07	1.49053262918496e-05	2.49464077036548
Reactome	FCERI mediated NF-kB activation	134	2.48139264525826	1.82436446664031e-14	1.03684713854057e-12	2.48139264525826
Reactome	Regulation of MITF-M-dependent genes involved in lysosome biogenesis and autophagy	17	2.47816005821515	0.00012844263295899	0.00200605822163431	2.47816005821515
Reactome	Chk1/Chk2(Cds1) mediated inactivation of Cyclin B:Cdk1 complex	15	2.4647927211579	6.20648401982116e-05	0.00103239563451659	2.4647927211579
Reactome	Mitochondrial translation initiation	101	2.44983271503774	7.19089407448264e-11	3.06511859924822e-09	2.44983271503774
Reactome	Endosomal/Vacuolar pathway	12	2.43226301910415	0.000129946203552952	0.00201416615507075	2.43226301910415
Reactome	Hh mutants are degraded by ERAD	41	2.40407620627843	1.64454470496027e-06	3.86751547856174e-05	2.40407620627843
Reactome	Fcgamma receptor (FCGR) dependent phagocytosis	153	2.39822063890061	1.56489587203303e-14	9.14793415479878e-13	2.39822063890061
Reactome	G1/S Transition	119	2.39787616610383	2.90436953614464e-12	1.2918130589026e-10	2.39787616610383
Reactome	G1/S-Specific Transcription	29	2.38123006356954	1.92325329480362e-05	0.000364349651960019	2.38123006356954
Reactome	Orc1 removal from chromatin	57	2.37612317482595	1.50256427156702e-07	4.32992464736075e-06	2.37612317482595
Reactome	Degradation of CDH1	51	2.37219889250672	7.13127479773767e-07	1.77934002880138e-05	2.37219889250672
Reactome	Unwinding of DNA	12	2.36995308947954	0.000251317718073616	0.00354617966330082	2.36995308947954
Reactome	SCF(Skp2)-mediated degradation of p27/p21	49	2.35573076480049	8.22554663399858e-07	2.0276467967664e-05	2.35573076480049
Reactome	Creation of C4 and C2 activators	83	2.35045279679622	1.43458410958066e-08	4.51562936646467e-07	2.35045279679622
Reactome	Signaling by the B Cell Receptor (BCR)	156	2.34940604941131	8.95449129984829e-14	4.69766389730502e-12	2.34940604941131
Reactome	AUF1 (hnRNP D0) binds and destabilizes mRNA	41	2.34480562900551	3.36045699017342e-06	7.08813917721115e-05	2.34480562900551
Reactome	FCERI mediated Ca+2 mobilization	98	2.3414144131844	9.6306830873134e-10	3.58261410848058e-08	2.3414144131844
Reactome	Autodegradation of the E3 ubiquitin ligase COP1	37	2.34057098945514	9.44737498407565e-06	0.000187663390460376	2.34057098945514
Reactome	Mitotic G1 phase and G1/S transition	137	2.33592491939723	4.78656689803771e-13	2.22575360758753e-11	2.33592491939723
Reactome	Scavenging of heme from plasma	80	2.31547328966827	6.92041976328175e-09	2.28373852188298e-07	2.31547328966827
Reactome	Regulation of RUNX3 expression and activity	44	2.30362711019199	3.19023484620541e-06	6.79918801597527e-05	2.30362711019199
Reactome	SARS-CoV-1-host interactions	95	2.290310166402	2.00862739776165e-09	7.33866367110775e-08	2.290310166402
Reactome	Regulation of Apoptosis	39	2.2883719968474	1.27758201307036e-05	0.000246597433843582	2.2883719968474
Reactome	Regulation of Complement cascade	106	2.28788103825924	1.69286216226015e-10	6.79136467447896e-09	2.28788103825924
Reactome	Early Phase of HIV Life Cycle	14	2.23129175170814	0.000685362613210439	0.00898879427325998	2.23129175170814
Reactome	GLI3 is processed to GLI3R by the proteasome	45	2.23013265397119	8.31896447655424e-06	0.0001702060131903	2.23013265397119
Reactome	The role of GTSE1 in G2/M progression after G2 checkpoint	61	2.20636196924555	1.68087175447762e-06	3.88921723177747e-05	2.20636196924555
Reactome	Degradation of GLI2 by the proteasome	45	2.20056640803386	1.11417171364441e-05	0.000217104316772996	2.20056640803386
Reactome	Mitochondrial translation termination	102	2.19531090632358	4.58001128069374e-09	1.58825475937278e-07	2.19531090632358
Reactome	SCF-beta-TrCP mediated degradation of Emi1	41	2.19510807328946	2.42030630358718e-05	0.000450176972467215	2.19510807328946
Reactome	Maturation of DENV proteins	51	2.19273029098433	6.6605406017586e-06	0.000137651172436344	2.19273029098433
Reactome	Processing of antigen in germinal center B cells	87	2.18106455456404	1.41658687097229e-07	4.140481054299e-06	2.18106455456404
Reactome	Respiratory syncytial virus (RSV) genome replication, transcription and translation	17	2.16700549551258	0.00210849571750568	0.0241004594302605	2.16700549551258
Reactome	Negative Regulation of DNA Double Strand Break Response	41	2.16393080276576	3.33006679763772e-05	0.000602948377696175	2.16393080276576
Reactome	Negative regulation of NOTCH4 signaling	43	2.15624333869734	1.07681934818166e-05	0.000211843498690354	2.15624333869734
Reactome	Condensation of Prometaphase Chromosomes	11	2.15467624030104	0.00159487646087887	0.0187976110399235	2.15467624030104
Reactome	Mitochondrial translation	111	2.15020361217661	4.83371267683633e-09	1.64829602280119e-07	2.15020361217661
Reactome	G2/M Checkpoints	117	2.14355122438983	2.60342302886291e-09	9.34491845097106e-08	2.14355122438983
Reactome	Tight junction interactions	26	2.1356824664532	0.00025131722139811	0.00354617966330082	2.1356824664532
Reactome	Dectin-1 mediated noncanonical NF-kB signaling	48	2.12463216826802	4.09624520324481e-05	0.000728775450942512	2.12463216826802
Reactome	FCGR3A-mediated IL10 synthesis	107	2.11675855288611	2.92894255706052e-08	9.07972192688762e-07	2.11675855288611
Reactome	PD-L1(CD274) glycosylation and translocation to plasma membrane	21	2.11393417219656	0.00118881811907908	0.0145648016265616	2.11393417219656
Reactome	Apoptotic cleavage of cell adhesion  proteins	9	2.09326009604652	0.00301746119481424	0.0323231707046593	2.09326009604652
Reactome	Nef mediated downregulation of MHC class I complex cell surface expression	10	2.08134506174072	0.00265805457713247	0.0292386003484572	2.08134506174072
Reactome	Maturation of hRSV A proteins	14	2.08017770216681	0.00208369908771478	0.0239508333340699	2.08017770216681
Reactome	Hh mutants abrogate ligand secretion	44	2.0707201720903	5.08250937738996e-05	0.000878599308566266	2.0707201720903
Reactome	Activation of BH3-only proteins	30	2.05890055469357	0.000175072973579427	0.00259564713002541	2.05890055469357
Reactome	Downstream TCR signaling	87	2.05846839727543	1.15264005095262e-06	2.77447240499889e-05	2.05846839727543
Reactome	Initial triggering of complement	91	2.05759635981719	2.78816542384866e-07	7.70890061783021e-06	2.05759635981719
Reactome	FBXL7 down-regulates AURKA during mitotic entry and in early mitosis	41	2.04888902762478	0.000110565978990997	0.00175296626489661	2.04888902762478
Reactome	Antigen processing-Cross presentation	95	2.04877307210959	1.84666391215757e-07	5.24760328371443e-06	2.04877307210959
Reactome	Stabilization of p53	42	2.04206393639206	8.86177382971291e-05	0.00145049514044741	2.04206393639206
Reactome	Folding of actin by CCT/TriC	10	2.03701530277018	0.00333370297373382	0.035524772313851	2.03701530277018
Reactome	Degradation of AXIN	41	2.03136134824469	0.000147992530139427	0.00224290901233532	2.03136134824469
Reactome	Polo-like kinase mediated events	16	2.0253811448682	0.00250542779049796	0.0280115041495017	2.0253811448682
Reactome	AMPK-induced ERAD and lysosome mediated degradation of PD-L1(CD274)	53	2.02450800242073	4.39945272205819e-05	0.000775972437011298	2.02450800242073
Reactome	Prefoldin mediated transfer of substrate  to CCT/TriC	27	2.0241685102683	0.000942177810009011	0.0119732658340276	2.0241685102683
Reactome	S Phase	148	2.01884569603811	4.37004777088577e-10	1.68700334702496e-08	2.01884569603811
Reactome	Ubiquitin-Mediated Degradation of Phosphorylated Cdc25A	50	2.01818976090798	5.15307512355581e-05	0.000878599308566266	2.01818976090798
Reactome	p53-Independent G1/S DNA Damage Checkpoint	50	2.01818976090798	5.15307512355581e-05	0.000878599308566266	2.01818976090798
Reactome	Cyclin E associated events during G1/S transition	72	2.01106562807257	2.42016974474509e-06	5.38224706277006e-05	2.01106562807257
Reactome	NIK-->noncanonical NF-kB signaling	45	1.98353181337603	0.000146233650567504	0.00224290901233532	1.98353181337603
Reactome	MHC class II antigen presentation	118	1.9720956652018	6.02104125545078e-08	1.78536962444236e-06	1.9720956652018
Reactome	Synthesis of DNA	107	1.95834224348439	7.09429698160724e-07	1.77934002880138e-05	1.95834224348439
Reactome	Complex I biogenesis	65	1.94273007568604	9.05077508975329e-06	0.000181547900329757	1.94273007568604
Reactome	APC/C:Cdc20 mediated degradation of mitotic proteins	62	1.91741421610676	6.40247936949047e-05	0.00105640909596593	1.91741421610676
Reactome	Striated Muscle Contraction	35	-1.90982606917041	6.58349226468916e-06	0.00013744719564851	1.90982606917041
Reactome	Regulation of mRNA stability by proteins that bind AU-rich elements	75	1.90944629975312	2.32995160946556e-05	0.000437346880088674	1.90944629975312
Reactome	SARS-CoV-1 Infection	140	1.90921383277962	1.1689252617406e-08	3.79622394527184e-07	1.90921383277962
Reactome	Activation of the pre-replicative complex	32	1.8794192267418	0.00156312099208691	0.0185938694756385	1.8794192267418
Reactome	Intrinsic Pathway for Apoptosis	53	1.87844308184847	0.000176428059645815	0.00259691949665711	1.87844308184847
Reactome	TP53 Regulates Transcription of Genes Involved in G2 Cell Cycle Arrest	18	1.87287766008851	0.00396660928209664	0.0409882959149986	1.87287766008851
Reactome	Degradation of GLI1 by the proteasome	45	1.86642162738071	0.000519840631893098	0.00695159433237437	1.86642162738071
Reactome	Activation of APC/C and APC/C:Cdc20 mediated degradation of mitotic proteins	63	1.85686243516687	5.73226273324352e-05	0.000969273516712086	1.85686243516687
Reactome	APC:Cdc20 mediated degradation of cell cycle proteins prior to satisfation of the cell cycle checkpoint	60	1.83882145407081	0.000194289304690402	0.00279940786898988	1.83882145407081
Reactome	Hedgehog ligand biogenesis	49	1.83505118461371	0.000488697735106135	0.00657812872386284	1.83505118461371
Reactome	Ethanol oxidation	11	-1.83249852308758	0.000282653463090693	0.00396102044851752	1.83249852308758
Reactome	Gene and protein expression by JAK-STAT signaling after Interleukin-12 stimulation	36	1.82058059428506	0.00191695214765289	0.0224119091091303	1.82058059428506
Reactome	Cyclin A:Cdk2-associated events at S phase entry	74	1.81844335229281	4.67878333230209e-05	0.000818187239135903	1.81844335229281
Reactome	RHO GTPases Activate WASPs and WAVEs	36	1.81747182416647	0.00197460377335219	0.0228250809055286	1.81747182416647
Reactome	Regulation of CDH1 Function	58	1.81405044848131	0.000185950707922574	0.00271753677435419	1.81405044848131
Reactome	DNA Replication Pre-Initiation	88	1.81381377066356	1.53599610356218e-05	0.000293705423167124	1.81381377066356
Reactome	Cooperation of Prefoldin and TriC/CCT  in actin and tubulin folding	30	1.80375065251547	0.00195040923544002	0.0226735073619902	1.80375065251547
Reactome	Dengue Virus Genome Translation and Replication	80	1.79561705576561	2.94515360842227e-05	0.000538016453824282	1.79561705576561
Reactome	Budding and maturation of HIV virion	28	1.7925904078399	0.00263124077263138	0.0291001006529935	1.7925904078399
Reactome	Regulation of Expression and Function of Type II Classical Cadherins	31	-1.78110817242145	0.00036493857898896	0.00504502927440144	1.78110817242145
Reactome	Antigen Presentation: Folding, assembly and peptide loading of class I MHC	30	1.76648328121519	0.00272729684809384	0.0296811135702127	1.76648328121519
Reactome	Unblocking of NMDA receptors, glutamate binding and activation	18	-1.76283771597295	0.000953597630587211	0.0120014543007526	1.76283771597295
Reactome	APC/C-mediated degradation of cell cycle proteins	74	1.75654335223699	0.000103197609300085	0.00164954928615605	1.75654335223699
Reactome	Regulation of mitotic cell cycle	74	1.75654335223699	0.000103197609300085	0.00164954928615605	1.75654335223699
Reactome	E3 ubiquitin ligases ubiquitinate target proteins	43	1.75598106862352	0.00141459818704165	0.0172277850636144	1.75598106862352
Reactome	TNFR2 non-canonical NF-kB pathway	85	1.75456878965565	9.01326479245443e-05	0.00146358252106046	1.75456878965565
Reactome	Cdc20:Phospho-APC/C mediated degradation of Cyclin A	59	1.75425232457929	0.000374261872619562	0.00513919323073572	1.75425232457929
Reactome	Assembly of the pre-replicative complex	72	1.74947420598107	0.000111381043224125	0.00175296626489661	1.74947420598107
Reactome	Cyclin D associated events in G1	47	1.73369399154221	0.000825680822137854	0.0105583935130878	1.73369399154221
Reactome	G1 Phase	47	1.73369399154221	0.000825680822137854	0.0105583935130878	1.73369399154221
Reactome	Resolution of Sister Chromatid Cohesion	116	1.73032361097538	2.81889964859432e-05	0.000519591773065223	1.73032361097538
Reactome	p53-Dependent G1 DNA Damage Response	51	1.72193033842676	0.00151614053466	0.0181404885024231	1.72193033842676
Reactome	p53-Dependent G1/S DNA damage checkpoint	51	1.72193033842676	0.00151614053466	0.0181404885024231	1.72193033842676
Reactome	Peroxisomal protein import	58	1.71942662286175	0.000542732072595325	0.00721058325019503	1.71942662286175
Reactome	Co-inhibition by PD-1	157	1.71542000928073	1.74419582253535e-06	3.96513850323036e-05	1.71542000928073
Reactome	Regulation of CDH11 Expression and Function	28	-1.70313340193874	0.000956127590920169	0.0120014543007526	1.70313340193874
Reactome	Anti-inflammatory response favouring Leishmania parasite infection	141	1.69203536982045	2.66082751728146e-06	5.79154585144453e-05	1.69203536982045
Reactome	Leishmania parasite growth and survival	141	1.69203536982045	2.66082751728146e-06	5.79154585144453e-05	1.69203536982045
Reactome	Apoptosis	154	1.68888954706747	2.35322104940486e-06	5.29086842536521e-05	1.68888954706747
Reactome	Chemokine receptors bind chemokines	52	1.68868977633577	0.00147998343901841	0.0179174326404241	1.68868977633577
Reactome	Amplification  of signal from unattached  kinetochores via a MAD2  inhibitory signal	89	1.68848033424622	0.000170380516244782	0.00254451486304251	1.68848033424622
Reactome	Amplification of signal from the kinetochores	89	1.68848033424622	0.000170380516244782	0.00254451486304251	1.68848033424622
Reactome	G2/M DNA damage checkpoint	58	1.67667688704404	0.00097313661910468	0.0121404726993181	1.67667688704404
Reactome	ER-Phagosome pathway	80	1.6751179158863	0.000147081253212799	0.00224290901233532	1.6751179158863
Reactome	Protein ubiquitination	63	1.66161961509237	0.000703700601238025	0.00917051866326751	1.66161961509237
Reactome	IL-6-type cytokine receptor ligand interactions	15	-1.66017937325934	0.00492272467086434	0.0486564960221664	1.66017937325934
Reactome	Sensory perception of sweet, bitter, and umami (glutamate) taste	19	-1.65249373936689	0.00466718524280476	0.0463546650814492	1.65249373936689
Reactome	O-glycosylation of TSR domain-containing proteins	36	-1.64936063021509	0.0021854420703915	0.0247039473813316	1.64936063021509
Reactome	Kidney development	36	-1.64890683521102	0.0022085682268394	0.0248281900665573	1.64890683521102
Reactome	Regulation of CDH11 gene transcription	10	-1.64874292612959	0.00460773614647751	0.0460063179843699	1.64874292612959
Reactome	EPHB-mediated forward signaling	41	1.64737321546038	0.00419266957901908	0.0428250333155819	1.64737321546038
Reactome	Keratinization	68	1.64082448998032	0.000377432018025282	0.00514817272586485	1.64082448998032
Reactome	Interleukin-10 signaling	43	1.63439986372481	0.00394585536976857	0.0409882959149986	1.63439986372481
Reactome	Protein localization	152	1.63309372222648	8.90154158427527e-06	0.000180322317637893	1.63309372222648
Reactome	Defective B3GALTL causes PpS	35	-1.62669741824413	0.0025388765471279	0.0282312033446939	1.62669741824413
Reactome	Formation of the cornified envelope	63	1.62564071684957	0.00111163450835481	0.0137012301451442	1.62564071684957
Reactome	Degradation of DVL	43	1.61710578853618	0.0046096261910048	0.0460063179843699	1.61710578853618
Reactome	RUNX2 regulates chondrocyte maturation	5	-1.61623305596987	0.00502580820429231	0.0494365557018369	1.61623305596987
Reactome	Switching of origins to a post-replicative state	78	1.60992344208173	0.000811664268460956	0.0105105385650071	1.60992344208173
Reactome	Complement cascade	116	1.60115701508068	0.000192822585816086	0.00279797879843767	1.60115701508068
Reactome	DNA Replication	122	1.59971606950457	5.98625609873355e-05	0.00100392458836138	1.59971606950457
Reactome	Collagen chain trimerization	41	-1.59961863912887	0.00281602002503129	0.030324089322179	1.59961863912887
Reactome	APC/C:Cdc20 mediated degradation of Securin	54	1.59575558028022	0.00395758950547135	0.0409882959149986	1.59575558028022
Reactome	Interferon gamma signaling	92	1.5881544710717	0.000410485115237413	0.00556193738924336	1.5881544710717
Reactome	Muscle contraction	176	-1.58813356299221	1.62802324416547e-06	3.86751547856174e-05	1.58813356299221
Reactome	Degradation of CRY and PER proteins	47	1.58634838835105	0.00402598836630412	0.0413928251128555	1.58634838835105
Reactome	Regulation of PTEN stability and activity	55	1.58183304890414	0.00349935670664815	0.0369055867103202	1.58183304890414
Reactome	Asymmetric localization of PCP proteins	50	1.57203306034113	0.00420715136678004	0.0428250333155819	1.57203306034113
Reactome	RUNX1 regulates transcription of genes involved in differentiation of HSCs	55	1.55731515611934	0.00456314109781527	0.0459910674193598	1.55731515611934
Reactome	Regulation of APC/C activators between G1/S and early anaphase	67	1.55607184906252	0.00159862381277941	0.0187976110399235	1.55607184906252
Reactome	Respiratory electron transport	150	1.53495723510116	3.75924543462616e-05	0.000674685628003959	1.53495723510116
Reactome	Stimuli-sensing channels	89	-1.53074914172466	0.000982566189565297	0.0121838207506097	1.53074914172466
Reactome	G1/S DNA Damage Checkpoints	65	1.5128260202352	0.00267294552770322	0.0292451687148705	1.5128260202352
Reactome	RHO GTPases Activate Formins	130	1.49044757525769	0.000232171105199564	0.00332183273593222	1.49044757525769
Reactome	EML4 and NUDC in mitotic spindle formation	108	1.47473704338539	0.000345005933728859	0.00480191932251187	1.47473704338539
Reactome	Mitotic Spindle Checkpoint	106	1.46168130069648	0.000631541996647885	0.00833635435575208	1.46168130069648
Reactome	EPH-Ephrin signaling	88	1.44343600314746	0.00345068798612142	0.0365808684953597	1.44343600314746
Reactome	Cardiac conduction	110	-1.42966662369299	0.00391566265060241	0.0409882959149986	1.42966662369299
Reactome	Ion channel transport	158	-1.37056551610451	0.00280336403684421	0.030324089322179	1.37056551610451
Reactome	TCR signaling	108	1.35767616482545	0.00217629221414245	0.0247039473813316	1.35767616482545
Reactome	Peptide ligand-binding receptors	147	1.24293482085317	0.00441423228865036	0.0447104913989041	1.24293482085317
