sample	epic_converged	status
TCGA-DJ-A2PR-01	TRUE	formal_fraction_converged
TCGA-EM-A3AQ-01	TRUE	formal_fraction_converged
TCGA-CE-A27D-01	TRUE	formal_fraction_converged
TCGA-EL-A4K2-01	TRUE	formal_fraction_converged
TCGA-BJ-A45J-01	TRUE	formal_fraction_converged
TCGA-DJ-A2Q1-01	TRUE	formal_fraction_converged
TCGA-4C-A93U-01	FALSE	formal_fraction_nonconverged
TCGA-H2-A2K9-11	TRUE	formal_fraction_converged
TCGA-KS-A4I5-01	TRUE	formal_fraction_converged
TCGA-EM-A22I-01	TRUE	formal_fraction_converged
TCGA-E3-A3E0-01	TRUE	formal_fraction_converged
TCGA-EM-A3AI-01	TRUE	formal_fraction_converged
TCGA-H2-A3RI-11	TRUE	formal_fraction_converged
TCGA-DJ-A1QF-01	TRUE	formal_fraction_converged
TCGA-BJ-A45F-01	TRUE	formal_fraction_converged
TCGA-EM-A22Q-01	TRUE	formal_fraction_converged
TCGA-FY-A40L-01	TRUE	formal_fraction_converged
TCGA-CE-A482-01	TRUE	formal_fraction_converged
TCGA-DJ-A3VF-01	TRUE	formal_fraction_converged
TCGA-EL-A3CP-01	TRUE	formal_fraction_converged
TCGA-EM-A3SY-01	TRUE	formal_fraction_converged
TCGA-ET-A25P-01	TRUE	formal_fraction_converged
TCGA-DJ-A2Q7-01	TRUE	formal_fraction_converged
TCGA-DJ-A4UT-01	TRUE	formal_fraction_converged
TCGA-FY-A3R7-01	TRUE	formal_fraction_converged
TCGA-FY-A3R8-01	TRUE	formal_fraction_converged
TCGA-BJ-A2N9-01	TRUE	formal_fraction_converged
TCGA-ET-A25R-01	TRUE	formal_fraction_converged
TCGA-DJ-A4V4-01	TRUE	formal_fraction_converged
TCGA-EL-A3T9-01	TRUE	formal_fraction_converged
TCGA-BJ-A0ZB-01	TRUE	formal_fraction_converged
TCGA-EL-A3T0-01	TRUE	formal_fraction_converged
TCGA-EL-A3H1-01	TRUE	formal_fraction_converged
TCGA-EL-A3D5-01	TRUE	formal_fraction_converged
TCGA-DJ-A3VA-01	TRUE	formal_fraction_converged
TCGA-DJ-A2PQ-01	TRUE	formal_fraction_converged
TCGA-BJ-A191-01	TRUE	formal_fraction_converged
TCGA-EM-A3FJ-01	FALSE	formal_fraction_nonconverged
TCGA-EM-A1CW-01	TRUE	formal_fraction_converged
TCGA-H2-A3RI-01	TRUE	formal_fraction_converged
TCGA-EL-A3GR-01	TRUE	formal_fraction_converged
TCGA-DJ-A3UN-01	TRUE	formal_fraction_converged
TCGA-DJ-A1QE-01	TRUE	formal_fraction_converged
TCGA-DE-A69K-01	TRUE	formal_fraction_converged
TCGA-ET-A25J-01	TRUE	formal_fraction_converged
TCGA-FK-A3SD-01	FALSE	formal_fraction_nonconverged
TCGA-EM-A22N-01	TRUE	formal_fraction_converged
TCGA-BJ-A291-01	FALSE	formal_fraction_nonconverged
TCGA-FY-A40K-01	TRUE	formal_fraction_converged
TCGA-FE-A22Z-01	TRUE	formal_fraction_converged
TCGA-E8-A44M-01	TRUE	formal_fraction_converged
TCGA-H2-A26U-01	TRUE	formal_fraction_converged
TCGA-EL-A3CX-01	TRUE	formal_fraction_converged
TCGA-FE-A230-01	FALSE	formal_fraction_nonconverged
TCGA-KS-A4IC-01	TRUE	formal_fraction_converged
TCGA-FE-A3PD-01	TRUE	formal_fraction_converged
TCGA-DO-A1JZ-01	TRUE	formal_fraction_converged
TCGA-DJ-A2PX-01	FALSE	formal_fraction_nonconverged
TCGA-E8-A432-01	TRUE	formal_fraction_converged
TCGA-DE-A0Y3-01	TRUE	formal_fraction_converged
TCGA-BJ-A3F0-01	TRUE	formal_fraction_converged
TCGA-BJ-A0ZJ-01	TRUE	formal_fraction_converged
TCGA-FY-A3WA-01	TRUE	formal_fraction_converged
TCGA-ET-A3BT-01	TRUE	formal_fraction_converged
TCGA-EL-A3GU-01	TRUE	formal_fraction_converged
TCGA-DJ-A1QM-01	TRUE	formal_fraction_converged
TCGA-ET-A3DR-01	TRUE	formal_fraction_converged
TCGA-EM-A1CT-11	TRUE	formal_fraction_converged
TCGA-H2-A422-01	TRUE	formal_fraction_converged
TCGA-DJ-A2Q0-01	TRUE	formal_fraction_converged
TCGA-BJ-A0Z0-01	TRUE	formal_fraction_converged
TCGA-ET-A3BQ-01	TRUE	formal_fraction_converged
TCGA-FK-A3SE-01	TRUE	formal_fraction_converged
TCGA-EL-A3CZ-01	TRUE	formal_fraction_converged
TCGA-EM-A2CJ-01	TRUE	formal_fraction_converged
TCGA-EL-A3GZ-01	TRUE	formal_fraction_converged
TCGA-EM-A2CM-01	TRUE	formal_fraction_converged
TCGA-ET-A39K-01	TRUE	formal_fraction_converged
TCGA-EL-A3ZS-11	TRUE	formal_fraction_converged
TCGA-EL-A4JX-01	TRUE	formal_fraction_converged
TCGA-EL-A4K9-01	TRUE	formal_fraction_converged
TCGA-J8-A3YE-01	TRUE	formal_fraction_converged
TCGA-BJ-A3EZ-01	TRUE	formal_fraction_converged
TCGA-EL-A4JZ-01	TRUE	formal_fraction_converged
TCGA-EM-A2P2-01	TRUE	formal_fraction_converged
TCGA-EL-A3ZQ-01	TRUE	formal_fraction_converged
TCGA-EM-A3O8-01	TRUE	formal_fraction_converged
TCGA-EM-A3AL-01	TRUE	formal_fraction_converged
TCGA-ET-A2N4-01	TRUE	formal_fraction_converged
TCGA-DJ-A2Q5-01	TRUE	formal_fraction_converged
TCGA-EM-A3SZ-01	TRUE	formal_fraction_converged
TCGA-ET-A2N0-01	TRUE	formal_fraction_converged
TCGA-J8-A3O2-01	TRUE	formal_fraction_converged
TCGA-BJ-A45E-01	TRUE	formal_fraction_converged
TCGA-EL-A4KH-01	TRUE	formal_fraction_converged
TCGA-EM-A1YA-01	TRUE	formal_fraction_converged
TCGA-EL-A3CR-01	TRUE	formal_fraction_converged
TCGA-BJ-A0Z2-01	TRUE	formal_fraction_converged
TCGA-EM-A4FO-01	TRUE	formal_fraction_converged
TCGA-EM-A3FL-01	TRUE	formal_fraction_converged
TCGA-EL-A3ZO-11	TRUE	formal_fraction_converged
TCGA-EM-A3AO-01	TRUE	formal_fraction_converged
TCGA-EM-A2CU-01	TRUE	formal_fraction_converged
TCGA-FY-A3R6-01	TRUE	formal_fraction_converged
TCGA-J8-A4HY-01	TRUE	formal_fraction_converged
TCGA-DJ-A2QA-01	TRUE	formal_fraction_converged
TCGA-ET-A40Q-01	TRUE	formal_fraction_converged
TCGA-ET-A39O-01	TRUE	formal_fraction_converged
TCGA-FY-A3YR-01	TRUE	formal_fraction_converged
TCGA-FK-A3SB-01	TRUE	formal_fraction_converged
TCGA-KS-A41J-01	TRUE	formal_fraction_converged
TCGA-DJ-A3UX-01	TRUE	formal_fraction_converged
TCGA-EL-A3GP-01	FALSE	formal_fraction_nonconverged
TCGA-FY-A3RA-01	TRUE	formal_fraction_converged
TCGA-BJ-A45H-01	TRUE	formal_fraction_converged
TCGA-FY-A3NN-01	TRUE	formal_fraction_converged
TCGA-EL-A4K0-01	TRUE	formal_fraction_converged
TCGA-DJ-A2PW-01	TRUE	formal_fraction_converged
TCGA-EM-A1YB-01	TRUE	formal_fraction_converged
TCGA-EM-A2OW-01	TRUE	formal_fraction_converged
TCGA-EL-A3D6-01	TRUE	formal_fraction_converged
TCGA-E3-A3E5-01	TRUE	formal_fraction_converged
TCGA-BJ-A0Z9-01	TRUE	formal_fraction_converged
TCGA-ET-A4KN-01	TRUE	formal_fraction_converged
TCGA-EL-A3CO-01	TRUE	formal_fraction_converged
TCGA-DJ-A1QO-01	TRUE	formal_fraction_converged
TCGA-DJ-A4UR-01	TRUE	formal_fraction_converged
TCGA-BJ-A28X-01	TRUE	formal_fraction_converged
TCGA-DE-A3KN-01	TRUE	formal_fraction_converged
TCGA-DJ-A3UU-01	TRUE	formal_fraction_converged
TCGA-DJ-A3UR-01	TRUE	formal_fraction_converged
TCGA-EL-A3T1-11	TRUE	formal_fraction_converged
TCGA-ET-A2N5-01	TRUE	formal_fraction_converged
TCGA-CE-A485-01	TRUE	formal_fraction_converged
TCGA-J8-A3YD-01	TRUE	formal_fraction_converged
TCGA-EM-A22J-01	TRUE	formal_fraction_converged
TCGA-FY-A4B3-01	TRUE	formal_fraction_converged
TCGA-DJ-A1QN-01	TRUE	formal_fraction_converged
TCGA-EM-A3O3-01	TRUE	formal_fraction_converged
TCGA-ET-A3BU-01	TRUE	formal_fraction_converged
TCGA-EM-A3FM-01	TRUE	formal_fraction_converged
TCGA-E8-A3X7-01	TRUE	formal_fraction_converged
TCGA-EM-A2OV-01	TRUE	formal_fraction_converged
TCGA-ET-A3DT-01	TRUE	formal_fraction_converged
TCGA-FK-A3SH-01	TRUE	formal_fraction_converged
TCGA-ET-A3BO-01	TRUE	formal_fraction_converged
TCGA-ET-A2N5-11	TRUE	formal_fraction_converged
TCGA-DJ-A13S-01	TRUE	formal_fraction_converged
TCGA-EL-A3ZM-11	TRUE	formal_fraction_converged
TCGA-BJ-A2N8-11	TRUE	formal_fraction_converged
TCGA-EL-A3N2-01	TRUE	formal_fraction_converged
TCGA-EL-A3ZR-01	TRUE	formal_fraction_converged
TCGA-EL-A3H5-01	FALSE	formal_fraction_nonconverged
TCGA-FY-A3I4-01	TRUE	formal_fraction_converged
TCGA-KS-A41I-01	TRUE	formal_fraction_converged
TCGA-EL-A3ZQ-11	TRUE	formal_fraction_converged
TCGA-DJ-A2PT-01	TRUE	formal_fraction_converged
TCGA-EL-A3T7-01	TRUE	formal_fraction_converged
TCGA-EL-A3ZH-11	TRUE	formal_fraction_converged
TCGA-EL-A3CM-01	TRUE	formal_fraction_converged
TCGA-EL-A3ZN-01	FALSE	formal_fraction_nonconverged
TCGA-EL-A4JW-01	TRUE	formal_fraction_converged
TCGA-ET-A3BW-01	TRUE	formal_fraction_converged
TCGA-FE-A235-01	TRUE	formal_fraction_converged
TCGA-DJ-A1QG-01	TRUE	formal_fraction_converged
TCGA-EM-A1CU-11	TRUE	formal_fraction_converged
TCGA-DJ-A2Q2-01	TRUE	formal_fraction_converged
TCGA-EM-A2CL-01	TRUE	formal_fraction_converged
TCGA-EM-A1CV-01	TRUE	formal_fraction_converged
TCGA-ET-A2MZ-01	TRUE	formal_fraction_converged
TCGA-EM-A2CK-01	TRUE	formal_fraction_converged
TCGA-BJ-A2N8-01	TRUE	formal_fraction_converged
TCGA-DJ-A2Q9-01	TRUE	formal_fraction_converged
TCGA-EL-A3ZP-11	TRUE	formal_fraction_converged
TCGA-EL-A3GQ-01	TRUE	formal_fraction_converged
TCGA-DJ-A3UY-01	TRUE	formal_fraction_converged
TCGA-BJ-A0ZF-01	TRUE	formal_fraction_converged
TCGA-BJ-A28S-01	TRUE	formal_fraction_converged
TCGA-EM-A2OZ-01	TRUE	formal_fraction_converged
TCGA-ET-A39P-01	TRUE	formal_fraction_converged
TCGA-J8-A3NZ-01	TRUE	formal_fraction_converged
TCGA-EM-A4FR-01	TRUE	formal_fraction_converged
TCGA-BJ-A18Y-01	TRUE	formal_fraction_converged
TCGA-FE-A234-01	FALSE	formal_fraction_nonconverged
TCGA-EL-A3T6-01	TRUE	formal_fraction_converged
TCGA-EL-A3TA-11	TRUE	formal_fraction_converged
TCGA-EL-A3TB-01	TRUE	formal_fraction_converged
TCGA-EL-A3ZT-01	TRUE	formal_fraction_converged
TCGA-EL-A3ZK-01	TRUE	formal_fraction_converged
TCGA-ET-A40T-01	TRUE	formal_fraction_converged
TCGA-E3-A3E1-01	TRUE	formal_fraction_converged
TCGA-CE-A481-01	TRUE	formal_fraction_converged
TCGA-DJ-A3UW-01	TRUE	formal_fraction_converged
TCGA-E8-A438-01	FALSE	formal_fraction_nonconverged
TCGA-ET-A40P-01	TRUE	formal_fraction_converged
TCGA-DJ-A2QB-01	TRUE	formal_fraction_converged
TCGA-KS-A4I7-01	TRUE	formal_fraction_converged
TCGA-EL-A3MW-01	TRUE	formal_fraction_converged
TCGA-DJ-A3UT-01	TRUE	formal_fraction_converged
TCGA-BJ-A2P4-01	TRUE	formal_fraction_converged
TCGA-EL-A3H7-11	FALSE	formal_fraction_nonconverged
TCGA-EL-A3GZ-11	TRUE	formal_fraction_converged
TCGA-E8-A413-01	TRUE	formal_fraction_converged
TCGA-FY-A3I5-01	TRUE	formal_fraction_converged
TCGA-E3-A3DY-01	TRUE	formal_fraction_converged
TCGA-DE-A4M8-01	TRUE	formal_fraction_converged
TCGA-EL-A3MZ-01	TRUE	formal_fraction_converged
TCGA-EL-A3GW-01	TRUE	formal_fraction_converged
TCGA-E8-A436-01	TRUE	formal_fraction_converged
TCGA-E8-A433-01	TRUE	formal_fraction_converged
TCGA-BJ-A28X-11	TRUE	formal_fraction_converged
TCGA-FE-A23A-01	TRUE	formal_fraction_converged
TCGA-EM-A2CS-01	TRUE	formal_fraction_converged
TCGA-ET-A2MX-01	TRUE	formal_fraction_converged
TCGA-DJ-A1QI-01	TRUE	formal_fraction_converged
TCGA-EL-A4KG-01	TRUE	formal_fraction_converged
TCGA-EM-A4FH-01	TRUE	formal_fraction_converged
TCGA-ET-A3DS-01	TRUE	formal_fraction_converged
TCGA-IM-A3U2-01	TRUE	formal_fraction_converged
TCGA-DJ-A3VE-01	TRUE	formal_fraction_converged
TCGA-ET-A25O-01	TRUE	formal_fraction_converged
TCGA-BJ-A0ZG-01	TRUE	formal_fraction_converged
TCGA-FY-A40M-01	TRUE	formal_fraction_converged
TCGA-EL-A3CV-01	TRUE	formal_fraction_converged
TCGA-DJ-A2PU-01	TRUE	formal_fraction_converged
TCGA-BJ-A3PU-01	TRUE	formal_fraction_converged
TCGA-EM-A2OY-01	TRUE	formal_fraction_converged
TCGA-EL-A3ZS-01	TRUE	formal_fraction_converged
TCGA-DJ-A3VK-01	TRUE	formal_fraction_converged
TCGA-DJ-A4UQ-01	TRUE	formal_fraction_converged
TCGA-ET-A39J-01	TRUE	formal_fraction_converged
TCGA-FY-A3ON-01	TRUE	formal_fraction_converged
TCGA-ET-A3BX-01	TRUE	formal_fraction_converged
TCGA-DJ-A13V-01	TRUE	formal_fraction_converged
TCGA-E3-A3E2-01	TRUE	formal_fraction_converged
TCGA-BJ-A190-01	TRUE	formal_fraction_converged
TCGA-DJ-A2Q4-01	TRUE	formal_fraction_converged
TCGA-J8-A3O0-01	TRUE	formal_fraction_converged
TCGA-FY-A3TY-01	TRUE	formal_fraction_converged
TCGA-KS-A41I-11	TRUE	formal_fraction_converged
TCGA-E8-A44K-01	TRUE	formal_fraction_converged
TCGA-ET-A3DW-11	TRUE	formal_fraction_converged
TCGA-FK-A4UB-01	TRUE	formal_fraction_converged
TCGA-BJ-A2NA-01	TRUE	formal_fraction_converged
TCGA-EL-A3CW-01	TRUE	formal_fraction_converged
TCGA-CE-A484-01	FALSE	formal_fraction_nonconverged
TCGA-EL-A3ZL-11	TRUE	formal_fraction_converged
TCGA-EL-A4JV-01	TRUE	formal_fraction_converged
TCGA-E3-A3DZ-01	TRUE	formal_fraction_converged
TCGA-ET-A25L-01	TRUE	formal_fraction_converged
TCGA-E8-A416-01	TRUE	formal_fraction_converged
TCGA-FE-A231-01	TRUE	formal_fraction_converged
TCGA-DJ-A3VG-01	TRUE	formal_fraction_converged
TCGA-EL-A3MX-11	TRUE	formal_fraction_converged
TCGA-DJ-A13O-01	TRUE	formal_fraction_converged
TCGA-IM-A3EB-01	TRUE	formal_fraction_converged
TCGA-EM-A3O7-01	TRUE	formal_fraction_converged
TCGA-BJ-A28R-11	TRUE	formal_fraction_converged
TCGA-BJ-A0ZE-01	FALSE	formal_fraction_nonconverged
TCGA-FY-A3NP-01	TRUE	formal_fraction_converged
TCGA-DJ-A3UQ-01	TRUE	formal_fraction_converged
TCGA-FY-A3BL-01	TRUE	formal_fraction_converged
TCGA-ET-A39I-01	TRUE	formal_fraction_converged
TCGA-EM-A1CS-11	TRUE	formal_fraction_converged
TCGA-EM-A2CT-01	TRUE	formal_fraction_converged
TCGA-KS-A4I3-01	TRUE	formal_fraction_converged
TCGA-FY-A76V-01	TRUE	formal_fraction_converged
TCGA-FE-A3PA-01	TRUE	formal_fraction_converged
TCGA-EM-A3FK-01	TRUE	formal_fraction_converged
TCGA-BJ-A4O9-01	TRUE	formal_fraction_converged
TCGA-L6-A4EU-01	TRUE	formal_fraction_converged
TCGA-EM-A1YE-01	FALSE	formal_fraction_nonconverged
TCGA-ET-A25N-01	TRUE	formal_fraction_converged
TCGA-EL-A4KD-01	TRUE	formal_fraction_converged
TCGA-EM-A2CQ-01	TRUE	formal_fraction_converged
TCGA-EL-A3TB-11	TRUE	formal_fraction_converged
TCGA-EM-A3FQ-01	TRUE	formal_fraction_converged
TCGA-DJ-A2PY-01	TRUE	formal_fraction_converged
TCGA-DE-A4MB-01	TRUE	formal_fraction_converged
TCGA-DJ-A4V5-01	TRUE	formal_fraction_converged
TCGA-BJ-A0ZH-01	TRUE	formal_fraction_converged
TCGA-FY-A3NM-01	TRUE	formal_fraction_converged
TCGA-EL-A3H2-01	TRUE	formal_fraction_converged
TCGA-BJ-A28W-11	TRUE	formal_fraction_converged
TCGA-FE-A233-01	TRUE	formal_fraction_converged
TCGA-EL-A3D1-01	TRUE	formal_fraction_converged
TCGA-DE-A4MD-01	TRUE	formal_fraction_converged
TCGA-EL-A3ZO-01	TRUE	formal_fraction_converged
TCGA-MK-A84Z-01	TRUE	formal_fraction_converged
TCGA-KS-A41J-11	TRUE	formal_fraction_converged
TCGA-EM-A1YC-11	TRUE	formal_fraction_converged
TCGA-ET-A39M-01	TRUE	formal_fraction_converged
TCGA-EL-A3GV-01	FALSE	formal_fraction_nonconverged
TCGA-BJ-A3PR-01	TRUE	formal_fraction_converged
TCGA-EL-A3MX-01	TRUE	formal_fraction_converged
TCGA-EL-A3T3-01	TRUE	formal_fraction_converged
TCGA-DJ-A4UL-01	TRUE	formal_fraction_converged
TCGA-FE-A232-01	TRUE	formal_fraction_converged
TCGA-DJ-A2PV-01	TRUE	formal_fraction_converged
TCGA-DJ-A3V6-01	TRUE	formal_fraction_converged
TCGA-DJ-A3V8-01	FALSE	formal_fraction_nonconverged
TCGA-EL-A3T2-11	TRUE	formal_fraction_converged
TCGA-EM-A3AR-01	TRUE	formal_fraction_converged
TCGA-BJ-A4O8-01	TRUE	formal_fraction_converged
TCGA-EM-A3AK-01	TRUE	formal_fraction_converged
TCGA-KS-A41L-11	TRUE	formal_fraction_converged
TCGA-DE-A4MA-01	TRUE	formal_fraction_converged
TCGA-FE-A238-01	TRUE	formal_fraction_converged
TCGA-ET-A3DO-01	TRUE	formal_fraction_converged
TCGA-EL-A3T0-11	TRUE	formal_fraction_converged
TCGA-IM-A41Z-01	TRUE	formal_fraction_converged
TCGA-DJ-A3UO-01	TRUE	formal_fraction_converged
TCGA-FE-A3PC-01	TRUE	formal_fraction_converged
TCGA-ET-A39T-01	TRUE	formal_fraction_converged
TCGA-DJ-A3UP-01	TRUE	formal_fraction_converged
TCGA-ET-A3DU-01	TRUE	formal_fraction_converged
TCGA-EM-A1CS-01	TRUE	formal_fraction_converged
TCGA-EM-A4FM-01	TRUE	formal_fraction_converged
TCGA-EL-A3ZG-01	TRUE	formal_fraction_converged
TCGA-DO-A1K0-01	TRUE	formal_fraction_converged
TCGA-DJ-A3V5-01	TRUE	formal_fraction_converged
TCGA-EM-A2CP-01	TRUE	formal_fraction_converged
TCGA-EL-A3D4-01	TRUE	formal_fraction_converged
TCGA-BJ-A192-01	TRUE	formal_fraction_converged
TCGA-EL-A4K7-01	TRUE	formal_fraction_converged
TCGA-EL-A3H8-01	TRUE	formal_fraction_converged
TCGA-DJ-A4V0-01	TRUE	formal_fraction_converged
TCGA-EL-A3ZK-11	TRUE	formal_fraction_converged
TCGA-EL-A3CS-01	TRUE	formal_fraction_converged
TCGA-BJ-A3PT-01	TRUE	formal_fraction_converged
TCGA-ET-A40S-01	TRUE	formal_fraction_converged
TCGA-ET-A40R-01	TRUE	formal_fraction_converged
TCGA-DJ-A1QD-01	TRUE	formal_fraction_converged
TCGA-EM-A3OA-01	TRUE	formal_fraction_converged
TCGA-ET-A3DV-01	TRUE	formal_fraction_converged
TCGA-DJ-A2Q6-01	TRUE	formal_fraction_converged
TCGA-FY-A3TY-11	TRUE	formal_fraction_converged
TCGA-DJ-A3VM-01	TRUE	formal_fraction_converged
TCGA-EL-A3MY-11	TRUE	formal_fraction_converged
TCGA-E8-A434-01	TRUE	formal_fraction_converged
TCGA-ET-A25G-01	TRUE	formal_fraction_converged
TCGA-EM-A3FN-01	TRUE	formal_fraction_converged
TCGA-EM-A2P3-01	TRUE	formal_fraction_converged
TCGA-IM-A3U3-01	TRUE	formal_fraction_converged
TCGA-ET-A3BS-01	TRUE	formal_fraction_converged
TCGA-FY-A3R9-01	TRUE	formal_fraction_converged
TCGA-KS-A41L-01	TRUE	formal_fraction_converged
TCGA-BJ-A3PR-11	TRUE	formal_fraction_converged
TCGA-EL-A3ZL-01	TRUE	formal_fraction_converged
TCGA-EM-A22O-01	TRUE	formal_fraction_converged
TCGA-EL-A3H2-11	TRUE	formal_fraction_converged
TCGA-ET-A2MY-01	TRUE	formal_fraction_converged
TCGA-ET-A3DW-01	TRUE	formal_fraction_converged
TCGA-EL-A4K6-01	TRUE	formal_fraction_converged
TCGA-EL-A3H3-01	TRUE	formal_fraction_converged
TCGA-ET-A3DP-11	TRUE	formal_fraction_converged
TCGA-EL-A3H1-11	TRUE	formal_fraction_converged
TCGA-DJ-A13P-01	TRUE	formal_fraction_converged
TCGA-EL-A3D0-01	TRUE	formal_fraction_converged
TCGA-L6-A4ET-01	TRUE	formal_fraction_converged
TCGA-FY-A3W9-01	TRUE	formal_fraction_converged
TCGA-EM-A22K-01	FALSE	formal_fraction_nonconverged
TCGA-BJ-A45C-01	TRUE	formal_fraction_converged
TCGA-BJ-A3PU-11	TRUE	formal_fraction_converged
TCGA-H2-A421-01	TRUE	formal_fraction_converged
TCGA-ET-A39R-01	TRUE	formal_fraction_converged
TCGA-J8-A42S-01	TRUE	formal_fraction_converged
TCGA-DJ-A3UZ-01	TRUE	formal_fraction_converged
TCGA-DJ-A4UW-01	TRUE	formal_fraction_converged
TCGA-DO-A2HM-01	FALSE	formal_fraction_nonconverged
TCGA-KS-A41F-01	TRUE	formal_fraction_converged
TCGA-E8-A2JQ-11	TRUE	formal_fraction_converged
TCGA-EL-A3T1-01	TRUE	formal_fraction_converged
TCGA-ET-A39S-01	TRUE	formal_fraction_converged
TCGA-DJ-A3VB-01	TRUE	formal_fraction_converged
TCGA-L6-A4EQ-01	TRUE	formal_fraction_converged
TCGA-EL-A3ZT-11	TRUE	formal_fraction_converged
TCGA-E8-A414-01	TRUE	formal_fraction_converged
TCGA-EL-A3GO-01	TRUE	formal_fraction_converged
TCGA-ET-A25K-01	TRUE	formal_fraction_converged
TCGA-J8-A4HW-01	TRUE	formal_fraction_converged
TCGA-DJ-A3VJ-01	TRUE	formal_fraction_converged
TCGA-CE-A3MD-01	TRUE	formal_fraction_converged
TCGA-DJ-A13L-01	TRUE	formal_fraction_converged
TCGA-EM-A3AP-01	TRUE	formal_fraction_converged
TCGA-EM-A3ST-01	TRUE	formal_fraction_converged
TCGA-GE-A2C6-01	TRUE	formal_fraction_converged
TCGA-BJ-A0Z3-01	TRUE	formal_fraction_converged
TCGA-DJ-A3V2-01	TRUE	formal_fraction_converged
TCGA-EM-A4FV-01	TRUE	formal_fraction_converged
TCGA-EL-A3N3-01	TRUE	formal_fraction_converged
TCGA-FK-A3S3-01	TRUE	formal_fraction_converged
TCGA-EM-A2OX-01	TRUE	formal_fraction_converged
TCGA-BJ-A0ZA-01	TRUE	formal_fraction_converged
TCGA-BJ-A45D-01	TRUE	formal_fraction_converged
TCGA-EL-A3MW-11	TRUE	formal_fraction_converged
TCGA-DE-A4M9-01	TRUE	formal_fraction_converged
TCGA-EM-A4FK-01	FALSE	formal_fraction_nonconverged
TCGA-DJ-A3V9-01	TRUE	formal_fraction_converged
TCGA-BJ-A28T-01	TRUE	formal_fraction_converged
TCGA-DO-A1JZ-11	TRUE	formal_fraction_converged
TCGA-EM-A2P0-01	TRUE	formal_fraction_converged
TCGA-EM-A3ST-11	TRUE	formal_fraction_converged
TCGA-DJ-A2PO-01	TRUE	formal_fraction_converged
TCGA-EL-A3N3-11	TRUE	formal_fraction_converged
TCGA-J8-A3O1-01	TRUE	formal_fraction_converged
TCGA-EM-A3FR-01	TRUE	formal_fraction_converged
TCGA-DE-A7U5-01	TRUE	formal_fraction_converged
TCGA-ET-A3DP-01	TRUE	formal_fraction_converged
TCGA-EL-A3GX-01	TRUE	formal_fraction_converged
TCGA-BJ-A0Z5-01	FALSE	formal_fraction_nonconverged
TCGA-EL-A3H4-01	TRUE	formal_fraction_converged
TCGA-EM-A3OB-01	TRUE	formal_fraction_converged
TCGA-ET-A3DQ-01	TRUE	formal_fraction_converged
TCGA-BJ-A290-11	FALSE	formal_fraction_nonconverged
TCGA-DJ-A3V3-01	TRUE	formal_fraction_converged
TCGA-EL-A4KI-01	TRUE	formal_fraction_converged
TCGA-E8-A242-01	TRUE	formal_fraction_converged
TCGA-DJ-A13T-01	TRUE	formal_fraction_converged
TCGA-DJ-A3V7-01	TRUE	formal_fraction_converged
TCGA-KS-A4I9-01	TRUE	formal_fraction_converged
TCGA-FY-A40N-01	FALSE	formal_fraction_nonconverged
TCGA-QD-A8IV-01	TRUE	formal_fraction_converged
TCGA-EL-A3GS-01	TRUE	formal_fraction_converged
TCGA-EM-A4G1-01	TRUE	formal_fraction_converged
TCGA-EM-A3FO-01	TRUE	formal_fraction_converged
TCGA-DJ-A1QH-01	TRUE	formal_fraction_converged
TCGA-IM-A420-01	TRUE	formal_fraction_converged
TCGA-FY-A4B0-01	TRUE	formal_fraction_converged
TCGA-BJ-A0ZC-01	FALSE	formal_fraction_nonconverged
TCGA-ET-A39L-01	TRUE	formal_fraction_converged
TCGA-DE-A69J-01	TRUE	formal_fraction_converged
TCGA-EL-A3MY-01	FALSE	formal_fraction_nonconverged
TCGA-FE-A237-01	TRUE	formal_fraction_converged
TCGA-DJ-A3UV-01	TRUE	formal_fraction_converged
TCGA-DJ-A4UP-01	TRUE	formal_fraction_converged
TCGA-EM-A3SX-01	TRUE	formal_fraction_converged
TCGA-EL-A3T8-11	TRUE	formal_fraction_converged
TCGA-BJ-A2NA-11	TRUE	formal_fraction_converged
TCGA-EL-A3ZP-01	TRUE	formal_fraction_converged
TCGA-EM-A1CV-11	TRUE	formal_fraction_converged
TCGA-EM-A1CT-01	TRUE	formal_fraction_converged
TCGA-MK-A4N6-01	TRUE	formal_fraction_converged
TCGA-EM-A3O6-01	TRUE	formal_fraction_converged
TCGA-J8-A3YF-01	TRUE	formal_fraction_converged
TCGA-EM-A1CW-11	TRUE	formal_fraction_converged
TCGA-EL-A4K4-01	TRUE	formal_fraction_converged
TCGA-EL-A3CU-01	TRUE	formal_fraction_converged
TCGA-EL-A3N2-11	FALSE	formal_fraction_nonconverged
TCGA-EL-A4K1-01	TRUE	formal_fraction_converged
TCGA-EM-A3AJ-01	TRUE	formal_fraction_converged
TCGA-EL-A3T3-11	TRUE	formal_fraction_converged
TCGA-J8-A3YH-01	TRUE	formal_fraction_converged
TCGA-EL-A3ZM-01	TRUE	formal_fraction_converged
TCGA-DJ-A3UK-01	TRUE	formal_fraction_converged
TCGA-DJ-A3V4-01	TRUE	formal_fraction_converged
TCGA-FY-A2QD-01	TRUE	formal_fraction_converged
TCGA-E8-A418-01	TRUE	formal_fraction_converged
TCGA-EM-A4FN-01	TRUE	formal_fraction_converged
TCGA-E8-A2JQ-01	TRUE	formal_fraction_converged
TCGA-BJ-A45K-01	TRUE	formal_fraction_converged
TCGA-KS-A4I1-01	TRUE	formal_fraction_converged
TCGA-KS-A4IB-01	TRUE	formal_fraction_converged
TCGA-EM-A3SU-01	TRUE	formal_fraction_converged
TCGA-EM-A1YD-01	TRUE	formal_fraction_converged
TCGA-E3-A3E3-01	TRUE	formal_fraction_converged
TCGA-E8-A417-01	TRUE	formal_fraction_converged
TCGA-BJ-A45G-01	TRUE	formal_fraction_converged
TCGA-ET-A3BN-01	TRUE	formal_fraction_converged
TCGA-EL-A3CN-01	TRUE	formal_fraction_converged
TCGA-EM-A4FU-01	TRUE	formal_fraction_converged
TCGA-EL-A3CY-01	TRUE	formal_fraction_converged
TCGA-EL-A3ZR-11	TRUE	formal_fraction_converged
TCGA-EL-A3T7-11	TRUE	formal_fraction_converged
TCGA-DJ-A13W-01	TRUE	formal_fraction_converged
TCGA-EL-A3T8-01	FALSE	formal_fraction_nonconverged
TCGA-BJ-A28W-01	FALSE	formal_fraction_nonconverged
TCGA-EM-A22P-01	TRUE	formal_fraction_converged
TCGA-DJ-A3VL-01	TRUE	formal_fraction_converged
TCGA-DJ-A13R-01	TRUE	formal_fraction_converged
TCGA-DJ-A2PP-01	TRUE	formal_fraction_converged
TCGA-DJ-A3VI-01	TRUE	formal_fraction_converged
TCGA-ET-A25I-01	TRUE	formal_fraction_converged
TCGA-FE-A3PB-01	TRUE	formal_fraction_converged
TCGA-EM-A2CO-01	TRUE	formal_fraction_converged
TCGA-BJ-A45I-01	TRUE	formal_fraction_converged
TCGA-DJ-A3VD-01	TRUE	formal_fraction_converged
TCGA-E8-A437-01	TRUE	formal_fraction_converged
TCGA-DJ-A3US-01	TRUE	formal_fraction_converged
TCGA-EM-A3FP-01	TRUE	formal_fraction_converged
TCGA-CE-A483-01	TRUE	formal_fraction_converged
TCGA-EL-A3T2-01	TRUE	formal_fraction_converged
TCGA-IM-A3ED-01	TRUE	formal_fraction_converged
TCGA-EM-A3O9-01	TRUE	formal_fraction_converged
TCGA-BJ-A28Z-01	TRUE	formal_fraction_converged
TCGA-DE-A0XZ-01	TRUE	formal_fraction_converged
TCGA-EM-A4FF-01	TRUE	formal_fraction_converged
TCGA-EM-A22L-01	TRUE	formal_fraction_converged
TCGA-CE-A3ME-01	TRUE	formal_fraction_converged
TCGA-EL-A3GY-01	TRUE	formal_fraction_converged
TCGA-FE-A239-01	TRUE	formal_fraction_converged
TCGA-BJ-A2N7-01	TRUE	formal_fraction_converged
TCGA-EM-A2CN-01	TRUE	formal_fraction_converged
TCGA-EL-A3ZH-01	TRUE	formal_fraction_converged
TCGA-ET-A3BV-01	TRUE	formal_fraction_converged
TCGA-EL-A3T6-11	TRUE	formal_fraction_converged
TCGA-IM-A41Y-01	TRUE	formal_fraction_converged
TCGA-DJ-A3V0-01	TRUE	formal_fraction_converged
TCGA-EM-A2CR-01	TRUE	formal_fraction_converged
TCGA-EM-A1CU-01	TRUE	formal_fraction_converged
TCGA-BJ-A28R-01	TRUE	formal_fraction_converged
TCGA-DJ-A3UM-01	TRUE	formal_fraction_converged
TCGA-DJ-A2PZ-01	TRUE	formal_fraction_converged
TCGA-DJ-A2PN-01	TRUE	formal_fraction_converged
TCGA-DJ-A4V2-01	TRUE	formal_fraction_converged
TCGA-DE-A4MC-01	TRUE	formal_fraction_converged
TCGA-BJ-A28V-01	TRUE	formal_fraction_converged
TCGA-EM-A22M-01	TRUE	formal_fraction_converged
TCGA-KS-A4ID-01	TRUE	formal_fraction_converged
TCGA-DJ-A13U-01	TRUE	formal_fraction_converged
TCGA-FY-A4B4-01	TRUE	formal_fraction_converged
TCGA-ET-A3BP-01	TRUE	formal_fraction_converged
TCGA-E8-A2EA-01	TRUE	formal_fraction_converged
TCGA-EL-A3H7-01	TRUE	formal_fraction_converged
TCGA-EM-A1YC-01	TRUE	formal_fraction_converged
TCGA-IM-A4EB-01	TRUE	formal_fraction_converged
TCGA-EM-A4FQ-01	TRUE	formal_fraction_converged
TCGA-DJ-A13M-01	TRUE	formal_fraction_converged
TCGA-FK-A3SG-01	TRUE	formal_fraction_converged
TCGA-BJ-A0YZ-01	TRUE	formal_fraction_converged
TCGA-EL-A3ZG-11	TRUE	formal_fraction_converged
TCGA-H2-A2K9-01	TRUE	formal_fraction_converged
TCGA-DJ-A13X-01	TRUE	formal_fraction_converged
TCGA-DJ-A2Q3-01	TRUE	formal_fraction_converged
TCGA-EM-A2P1-01	TRUE	formal_fraction_converged
TCGA-J8-A3YG-01	TRUE	formal_fraction_converged
TCGA-DJ-A1QL-01	FALSE	formal_fraction_nonconverged
TCGA-ET-A2MX-11	TRUE	formal_fraction_converged
TCGA-L6-A4EP-01	TRUE	formal_fraction_converged
TCGA-BJ-A18Z-01	FALSE	formal_fraction_nonconverged
TCGA-EL-A3CL-01	TRUE	formal_fraction_converged
TCGA-DJ-A1QQ-01	TRUE	formal_fraction_converged
TCGA-GE-A2C6-11	TRUE	formal_fraction_converged
TCGA-EL-A3TA-01	TRUE	formal_fraction_converged
TCGA-E8-A415-01	TRUE	formal_fraction_converged
TCGA-BJ-A2N9-11	TRUE	formal_fraction_converged
TCGA-DE-A0Y2-01	TRUE	formal_fraction_converged
TCGA-E8-A419-01	TRUE	formal_fraction_converged
TCGA-DJ-A2PS-01	TRUE	formal_fraction_converged
TCGA-MK-A4N7-01	TRUE	formal_fraction_converged
TCGA-ET-A39N-01	TRUE	formal_fraction_converged
TCGA-ET-A2N3-01	TRUE	formal_fraction_converged
TCGA-FE-A236-01	TRUE	formal_fraction_converged
TCGA-CE-A13K-01	FALSE	formal_fraction_nonconverged
TCGA-BJ-A2N7-11	TRUE	formal_fraction_converged
TCGA-DJ-A2QC-01	TRUE	formal_fraction_converged
TCGA-EM-A3AN-01	TRUE	formal_fraction_converged
TCGA-DE-A2OL-01	TRUE	formal_fraction_converged
TCGA-ET-A25M-01	TRUE	formal_fraction_converged
TCGA-EL-A3CT-01	TRUE	formal_fraction_converged
TCGA-BJ-A290-01	TRUE	formal_fraction_converged
TCGA-MK-A4N9-01	TRUE	formal_fraction_converged
TCGA-ET-A4KQ-01	TRUE	formal_fraction_converged
TCGA-H2-A3RH-01	TRUE	formal_fraction_converged
GTEX-OHPL-2626-SM-2HMJA	TRUE	formal_fraction_converged
GTEX-YEC3-0826-SM-5P9JF	TRUE	formal_fraction_converged
GTEX-WOFL-0726-SM-3MJG4	TRUE	formal_fraction_converged
GTEX-11GSP-0126-SM-5A5KU	TRUE	formal_fraction_converged
GTEX-YEC3-0826-SM-4WWFP	FALSE	formal_fraction_nonconverged
GTEX-ZLFU-0626-SM-4WWBO	TRUE	formal_fraction_converged
GTEX-WEY5-0526-SM-3GIKZ	TRUE	formal_fraction_converged
GTEX-RU72-0126-SM-2TF6Z	FALSE	formal_fraction_nonconverged
GTEX-11DXY-0426-SM-5H12R	TRUE	formal_fraction_converged
GTEX-13VXU-0826-SM-5KLZ2	TRUE	formal_fraction_converged
GTEX-13OW8-0126-SM-5IJE5	TRUE	formal_fraction_converged
GTEX-Q2AH-0726-SM-2I3EA	TRUE	formal_fraction_converged
GTEX-ZDTS-0926-SM-4WAXG	TRUE	formal_fraction_converged
GTEX-ZYFC-0926-SM-5GZWW	TRUE	formal_fraction_converged
GTEX-13FHP-0926-SM-5L3EC	TRUE	formal_fraction_converged
GTEX-145LU-0426-SM-5O9AH	TRUE	formal_fraction_converged
GTEX-REY6-0526-SM-2TF5M	TRUE	formal_fraction_converged
GTEX-11EM3-0126-SM-5985K	TRUE	formal_fraction_converged
GTEX-11DXX-0226-SM-5P9HL	TRUE	formal_fraction_converged
GTEX-PWN1-2626-SM-2I3FH	TRUE	formal_fraction_converged
GTEX-12584-0826-SM-5FQSK	TRUE	formal_fraction_converged
GTEX-13111-0226-SM-5EQ55	TRUE	formal_fraction_converged
GTEX-11ZVC-0126-SM-5986G	TRUE	formal_fraction_converged
GTEX-Q2AI-0326-SM-2I3EK	FALSE	formal_fraction_nonconverged
GTEX-11O72-2326-SM-5BC7H	TRUE	formal_fraction_converged
GTEX-139TS-0126-SM-5K7XJ	TRUE	formal_fraction_converged
GTEX-RM2N-0526-SM-2TF4N	TRUE	formal_fraction_converged
GTEX-13112-0326-SM-5P9IW	TRUE	formal_fraction_converged
GTEX-11EMC-0226-SM-5EGLP	TRUE	formal_fraction_converged
GTEX-132NY-1026-SM-5P9IY	TRUE	formal_fraction_converged
GTEX-YFC4-2626-SM-5P9FQ	FALSE	formal_fraction_nonconverged
GTEX-11GS4-0826-SM-5986J	TRUE	formal_fraction_converged
GTEX-ZDYS-0626-SM-5J2N5	TRUE	formal_fraction_converged
GTEX-11TT1-1126-SM-5P9GV	TRUE	formal_fraction_converged
GTEX-WVLH-0626-SM-3MJG7	TRUE	formal_fraction_converged
GTEX-WY7C-0226-SM-3NB37	TRUE	formal_fraction_converged
GTEX-13O3Q-0626-SM-5IJG1	TRUE	formal_fraction_converged
GTEX-ZLWG-0526-SM-4WWFB	TRUE	formal_fraction_converged
GTEX-111VG-0526-SM-5N9BW	TRUE	formal_fraction_converged
GTEX-S4Q7-0326-SM-3K2B1	TRUE	formal_fraction_converged
GTEX-13G51-1226-SM-5K7Z3	TRUE	formal_fraction_converged
GTEX-12WSB-0726-SM-5N9GD	TRUE	formal_fraction_converged
GTEX-12WSC-0826-SM-5EQ5Q	TRUE	formal_fraction_converged
GTEX-13NYB-0726-SM-5MR4J	TRUE	formal_fraction_converged
GTEX-13OW6-0726-SM-5L3FX	TRUE	formal_fraction_converged
GTEX-144GM-0226-SM-5Q5CB	TRUE	formal_fraction_converged
GTEX-13QBU-0626-SM-5J2OG	TRUE	formal_fraction_converged
GTEX-W5WG-1426-SM-4KKZP	TRUE	formal_fraction_converged
GTEX-ZTPG-0826-SM-5DUVC	FALSE	formal_fraction_nonconverged
GTEX-13S86-1126-SM-5RQJX	TRUE	formal_fraction_converged
GTEX-WHPG-0226-SM-3NMB9	TRUE	formal_fraction_converged
GTEX-13O1R-0826-SM-5J2MB	TRUE	formal_fraction_converged
GTEX-N7MS-2326-SM-2HMLD	TRUE	formal_fraction_converged
GTEX-ZVZQ-0626-SM-59HJU	TRUE	formal_fraction_converged
GTEX-OXRP-0326-SM-5SI7J	TRUE	formal_fraction_converged
GTEX-117YW-0126-SM-5EGGN	TRUE	formal_fraction_converged
GTEX-13PVQ-0726-SM-5L3GI	TRUE	formal_fraction_converged
GTEX-117XS-0526-SM-5987Q	TRUE	formal_fraction_converged
GTEX-11LCK-0526-SM-5A5M9	TRUE	formal_fraction_converged
GTEX-133LE-0326-SM-5P9G4	TRUE	formal_fraction_converged
GTEX-13O3O-0926-SM-5KM1F	TRUE	formal_fraction_converged
GTEX-WFG8-0426-SM-3GILD	TRUE	formal_fraction_converged
GTEX-1212Z-0426-SM-5FQT6	TRUE	formal_fraction_converged
GTEX-ZVP2-0426-SM-57WC2	TRUE	formal_fraction_converged
GTEX-ZE7O-1126-SM-57WC8	TRUE	formal_fraction_converged
GTEX-145ME-0126-SM-5S2QM	TRUE	formal_fraction_converged
GTEX-13FTW-0626-SM-5IFEX	TRUE	formal_fraction_converged
GTEX-11NUK-1026-SM-5HL5J	TRUE	formal_fraction_converged
GTEX-12WSD-0926-SM-5GCNL	TRUE	formal_fraction_converged
GTEX-111CU-0226-SM-5GZXC	TRUE	formal_fraction_converged
GTEX-113JC-0126-SM-5EGJW	TRUE	formal_fraction_converged
GTEX-OHPK-2626-SM-2HMK9	TRUE	formal_fraction_converged
GTEX-13YAN-0926-SM-5O9C3	TRUE	formal_fraction_converged
GTEX-WL46-0126-SM-3TW8I	TRUE	formal_fraction_converged
GTEX-13FXS-0726-SM-5LZXJ	TRUE	formal_fraction_converged
GTEX-OXRP-0326-SM-33HBJ	FALSE	formal_fraction_nonconverged
GTEX-YEC4-0626-SM-5CVLU	TRUE	formal_fraction_converged
GTEX-OIZG-0226-SM-2TC5L	TRUE	formal_fraction_converged
GTEX-14BMU-0226-SM-5S2QA	TRUE	formal_fraction_converged
GTEX-13CF3-0926-SM-5LZZC	TRUE	formal_fraction_converged
GTEX-13X6J-0826-SM-5LU32	TRUE	formal_fraction_converged
GTEX-14ABY-0926-SM-5Q5DY	TRUE	formal_fraction_converged
GTEX-SIU8-0626-SM-2XCDN	TRUE	formal_fraction_converged
GTEX-Y5V6-0526-SM-4VBRV	TRUE	formal_fraction_converged
GTEX-13O21-2226-SM-5MR3L	TRUE	formal_fraction_converged
GTEX-RTLS-0626-SM-5SI7Z	TRUE	formal_fraction_converged
GTEX-X4LF-0426-SM-3NMB5	TRUE	formal_fraction_converged
GTEX-1128S-0126-SM-5H12S	TRUE	formal_fraction_converged
GTEX-YJ89-0726-SM-5P9F7	TRUE	formal_fraction_converged
GTEX-ZLV1-0126-SM-4WWBZ	TRUE	formal_fraction_converged
GTEX-ZZ64-0126-SM-5GZXA	TRUE	formal_fraction_converged
GTEX-12696-0326-SM-5EGL4	TRUE	formal_fraction_converged
GTEX-WXYG-0226-SM-3NB2Y	TRUE	formal_fraction_converged
GTEX-145MG-0826-SM-5Q5C2	TRUE	formal_fraction_converged
GTEX-P4QT-2626-SM-2I3FM	TRUE	formal_fraction_converged
GTEX-Y3IK-0526-SM-4WWE3	TRUE	formal_fraction_converged
GTEX-13FTY-0726-SM-5J2OH	TRUE	formal_fraction_converged
GTEX-OOBK-2626-SM-2HMKY	TRUE	formal_fraction_converged
GTEX-12WSN-0726-SM-5GCMS	TRUE	formal_fraction_converged
GTEX-QDVN-0626-SM-2I3FP	FALSE	formal_fraction_nonconverged
GTEX-12WSJ-0326-SM-5GCMT	TRUE	formal_fraction_converged
GTEX-132AR-1126-SM-5P9GA	TRUE	formal_fraction_converged
GTEX-11XUK-0226-SM-5EQLW	TRUE	formal_fraction_converged
GTEX-X8HC-0726-SM-46MWG	TRUE	formal_fraction_converged
GTEX-11ZTS-1126-SM-5LU9X	TRUE	formal_fraction_converged
GTEX-YF7O-0726-SM-4W213	TRUE	formal_fraction_converged
GTEX-13X6H-0526-SM-5LU4Q	TRUE	formal_fraction_converged
GTEX-132QS-0326-SM-5IJFN	TRUE	formal_fraction_converged
GTEX-X15G-0526-SM-3NMB7	TRUE	formal_fraction_converged
GTEX-111YS-0726-SM-5GZY8	TRUE	formal_fraction_converged
GTEX-ZAK1-0726-SM-5HL8Q	TRUE	formal_fraction_converged
GTEX-WYJK-1626-SM-3NM9J	TRUE	formal_fraction_converged
GTEX-U8T8-2326-SM-3DB96	TRUE	formal_fraction_converged
GTEX-12BJ1-0426-SM-5FQSO	TRUE	formal_fraction_converged
GTEX-13NYC-2426-SM-5MR3K	TRUE	formal_fraction_converged
GTEX-ZPU1-0426-SM-4WWCA	TRUE	formal_fraction_converged
GTEX-Y8E4-0126-SM-4VBQ2	TRUE	formal_fraction_converged
GTEX-11EQ9-0626-SM-5A5K1	TRUE	formal_fraction_converged
GTEX-ZAB5-0726-SM-5P9JG	TRUE	formal_fraction_converged
GTEX-S32W-0726-SM-2XCBL	TRUE	formal_fraction_converged
GTEX-SE5C-0726-SM-4BRWY	TRUE	formal_fraction_converged
GTEX-ZPCL-0126-SM-4WWC8	TRUE	formal_fraction_converged
GTEX-ZVT3-0726-SM-5GICN	TRUE	formal_fraction_converged
GTEX-X4XY-0826-SM-4E3JM	TRUE	formal_fraction_converged
GTEX-ZYFG-0626-SM-5GZYA	TRUE	formal_fraction_converged
GTEX-13OW7-0826-SM-5L3EL	FALSE	formal_fraction_nonconverged
GTEX-RVPV-1226-SM-2TF73	TRUE	formal_fraction_converged
GTEX-ZV7C-0126-SM-57WDE	TRUE	formal_fraction_converged
GTEX-WFG7-0326-SM-5SI7L	TRUE	formal_fraction_converged
GTEX-13N1W-0826-SM-5MR5J	TRUE	formal_fraction_converged
GTEX-R55G-0726-SM-2TC6J	TRUE	formal_fraction_converged
GTEX-WYVS-0326-SM-3NM9V	FALSE	formal_fraction_nonconverged
GTEX-1211K-0726-SM-5FQUW	TRUE	formal_fraction_converged
GTEX-XUW1-1026-SM-4BONY	TRUE	formal_fraction_converged
GTEX-WHSB-1626-SM-3LK6J	TRUE	formal_fraction_converged
GTEX-Y5LM-0626-SM-4V6G4	TRUE	formal_fraction_converged
GTEX-11TUW-0226-SM-5LU8X	TRUE	formal_fraction_converged
GTEX-145MH-0426-SM-5LU8T	TRUE	formal_fraction_converged
GTEX-11VI4-0226-SM-5GU6C	FALSE	formal_fraction_nonconverged
GTEX-OOBJ-2626-SM-2I3F6	TRUE	formal_fraction_converged
GTEX-13RTK-0326-SM-5RQHS	TRUE	formal_fraction_converged
GTEX-13D11-0226-SM-5LZXL	TRUE	formal_fraction_converged
GTEX-S341-0226-SM-5S2VG	TRUE	formal_fraction_converged
GTEX-PWCY-2326-SM-2I3EQ	TRUE	formal_fraction_converged
GTEX-12ZZX-1226-SM-5EGHS	TRUE	formal_fraction_converged
GTEX-11ZTT-1026-SM-5EQKF	TRUE	formal_fraction_converged
GTEX-139UW-0126-SM-5KM1B	TRUE	formal_fraction_converged
GTEX-TKQ1-0126-SM-33HB3	TRUE	formal_fraction_converged
GTEX-WK11-0926-SM-3NMAU	TRUE	formal_fraction_converged
GTEX-11P7K-0226-SM-5986Z	TRUE	formal_fraction_converged
GTEX-OXRK-0626-SM-2HMJ5	TRUE	formal_fraction_converged
GTEX-Q2AG-0826-SM-2HMKF	FALSE	formal_fraction_nonconverged
GTEX-ZT9X-0226-SM-51MT2	TRUE	formal_fraction_converged
GTEX-PWOO-0926-SM-2I3EC	TRUE	formal_fraction_converged
GTEX-WI4N-0926-SM-3LK7K	TRUE	formal_fraction_converged
GTEX-11I78-0526-SM-5986A	TRUE	formal_fraction_converged
GTEX-ZGAY-1026-SM-4WWBR	TRUE	formal_fraction_converged
GTEX-1497J-0126-SM-5Q5BK	TRUE	formal_fraction_converged
GTEX-131XF-1826-SM-5EGKG	TRUE	formal_fraction_converged
GTEX-131XE-0126-SM-5LZVC	TRUE	formal_fraction_converged
GTEX-146FQ-0726-SM-5LUA7	TRUE	formal_fraction_converged
GTEX-ZYY3-1926-SM-5GZXS	TRUE	formal_fraction_converged
GTEX-OIZH-2626-SM-2HMJM	TRUE	formal_fraction_converged
GTEX-TSE9-0626-SM-3DB8B	TRUE	formal_fraction_converged
GTEX-ZA64-0426-SM-5HL96	TRUE	formal_fraction_converged
GTEX-1122O-0226-SM-5N9DA	TRUE	formal_fraction_converged
GTEX-12WSG-0226-SM-5EGIF	TRUE	formal_fraction_converged
GTEX-12ZZZ-1226-SM-59HK1	TRUE	formal_fraction_converged
GTEX-13OVG-0226-SM-5LU93	FALSE	formal_fraction_nonconverged
GTEX-NFK9-0726-SM-2HMJW	TRUE	formal_fraction_converged
GTEX-XV7Q-0326-SM-4BRVM	TRUE	formal_fraction_converged
GTEX-R3RS-0726-SM-3GIJR	TRUE	formal_fraction_converged
GTEX-W5X1-0426-SM-3GILB	TRUE	formal_fraction_converged
GTEX-11EI6-0726-SM-59866	TRUE	formal_fraction_converged
GTEX-RWS6-0626-SM-2XCAS	FALSE	formal_fraction_nonconverged
GTEX-14ICL-0426-SM-5RQJ3	TRUE	formal_fraction_converged
GTEX-ZXG5-0926-SM-5NQ8H	TRUE	formal_fraction_converged
GTEX-SN8G-1526-SM-4DM79	TRUE	formal_fraction_converged
GTEX-14C38-0826-SM-5S2U8	TRUE	formal_fraction_converged
GTEX-ZT9W-0226-SM-4YCCZ	TRUE	formal_fraction_converged
GTEX-QXCU-0326-SM-2TC63	TRUE	formal_fraction_converged
GTEX-ZV6S-0226-SM-59HJT	TRUE	formal_fraction_converged
GTEX-14753-0926-SM-5Q5BI	TRUE	formal_fraction_converged
GTEX-P4QS-2626-SM-2I3EV	TRUE	formal_fraction_converged
GTEX-XBEW-0126-SM-4AT66	TRUE	formal_fraction_converged
GTEX-144GO-0126-SM-5LUAO	TRUE	formal_fraction_converged
GTEX-111FC-1026-SM-5GZX1	TRUE	formal_fraction_converged
GTEX-ZY6K-0226-SM-5SIAY	TRUE	formal_fraction_converged
GTEX-12WSL-0626-SM-5GCOY	TRUE	formal_fraction_converged
GTEX-13JVG-0926-SM-5IJE1	TRUE	formal_fraction_converged
GTEX-14A5H-0726-SM-5Q5DW	TRUE	formal_fraction_converged
GTEX-RN64-0626-SM-2TC5V	TRUE	formal_fraction_converged
GTEX-XXEK-1326-SM-4BRV1	TRUE	formal_fraction_converged
GTEX-XGQ4-0426-SM-4AT4I	TRUE	formal_fraction_converged
GTEX-YFCO-0326-SM-4W1ZP	TRUE	formal_fraction_converged
GTEX-13N2G-0726-SM-5MR38	TRUE	formal_fraction_converged
GTEX-WH7G-0526-SM-3NMBI	TRUE	formal_fraction_converged
GTEX-ZYW4-1126-SM-5SI99	FALSE	formal_fraction_nonconverged
GTEX-XMK1-0626-SM-4B65A	TRUE	formal_fraction_converged
GTEX-13PL6-1026-SM-5L3E5	TRUE	formal_fraction_converged
GTEX-RTLS-0626-SM-2TF6G	TRUE	formal_fraction_converged
GTEX-13N11-1026-SM-5K7XQ	TRUE	formal_fraction_converged
GTEX-Y3I4-0226-SM-4TT27	TRUE	formal_fraction_converged
GTEX-Y9LG-0426-SM-4VBRT	TRUE	formal_fraction_converged
GTEX-Y114-0626-SM-4TT98	TRUE	formal_fraction_converged
GTEX-X5EB-0726-SM-46MVR	TRUE	formal_fraction_converged
GTEX-SJXC-0726-SM-2XCFJ	TRUE	formal_fraction_converged
GTEX-ZYT6-0426-SM-5GID3	TRUE	formal_fraction_converged
GTEX-P4PQ-2626-SM-5SI7K	TRUE	formal_fraction_converged
GTEX-Y5V5-0326-SM-5RQJG	TRUE	formal_fraction_converged
GTEX-1399R-0126-SM-5IFEV	TRUE	formal_fraction_converged
GTEX-S7SE-0726-SM-2XCD7	TRUE	formal_fraction_converged
GTEX-XUJ4-0726-SM-4BOOP	TRUE	formal_fraction_converged
GTEX-RNOR-0926-SM-2TF56	TRUE	formal_fraction_converged
GTEX-13113-0126-SM-5LZVX	FALSE	formal_fraction_nonconverged
GTEX-WWYW-0826-SM-3NB2X	TRUE	formal_fraction_converged
GTEX-13NZ9-1126-SM-5MR37	TRUE	formal_fraction_converged
GTEX-WYBS-1926-SM-3NM8N	TRUE	formal_fraction_converged
GTEX-12WSH-0226-SM-5GCOG	TRUE	formal_fraction_converged
GTEX-11TTK-0826-SM-5N9EG	TRUE	formal_fraction_converged
GTEX-XUZC-0126-SM-4BOO6	TRUE	formal_fraction_converged
GTEX-POYW-0826-SM-2XCEM	TRUE	formal_fraction_converged
GTEX-XLM4-0726-SM-4AT64	TRUE	formal_fraction_converged
GTEX-131XG-0226-SM-5IFG1	TRUE	formal_fraction_converged
GTEX-WFG7-0326-SM-3GILI	TRUE	formal_fraction_converged
GTEX-R55E-0826-SM-2TC5M	TRUE	formal_fraction_converged
GTEX-XBED-0126-SM-47JY7	TRUE	formal_fraction_converged
GTEX-14E6C-2626-SM-5RQJP	TRUE	formal_fraction_converged
GTEX-11NSD-0126-SM-5987F	TRUE	formal_fraction_converged
GTEX-144FL-2326-SM-5LUAC	TRUE	formal_fraction_converged
GTEX-ZC5H-0626-SM-5LU9K	TRUE	formal_fraction_converged
GTEX-U4B1-0626-SM-3DB8L	TRUE	formal_fraction_converged
GTEX-13O3P-0726-SM-5J2OM	TRUE	formal_fraction_converged
GTEX-YB5E-0626-SM-4VDSE	TRUE	formal_fraction_converged
GTEX-ZVZP-1026-SM-5GICI	FALSE	formal_fraction_nonconverged
GTEX-14AS3-0226-SM-5Q5B6	TRUE	formal_fraction_converged
GTEX-148VJ-0726-SM-5LU8J	TRUE	formal_fraction_converged
GTEX-1313W-0726-SM-5EGK1	TRUE	formal_fraction_converged
GTEX-X4XX-0926-SM-46MV7	TRUE	formal_fraction_converged
GTEX-1192X-1126-SM-5EGGU	TRUE	formal_fraction_converged
GTEX-146FR-0326-SM-5SI8U	TRUE	formal_fraction_converged
GTEX-11DZ1-2726-SM-5A5KH	TRUE	formal_fraction_converged
GTEX-OIZI-0726-SM-2XCEI	TRUE	formal_fraction_converged
GTEX-P4PQ-2626-SM-33HC9	TRUE	formal_fraction_converged
GTEX-11UD2-0626-SM-5GU6L	TRUE	formal_fraction_converged
GTEX-Q734-0526-SM-2I3EH	TRUE	formal_fraction_converged
GTEX-ZZPU-1326-SM-5GZWS	TRUE	formal_fraction_converged
GTEX-13W46-0926-SM-5LU3T	TRUE	formal_fraction_converged
GTEX-UJMC-0326-SM-3GAE2	FALSE	formal_fraction_nonconverged
GTEX-SUCS-0226-SM-32PLQ	TRUE	formal_fraction_converged
GTEX-13OVI-0826-SM-5KLZ8	FALSE	formal_fraction_nonconverged
GTEX-13VXT-0626-SM-5SIA1	TRUE	formal_fraction_converged
GTEX-VUSG-0426-SM-3GIKD	TRUE	formal_fraction_converged
GTEX-T6MO-0226-SM-32QOL	TRUE	formal_fraction_converged
GTEX-13OW5-0626-SM-5J2N2	TRUE	formal_fraction_converged
GTEX-RU1J-0226-SM-2TF5Y	TRUE	formal_fraction_converged
GTEX-117YX-1226-SM-5H11S	TRUE	formal_fraction_converged
GTEX-12WSK-0926-SM-5CVNQ	TRUE	formal_fraction_converged
GTEX-WHSE-0626-SM-4RGNF	TRUE	formal_fraction_converged
GTEX-QV44-0826-SM-2S1RG	TRUE	formal_fraction_converged
GTEX-XYKS-0826-SM-4BRVF	TRUE	formal_fraction_converged
GTEX-OHPM-2626-SM-5SI7I	TRUE	formal_fraction_converged
GTEX-R55C-0626-SM-2TF4Q	TRUE	formal_fraction_converged
GTEX-SIU7-1126-SM-2XCDW	TRUE	formal_fraction_converged
GTEX-V1D1-0926-SM-4JBHQ	TRUE	formal_fraction_converged
GTEX-Y111-1926-SM-4SOIS	TRUE	formal_fraction_converged
GTEX-V955-0426-SM-3GAEL	FALSE	formal_fraction_nonconverged
GTEX-SNOS-0226-SM-32PLR	TRUE	formal_fraction_converged
GTEX-12WS9-0726-SM-5FQT7	TRUE	formal_fraction_converged
GTEX-OHPM-2626-SM-33HC5	TRUE	formal_fraction_converged
GTEX-11P81-0126-SM-5HL5Y	TRUE	formal_fraction_converged
GTEX-11GSO-0626-SM-5A5LW	FALSE	formal_fraction_nonconverged
GTEX-UPIC-0226-SM-3GADO	TRUE	formal_fraction_converged
GTEX-13IVO-0926-SM-5KLZP	TRUE	formal_fraction_converged
GTEX-145MI-1126-SM-5O9AK	TRUE	formal_fraction_converged
GTEX-OXRO-1226-SM-48TDL	TRUE	formal_fraction_converged
GTEX-13NZ8-0226-SM-5J2OK	TRUE	formal_fraction_converged
GTEX-11EQ8-0826-SM-5N9FG	TRUE	formal_fraction_converged
