gene	cell_type	percent_variance_unique	percent_variance_all_composition	raw_logFC	raw_FDR
ABR	endothelial	5.32919823607918	17.4017384520139	1.65769010268673	4.74397735098236e-139
ABR	fibroblast	7.29919560133002	17.4017384520139	1.65769010268673	4.74397735098236e-139
ABR	immune	2.23005860694984	17.4017384520139	1.65769010268673	4.74397735098236e-139
ABR	muscle	0.0929807633958732	17.4017384520139	1.65769010268673	4.74397735098236e-139
ABR	other_parenchymal	0.0303269741226055	17.4017384520139	1.65769010268673	4.74397735098236e-139
ABR	thyroid_epithelial	0.783837037094156	17.4017384520139	1.65769010268673	4.74397735098236e-139
AC010980.2	endothelial	2.31526430015946	4.05013578531568	-4.25524988995157	1.41580322761342e-136
AC010980.2	fibroblast	0.361578458801304	4.05013578531568	-4.25524988995157	1.41580322761342e-136
AC010980.2	immune	0.034990453184408	4.05013578531568	-4.25524988995157	1.41580322761342e-136
AC010980.2	muscle	0.168434186285004	4.05013578531568	-4.25524988995157	1.41580322761342e-136
AC010980.2	other_parenchymal	0.0121622990717351	4.05013578531568	-4.25524988995157	1.41580322761342e-136
AC010980.2	thyroid_epithelial	0.0119046752753926	4.05013578531568	-4.25524988995157	1.41580322761342e-136
ADAM22	endothelial	1.40955797960091	9.56455034984285	-2.29911656472299	2.37491395761166e-135
ADAM22	fibroblast	0.857610537459338	9.56455034984285	-2.29911656472299	2.37491395761166e-135
ADAM22	immune	0.463210518964628	9.56455034984285	-2.29911656472299	2.37491395761166e-135
ADAM22	muscle	0.269580800176485	9.56455034984285	-2.29911656472299	2.37491395761166e-135
ADAM22	other_parenchymal	2.3996195985362	9.56455034984285	-2.29911656472299	2.37491395761166e-135
ADAM22	thyroid_epithelial	0.245899737821805	9.56455034984285	-2.29911656472299	2.37491395761166e-135
AGPAT4	endothelial	7.2838062774809	21.5059248805243	-2.14350074112997	1.36822538390098e-145
AGPAT4	fibroblast	8.12431643639854	21.5059248805243	-2.14350074112997	1.36822538390098e-145
AGPAT4	immune	0.000415369150448489	21.5059248805243	-2.14350074112997	1.36822538390098e-145
AGPAT4	muscle	0.361851354460475	21.5059248805243	-2.14350074112997	1.36822538390098e-145
AGPAT4	other_parenchymal	0.0785634616491653	21.5059248805243	-2.14350074112997	1.36822538390098e-145
AGPAT4	thyroid_epithelial	0.438630722327685	21.5059248805243	-2.14350074112997	1.36822538390098e-145
ANK2	endothelial	2.31745206696764	16.3119255577917	-3.0378459180316	1.09072783020863e-140
ANK2	fibroblast	6.8229587032054	16.3119255577917	-3.0378459180316	1.09072783020863e-140
ANK2	immune	0.0624857160012381	16.3119255577917	-3.0378459180316	1.09072783020863e-140
ANK2	muscle	0.871123824520977	16.3119255577917	-3.0378459180316	1.09072783020863e-140
ANK2	other_parenchymal	0.961358448480568	16.3119255577917	-3.0378459180316	1.09072783020863e-140
ANK2	thyroid_epithelial	0.0341153651259896	16.3119255577917	-3.0378459180316	1.09072783020863e-140
ASXL3	endothelial	7.76899531354904	17.9893247642173	-4.33210222384195	1.35327079761239e-144
ASXL3	fibroblast	1.95962372240013	17.9893247642173	-4.33210222384195	1.35327079761239e-144
ASXL3	immune	0.285125603486397	17.9893247642173	-4.33210222384195	1.35327079761239e-144
ASXL3	muscle	0.0370635100136577	17.9893247642173	-4.33210222384195	1.35327079761239e-144
ASXL3	other_parenchymal	1.05134633744157	17.9893247642173	-4.33210222384195	1.35327079761239e-144
ASXL3	thyroid_epithelial	0.0894445338575314	17.9893247642173	-4.33210222384195	1.35327079761239e-144
ATP2C2	endothelial	2.29512421527653	7.38286532942471	-3.59508690486032	1.35136802387688e-180
ATP2C2	fibroblast	1.24539165996738	7.38286532942471	-3.59508690486032	1.35136802387688e-180
ATP2C2	immune	1.32432653870678	7.38286532942471	-3.59508690486032	1.35136802387688e-180
ATP2C2	muscle	0.00335928908613151	7.38286532942471	-3.59508690486032	1.35136802387688e-180
ATP2C2	other_parenchymal	0.873777800906153	7.38286532942471	-3.59508690486032	1.35136802387688e-180
ATP2C2	thyroid_epithelial	0.290501006279801	7.38286532942471	-3.59508690486032	1.35136802387688e-180
AVPR1A	endothelial	17.3526949959578	28.2120976272948	-3.14088028985494	8.65148535944286e-125
AVPR1A	fibroblast	0.00130656318461932	28.2120976272948	-3.14088028985494	8.65148535944286e-125
AVPR1A	immune	0.372836302689228	28.2120976272948	-3.14088028985494	8.65148535944286e-125
AVPR1A	muscle	0.536736729745563	28.2120976272948	-3.14088028985494	8.65148535944286e-125
AVPR1A	other_parenchymal	1.31903479183576	28.2120976272948	-3.14088028985494	8.65148535944286e-125
AVPR1A	thyroid_epithelial	0.00740859584378094	28.2120976272948	-3.14088028985494	8.65148535944286e-125
BMP1	endothelial	1.29560970127436	15.3282688185166	1.50526822392752	7.52251855909653e-128
BMP1	fibroblast	8.03732889199022	15.3282688185166	1.50526822392752	7.52251855909653e-128
BMP1	immune	1.68324947078668	15.3282688185166	1.50526822392752	7.52251855909653e-128
BMP1	muscle	1.53501172806694	15.3282688185166	1.50526822392752	7.52251855909653e-128
BMP1	other_parenchymal	0.162903264376052	15.3282688185166	1.50526822392752	7.52251855909653e-128
BMP1	thyroid_epithelial	1.78480095865558	15.3282688185166	1.50526822392752	7.52251855909653e-128
BMP8A	endothelial	10.501396657286	17.5699265867292	-3.82343858197512	1.42259417369785e-131
BMP8A	fibroblast	0.88117569948442	17.5699265867292	-3.82343858197512	1.42259417369785e-131
BMP8A	immune	0.437382776556955	17.5699265867292	-3.82343858197512	1.42259417369785e-131
BMP8A	muscle	0.427478068787792	17.5699265867292	-3.82343858197512	1.42259417369785e-131
BMP8A	other_parenchymal	1.18905078490747	17.5699265867292	-3.82343858197512	1.42259417369785e-131
BMP8A	thyroid_epithelial	0.354546431358022	17.5699265867292	-3.82343858197512	1.42259417369785e-131
C11orf74	endothelial	9.10996107842373	16.3583493622052	-2.12906606516335	1.74800841802478e-131
C11orf74	fibroblast	6.20783951366592	16.3583493622052	-2.12906606516335	1.74800841802478e-131
C11orf74	immune	0.618810724549491	16.3583493622052	-2.12906606516335	1.74800841802478e-131
C11orf74	muscle	0.566861895421316	16.3583493622052	-2.12906606516335	1.74800841802478e-131
C11orf74	other_parenchymal	0.0744288115240497	16.3583493622052	-2.12906606516335	1.74800841802478e-131
C11orf74	thyroid_epithelial	0.146016793985945	16.3583493622052	-2.12906606516335	1.74800841802478e-131
C8orf88	endothelial	0.472918382629906	5.42593897911763	-2.55362240885423	7.15240421763328e-169
C8orf88	fibroblast	0.114870760949037	5.42593897911763	-2.55362240885423	7.15240421763328e-169
C8orf88	immune	2.53833673676088	5.42593897911763	-2.55362240885423	7.15240421763328e-169
C8orf88	muscle	0.00684172716681882	5.42593897911763	-2.55362240885423	7.15240421763328e-169
C8orf88	other_parenchymal	0.270120234410732	5.42593897911763	-2.55362240885423	7.15240421763328e-169
C8orf88	thyroid_epithelial	0.981704299334344	5.42593897911763	-2.55362240885423	7.15240421763328e-169
CCDC146	endothelial	3.94341307129812	11.9573581248992	-2.11923882755013	3.48478810341407e-153
CCDC146	fibroblast	0.441783906746977	11.9573581248992	-2.11923882755013	3.48478810341407e-153
CCDC146	immune	1.59180014019301	11.9573581248992	-2.11923882755013	3.48478810341407e-153
CCDC146	muscle	0.00816455847643054	11.9573581248992	-2.11923882755013	3.48478810341407e-153
CCDC146	other_parenchymal	0.688874635635907	11.9573581248992	-2.11923882755013	3.48478810341407e-153
CCDC146	thyroid_epithelial	1.62183806967166	11.9573581248992	-2.11923882755013	3.48478810341407e-153
CDH16	endothelial	9.53665048014935	11.932886221755	-5.49901523837765	2.94277494939211e-153
CDH16	fibroblast	0.394460946212608	11.932886221755	-5.49901523837765	2.94277494939211e-153
CDH16	immune	0.197588968792393	11.932886221755	-5.49901523837765	2.94277494939211e-153
CDH16	muscle	0.315463272400381	11.932886221755	-5.49901523837765	2.94277494939211e-153
CDH16	other_parenchymal	0.0294131320544121	11.932886221755	-5.49901523837765	2.94277494939211e-153
CDH16	thyroid_epithelial	1.98400442083913	11.932886221755	-5.49901523837765	2.94277494939211e-153
CDHR3	endothelial	6.46682997374316	9.85175140554485	-2.35262964859533	3.19263428764492e-125
CDHR3	fibroblast	0.00960688864808045	9.85175140554485	-2.35262964859533	3.19263428764492e-125
CDHR3	immune	0.850286280696779	9.85175140554485	-2.35262964859533	3.19263428764492e-125
CDHR3	muscle	0.0239555652298636	9.85175140554485	-2.35262964859533	3.19263428764492e-125
CDHR3	other_parenchymal	0.0743824502689196	9.85175140554485	-2.35262964859533	3.19263428764492e-125
CDHR3	thyroid_epithelial	0.391603115306865	9.85175140554485	-2.35262964859533	3.19263428764492e-125
CLMN	endothelial	11.8449058015742	19.9349132795422	-2.14795377375959	4.69497568269109e-129
CLMN	fibroblast	0.1581769268665	19.9349132795422	-2.14795377375959	4.69497568269109e-129
CLMN	immune	0.00314173100818726	19.9349132795422	-2.14795377375959	4.69497568269109e-129
CLMN	muscle	0.384504009466704	19.9349132795422	-2.14795377375959	4.69497568269109e-129
CLMN	other_parenchymal	0.822279122022695	19.9349132795422	-2.14795377375959	4.69497568269109e-129
CLMN	thyroid_epithelial	0.0596467486516475	19.9349132795422	-2.14795377375959	4.69497568269109e-129
CLUL1	endothelial	0.220144070825512	5.93321912728989	-2.32402734832126	1.19335461403601e-124
CLUL1	fibroblast	0.772424778739053	5.93321912728989	-2.32402734832126	1.19335461403601e-124
CLUL1	immune	3.67948770452353	5.93321912728989	-2.32402734832126	1.19335461403601e-124
CLUL1	muscle	0.167172529390317	5.93321912728989	-2.32402734832126	1.19335461403601e-124
CLUL1	other_parenchymal	0.000364303642715968	5.93321912728989	-2.32402734832126	1.19335461403601e-124
CLUL1	thyroid_epithelial	0.11520011092974	5.93321912728989	-2.32402734832126	1.19335461403601e-124
CNTN5	endothelial	1.15643789972816	4.470365872	-4.2377330368486	2.88686792948994e-175
CNTN5	fibroblast	0.000949029905049078	4.470365872	-4.2377330368486	2.88686792948994e-175
CNTN5	immune	0.539098471879251	4.470365872	-4.2377330368486	2.88686792948994e-175
CNTN5	muscle	0.116367224714382	4.470365872	-4.2377330368486	2.88686792948994e-175
CNTN5	other_parenchymal	0.784453500859855	4.470365872	-4.2377330368486	2.88686792948994e-175
CNTN5	thyroid_epithelial	1.14972055715517	4.470365872	-4.2377330368486	2.88686792948994e-175
CWH43	endothelial	3.09381435620969	7.89510036646473	-4.35331386200385	1.54764976272835e-146
CWH43	fibroblast	0.309337138681963	7.89510036646473	-4.35331386200385	1.54764976272835e-146
CWH43	immune	0.100731166614881	7.89510036646473	-4.35331386200385	1.54764976272835e-146
CWH43	muscle	0.0286907324948611	7.89510036646473	-4.35331386200385	1.54764976272835e-146
CWH43	other_parenchymal	0.491279787055205	7.89510036646473	-4.35331386200385	1.54764976272835e-146
CWH43	thyroid_epithelial	3.64984258133997	7.89510036646473	-4.35331386200385	1.54764976272835e-146
CYP7B1	endothelial	0.630228506643055	13.2084738319942	-1.89082331334664	2.66425054953607e-129
CYP7B1	fibroblast	0.0360975376767828	13.2084738319942	-1.89082331334664	2.66425054953607e-129
CYP7B1	immune	0.679272482577512	13.2084738319942	-1.89082331334664	2.66425054953607e-129
CYP7B1	muscle	0.463276368749593	13.2084738319942	-1.89082331334664	2.66425054953607e-129
CYP7B1	other_parenchymal	7.03523067152407	13.2084738319942	-1.89082331334664	2.66425054953607e-129
CYP7B1	thyroid_epithelial	0.0824956526549401	13.2084738319942	-1.89082331334664	2.66425054953607e-129
DCDC1	endothelial	0.16714887464904	9.59805160897525	-2.15494361013937	1.88105336549124e-125
DCDC1	fibroblast	0.538300691710325	9.59805160897525	-2.15494361013937	1.88105336549124e-125
DCDC1	immune	5.57248649223593	9.59805160897525	-2.15494361013937	1.88105336549124e-125
DCDC1	muscle	2.89519158193042e-05	9.59805160897525	-2.15494361013937	1.88105336549124e-125
DCDC1	other_parenchymal	0.491777993863261	9.59805160897525	-2.15494361013937	1.88105336549124e-125
DCDC1	thyroid_epithelial	2.04626670197864	9.59805160897525	-2.15494361013937	1.88105336549124e-125
DGKI	endothelial	6.06015252758459	18.5283244668518	-3.69889116619589	1.16732643268173e-128
DGKI	fibroblast	0.783427684265578	18.5283244668518	-3.69889116619589	1.16732643268173e-128
DGKI	immune	1.33881200339054	18.5283244668518	-3.69889116619589	1.16732643268173e-128
DGKI	muscle	0.650790835592492	18.5283244668518	-3.69889116619589	1.16732643268173e-128
DGKI	other_parenchymal	2.71676040316014	18.5283244668518	-3.69889116619589	1.16732643268173e-128
DGKI	thyroid_epithelial	5.30762048918188	18.5283244668518	-3.69889116619589	1.16732643268173e-128
DIO2-AS1	endothelial	2.79734604830678	10.1266322957459	-3.42322228113486	4.11927040530453e-126
DIO2-AS1	fibroblast	1.47814427622028	10.1266322957459	-3.42322228113486	4.11927040530453e-126
DIO2-AS1	immune	0.384073094806265	10.1266322957459	-3.42322228113486	4.11927040530453e-126
DIO2-AS1	muscle	1.04400874954895	10.1266322957459	-3.42322228113486	4.11927040530453e-126
DIO2-AS1	other_parenchymal	2.3210442027927	10.1266322957459	-3.42322228113486	4.11927040530453e-126
DIO2-AS1	thyroid_epithelial	0.27728222331515	10.1266322957459	-3.42322228113486	4.11927040530453e-126
DIRAS2	endothelial	10.1995792655161	20.2899108925594	-3.28627711605643	1.0699676306917e-129
DIRAS2	fibroblast	6.56875884459522	20.2899108925594	-3.28627711605643	1.0699676306917e-129
DIRAS2	immune	0.789572377571245	20.2899108925594	-3.28627711605643	1.0699676306917e-129
DIRAS2	muscle	0.37944416994837	20.2899108925594	-3.28627711605643	1.0699676306917e-129
DIRAS2	other_parenchymal	0.0379864560052452	20.2899108925594	-3.28627711605643	1.0699676306917e-129
DIRAS2	thyroid_epithelial	0.542218752972932	20.2899108925594	-3.28627711605643	1.0699676306917e-129
DLG2	endothelial	6.22264280063265	9.24286444154447	-3.53714071258355	2.92179390608606e-184
DLG2	fibroblast	0.228231883387426	9.24286444154447	-3.53714071258355	2.92179390608606e-184
DLG2	immune	0.0162771203717888	9.24286444154447	-3.53714071258355	2.92179390608606e-184
DLG2	muscle	0.986616465205404	9.24286444154447	-3.53714071258355	2.92179390608606e-184
DLG2	other_parenchymal	0.0142472339193786	9.24286444154447	-3.53714071258355	2.92179390608606e-184
DLG2	thyroid_epithelial	0.0867389484895593	9.24286444154447	-3.53714071258355	2.92179390608606e-184
DPP6	endothelial	6.38470157288555	10.6621436465465	-5.79909066788557	4.46925243535811e-147
DPP6	fibroblast	0.049395210361098	10.6621436465465	-5.79909066788557	4.46925243535811e-147
DPP6	immune	0.110292241087997	10.6621436465465	-5.79909066788557	4.46925243535811e-147
DPP6	muscle	0.0241535400695032	10.6621436465465	-5.79909066788557	4.46925243535811e-147
DPP6	other_parenchymal	0.700841208537315	10.6621436465465	-5.79909066788557	4.46925243535811e-147
DPP6	thyroid_epithelial	0.0372952422999511	10.6621436465465	-5.79909066788557	4.46925243535811e-147
ECE1	endothelial	2.44379898050113	11.6504043170058	1.63412745419971	7.50128861398552e-135
ECE1	fibroblast	3.38747813290053	11.6504043170058	1.63412745419971	7.50128861398552e-135
ECE1	immune	0.449552135677494	11.6504043170058	1.63412745419971	7.50128861398552e-135
ECE1	muscle	0.194981436060911	11.6504043170058	1.63412745419971	7.50128861398552e-135
ECE1	other_parenchymal	0.205216211464719	11.6504043170058	1.63412745419971	7.50128861398552e-135
ECE1	thyroid_epithelial	2.74990502173359	11.6504043170058	1.63412745419971	7.50128861398552e-135
ELMO1-AS1	endothelial	10.1601791408584	20.2083317260264	-2.79358462910421	8.91278894578912e-149
ELMO1-AS1	fibroblast	0.608118555868591	20.2083317260264	-2.79358462910421	8.91278894578912e-149
ELMO1-AS1	immune	0.0135498552866398	20.2083317260264	-2.79358462910421	8.91278894578912e-149
ELMO1-AS1	muscle	0.67724294483107	20.2083317260264	-2.79358462910421	8.91278894578912e-149
ELMO1-AS1	other_parenchymal	3.10881349114428	20.2083317260264	-2.79358462910421	8.91278894578912e-149
ELMO1-AS1	thyroid_epithelial	0.281836399486023	20.2083317260264	-2.79358462910421	8.91278894578912e-149
ENTPD1	endothelial	0.345819024076901	2.39269164483928	2.91192203836332	1.51399616711263e-165
ENTPD1	fibroblast	0.0302427529817452	2.39269164483928	2.91192203836332	1.51399616711263e-165
ENTPD1	immune	0.257639294019842	2.39269164483928	2.91192203836332	1.51399616711263e-165
ENTPD1	muscle	0.101624443569993	2.39269164483928	2.91192203836332	1.51399616711263e-165
ENTPD1	other_parenchymal	0.147296238163455	2.39269164483928	2.91192203836332	1.51399616711263e-165
ENTPD1	thyroid_epithelial	2.08051843364291	2.39269164483928	2.91192203836332	1.51399616711263e-165
EPS8	endothelial	2.72363521460043	5.10464117344964	2.01843492575051	1.38102734200323e-134
EPS8	fibroblast	1.05512262728127	5.10464117344964	2.01843492575051	1.38102734200323e-134
EPS8	immune	2.22848235089626	5.10464117344964	2.01843492575051	1.38102734200323e-134
EPS8	muscle	0.109698551471642	5.10464117344964	2.01843492575051	1.38102734200323e-134
EPS8	other_parenchymal	0.541243995769257	5.10464117344964	2.01843492575051	1.38102734200323e-134
EPS8	thyroid_epithelial	0.229836496477921	5.10464117344964	2.01843492575051	1.38102734200323e-134
FAM124A	endothelial	8.87847385905559	16.2858623644368	-2.4000945165149	5.8794581944551e-130
FAM124A	fibroblast	2.14617966614585	16.2858623644368	-2.4000945165149	5.8794581944551e-130
FAM124A	immune	1.04396532004021	16.2858623644368	-2.4000945165149	5.8794581944551e-130
FAM124A	muscle	0.389792381959374	16.2858623644368	-2.4000945165149	5.8794581944551e-130
FAM124A	other_parenchymal	0.0325425095862196	16.2858623644368	-2.4000945165149	5.8794581944551e-130
FAM124A	thyroid_epithelial	0.0123936794356312	16.2858623644368	-2.4000945165149	5.8794581944551e-130
FN1	endothelial	20.2283477764245	45.2456762986227	5.35486948299148	3.33310944730909e-144
FN1	fibroblast	16.279457006441	45.2456762986227	5.35486948299148	3.33310944730909e-144
FN1	immune	0.270610492808792	45.2456762986227	5.35486948299148	3.33310944730909e-144
FN1	muscle	0.106518968113354	45.2456762986227	5.35486948299148	3.33310944730909e-144
FN1	other_parenchymal	0.482241400892412	45.2456762986227	5.35486948299148	3.33310944730909e-144
FN1	thyroid_epithelial	3.16303788193448	45.2456762986227	5.35486948299148	3.33310944730909e-144
GALNT7	endothelial	12.6089330433234	15.1318435490973	2.26344267321021	7.46373511547336e-141
GALNT7	fibroblast	1.40378106454983	15.1318435490973	2.26344267321021	7.46373511547336e-141
GALNT7	immune	1.19424642028578	15.1318435490973	2.26344267321021	7.46373511547336e-141
GALNT7	muscle	0.287491247221105	15.1318435490973	2.26344267321021	7.46373511547336e-141
GALNT7	other_parenchymal	0.00129645592913907	15.1318435490973	2.26344267321021	7.46373511547336e-141
GALNT7	thyroid_epithelial	5.39293839820312e-06	15.1318435490973	2.26344267321021	7.46373511547336e-141
GHR	endothelial	3.64700888226253	16.7996854473847	-2.25786026500312	2.08615154880664e-141
GHR	fibroblast	2.36208091415036	16.7996854473847	-2.25786026500312	2.08615154880664e-141
GHR	immune	1.05751655893815	16.7996854473847	-2.25786026500312	2.08615154880664e-141
GHR	muscle	1.65665674510084	16.7996854473847	-2.25786026500312	2.08615154880664e-141
GHR	other_parenchymal	2.43582709798363	16.7996854473847	-2.25786026500312	2.08615154880664e-141
GHR	thyroid_epithelial	0.0649292346222314	16.7996854473847	-2.25786026500312	2.08615154880664e-141
GLT8D2	endothelial	4.32784475619639	24.4088160912653	-2.69284110145076	4.00056143250054e-132
GLT8D2	fibroblast	10.4662047080278	24.4088160912653	-2.69284110145076	4.00056143250054e-132
GLT8D2	immune	0.807671429272378	24.4088160912653	-2.69284110145076	4.00056143250054e-132
GLT8D2	muscle	0.902772227821543	24.4088160912653	-2.69284110145076	4.00056143250054e-132
GLT8D2	other_parenchymal	0.889490942077491	24.4088160912653	-2.69284110145076	4.00056143250054e-132
GLT8D2	thyroid_epithelial	0.000936285643003391	24.4088160912653	-2.69284110145076	4.00056143250054e-132
GPC3	endothelial	3.98416535505981	27.0320202055993	-4.26381804297747	3.33565969501599e-136
GPC3	fibroblast	17.0840214991026	27.0320202055993	-4.26381804297747	3.33565969501599e-136
GPC3	immune	0.0131264369401977	27.0320202055993	-4.26381804297747	3.33565969501599e-136
GPC3	muscle	0.524711712101986	27.0320202055993	-4.26381804297747	3.33565969501599e-136
GPC3	other_parenchymal	1.86438152548145e-06	27.0320202055993	-4.26381804297747	3.33565969501599e-136
GPC3	thyroid_epithelial	0.138988648491751	27.0320202055993	-4.26381804297747	3.33565969501599e-136
GPM6A	endothelial	4.38342478506172	7.70344641955809	-3.52940439859166	2.58438579551264e-154
GPM6A	fibroblast	1.37544526791059	7.70344641955809	-3.52940439859166	2.58438579551264e-154
GPM6A	immune	0.6042954349107	7.70344641955809	-3.52940439859166	2.58438579551264e-154
GPM6A	muscle	0.260128250211096	7.70344641955809	-3.52940439859166	2.58438579551264e-154
GPM6A	other_parenchymal	0.00996731903854597	7.70344641955809	-3.52940439859166	2.58438579551264e-154
GPM6A	thyroid_epithelial	0.432325218932291	7.70344641955809	-3.52940439859166	2.58438579551264e-154
IGFBPL1	endothelial	4.34874766016472	7.99127837764481	-4.16986991063809	1.1994773479894e-180
IGFBPL1	fibroblast	0.775072158471517	7.99127837764481	-4.16986991063809	1.1994773479894e-180
IGFBPL1	immune	0.217041965595224	7.99127837764481	-4.16986991063809	1.1994773479894e-180
IGFBPL1	muscle	0.258520048684995	7.99127837764481	-4.16986991063809	1.1994773479894e-180
IGFBPL1	other_parenchymal	0.590601502728538	7.99127837764481	-4.16986991063809	1.1994773479894e-180
IGFBPL1	thyroid_epithelial	0.864528446395556	7.99127837764481	-4.16986991063809	1.1994773479894e-180
IPCEF1	endothelial	5.59713660598244	9.47277705740395	-4.29200929906499	6.35162746815718e-164
IPCEF1	fibroblast	0.426037201681978	9.47277705740395	-4.29200929906499	6.35162746815718e-164
IPCEF1	immune	0.234518317746385	9.47277705740395	-4.29200929906499	6.35162746815718e-164
IPCEF1	muscle	0.174380750623308	9.47277705740395	-4.29200929906499	6.35162746815718e-164
IPCEF1	other_parenchymal	0.969133494271313	9.47277705740395	-4.29200929906499	6.35162746815718e-164
IPCEF1	thyroid_epithelial	1.70321690517489	9.47277705740395	-4.29200929906499	6.35162746815718e-164
KB-1471A8.1	endothelial	3.85106413066314	14.9228138415308	-2.48425499028763	7.21470368634527e-146
KB-1471A8.1	fibroblast	4.69317383728103	14.9228138415308	-2.48425499028763	7.21470368634527e-146
KB-1471A8.1	immune	1.36045695416338	14.9228138415308	-2.48425499028763	7.21470368634527e-146
KB-1471A8.1	muscle	1.11944033949594	14.9228138415308	-2.48425499028763	7.21470368634527e-146
KB-1471A8.1	other_parenchymal	1.73876344248688	14.9228138415308	-2.48425499028763	7.21470368634527e-146
KB-1471A8.1	thyroid_epithelial	0.201300236162826	14.9228138415308	-2.48425499028763	7.21470368634527e-146
KCNIP4	endothelial	0.0333620397899511	6.88596127458717	-2.74838143035404	1.82578275346914e-199
KCNIP4	fibroblast	0.550473123681309	6.88596127458717	-2.74838143035404	1.82578275346914e-199
KCNIP4	immune	5.03272225636756	6.88596127458717	-2.74838143035404	1.82578275346914e-199
KCNIP4	muscle	0.0144089715805417	6.88596127458717	-2.74838143035404	1.82578275346914e-199
KCNIP4	other_parenchymal	0.0758995633013741	6.88596127458717	-2.74838143035404	1.82578275346914e-199
KCNIP4	thyroid_epithelial	0.666377518808775	6.88596127458717	-2.74838143035404	1.82578275346914e-199
KCTD16	endothelial	0.16878787492821	5.31981875980215	-4.06571457225836	8.26185935358338e-130
KCTD16	fibroblast	1.99514356714207	5.31981875980215	-4.06571457225836	8.26185935358338e-130
KCTD16	immune	2.37677957701973	5.31981875980215	-4.06571457225836	8.26185935358338e-130
KCTD16	muscle	0.00570778599396294	5.31981875980215	-4.06571457225836	8.26185935358338e-130
KCTD16	other_parenchymal	0.0570593341292222	5.31981875980215	-4.06571457225836	8.26185935358338e-130
KCTD16	thyroid_epithelial	0.123253688475081	5.31981875980215	-4.06571457225836	8.26185935358338e-130
LAYN	endothelial	9.93492778262307	23.3695734361514	-2.26582905240519	5.61324460578188e-160
LAYN	fibroblast	4.46365239417878	23.3695734361514	-2.26582905240519	5.61324460578188e-160
LAYN	immune	0.467295843630129	23.3695734361514	-2.26582905240519	5.61324460578188e-160
LAYN	muscle	0.14520636573131	23.3695734361514	-2.26582905240519	5.61324460578188e-160
LAYN	other_parenchymal	0.857115100620687	23.3695734361514	-2.26582905240519	5.61324460578188e-160
LAYN	thyroid_epithelial	0.697002240969711	23.3695734361514	-2.26582905240519	5.61324460578188e-160
LINGO2	endothelial	5.86233972123356	11.5353355557557	-5.66810448550964	1.59655856160518e-125
LINGO2	fibroblast	0.111037581078743	11.5353355557557	-5.66810448550964	1.59655856160518e-125
LINGO2	immune	0.157302653132337	11.5353355557557	-5.66810448550964	1.59655856160518e-125
LINGO2	muscle	0.115909276023815	11.5353355557557	-5.66810448550964	1.59655856160518e-125
LINGO2	other_parenchymal	1.74902755984518	11.5353355557557	-5.66810448550964	1.59655856160518e-125
LINGO2	thyroid_epithelial	1.05704637472218	11.5353355557557	-5.66810448550964	1.59655856160518e-125
LRP1B	endothelial	8.3466682815318	13.1500466866026	-6.00227706085878	7.69502085962206e-195
LRP1B	fibroblast	1.36211158164227	13.1500466866026	-6.00227706085878	7.69502085962206e-195
LRP1B	immune	0.0901733738986768	13.1500466866026	-6.00227706085878	7.69502085962206e-195
LRP1B	muscle	0.539354093240714	13.1500466866026	-6.00227706085878	7.69502085962206e-195
LRP1B	other_parenchymal	0.536264308265271	13.1500466866026	-6.00227706085878	7.69502085962206e-195
LRP1B	thyroid_epithelial	0.058705715386498	13.1500466866026	-6.00227706085878	7.69502085962206e-195
LRP4	endothelial	1.85579149901984	4.80262716033296	4.25926168489532	1.8667756418946e-131
LRP4	fibroblast	1.30557017719211	4.80262716033296	4.25926168489532	1.8667756418946e-131
LRP4	immune	2.76221238599752	4.80262716033296	4.25926168489532	1.8667756418946e-131
LRP4	muscle	0.314861486385206	4.80262716033296	4.25926168489532	1.8667756418946e-131
LRP4	other_parenchymal	0.00391679852160011	4.80262716033296	4.25926168489532	1.8667756418946e-131
LRP4	thyroid_epithelial	0.10242464966232	4.80262716033296	4.25926168489532	1.8667756418946e-131
MAPK4	endothelial	2.96400628992841	7.95242823619585	-4.69695900922725	1.34002065438961e-192
MAPK4	fibroblast	1.28209567125329	7.95242823619585	-4.69695900922725	1.34002065438961e-192
MAPK4	immune	0.0931324385625859	7.95242823619585	-4.69695900922725	1.34002065438961e-192
MAPK4	muscle	2.19552070071046	7.95242823619585	-4.69695900922725	1.34002065438961e-192
MAPK4	other_parenchymal	0.521340646191418	7.95242823619585	-4.69695900922725	1.34002065438961e-192
MAPK4	thyroid_epithelial	0.124178457886387	7.95242823619585	-4.69695900922725	1.34002065438961e-192
MET	endothelial	16.7701744940167	32.9403797611702	2.64009498436841	9.19363487612843e-125
MET	fibroblast	2.18881004632219	32.9403797611702	2.64009498436841	9.19363487612843e-125
MET	immune	0.296744482351953	32.9403797611702	2.64009498436841	9.19363487612843e-125
MET	muscle	0.192245369622179	32.9403797611702	2.64009498436841	9.19363487612843e-125
MET	other_parenchymal	0.584020799757923	32.9403797611702	2.64009498436841	9.19363487612843e-125
MET	thyroid_epithelial	4.10907771529123	32.9403797611702	2.64009498436841	9.19363487612843e-125
MIR4709	endothelial	0.0178678283843709	9.56492698432445	2.79629392722508	9.89689733718241e-163
MIR4709	fibroblast	0.0581676096477929	9.56492698432445	2.79629392722508	9.89689733718241e-163
MIR4709	immune	0.380766668171792	9.56492698432445	2.79629392722508	9.89689733718241e-163
MIR4709	muscle	1.49755995106234	9.56492698432445	2.79629392722508	9.89689733718241e-163
MIR4709	other_parenchymal	3.69914883688717	9.56492698432445	2.79629392722508	9.89689733718241e-163
MIR4709	thyroid_epithelial	0.804424187858911	9.56492698432445	2.79629392722508	9.89689733718241e-163
MMRN1	endothelial	3.73732308339232	15.0768744054252	-3.84488933050044	2.28142674961648e-125
MMRN1	fibroblast	6.98824824509403	15.0768744054252	-3.84488933050044	2.28142674961648e-125
MMRN1	immune	0.165027865452262	15.0768744054252	-3.84488933050044	2.28142674961648e-125
MMRN1	muscle	0.0737130780043546	15.0768744054252	-3.84488933050044	2.28142674961648e-125
MMRN1	other_parenchymal	0.203315050524682	15.0768744054252	-3.84488933050044	2.28142674961648e-125
MMRN1	thyroid_epithelial	0.154121682541214	15.0768744054252	-3.84488933050044	2.28142674961648e-125
MPPED2	endothelial	18.803447503567	31.6984840253244	-3.82834369863448	9.35111300671188e-146
MPPED2	fibroblast	1.67948624338633	31.6984840253244	-3.82834369863448	9.35111300671188e-146
MPPED2	immune	1.34355587767865	31.6984840253244	-3.82834369863448	9.35111300671188e-146
MPPED2	muscle	0.018377717053784	31.6984840253244	-3.82834369863448	9.35111300671188e-146
MPPED2	other_parenchymal	1.40350312811348	31.6984840253244	-3.82834369863448	9.35111300671188e-146
MPPED2	thyroid_epithelial	0.107507013975231	31.6984840253244	-3.82834369863448	9.35111300671188e-146
MPZL2	endothelial	6.93440722512001	17.187129779153	2.52359668850727	5.25464409912223e-135
MPZL2	fibroblast	2.34931542425815	17.187129779153	2.52359668850727	5.25464409912223e-135
MPZL2	immune	0.722740045463216	17.187129779153	2.52359668850727	5.25464409912223e-135
MPZL2	muscle	0.201380947325373	17.187129779153	2.52359668850727	5.25464409912223e-135
MPZL2	other_parenchymal	0.0154941575633689	17.187129779153	2.52359668850727	5.25464409912223e-135
MPZL2	thyroid_epithelial	3.96205438061704	17.187129779153	2.52359668850727	5.25464409912223e-135
MRO	endothelial	12.6666278716177	20.914287419421	-4.76717324684427	1.4198611414921e-161
MRO	fibroblast	2.11656835043378	20.914287419421	-4.76717324684427	1.4198611414921e-161
MRO	immune	0.0174308092576277	20.914287419421	-4.76717324684427	1.4198611414921e-161
MRO	muscle	1.02689748419676	20.914287419421	-4.76717324684427	1.4198611414921e-161
MRO	other_parenchymal	0.571394948131115	20.914287419421	-4.76717324684427	1.4198611414921e-161
MRO	thyroid_epithelial	0.327590362835874	20.914287419421	-4.76717324684427	1.4198611414921e-161
NECAB1	endothelial	1.17173424611705	5.05920939263274	-2.25199926038973	7.55008167892848e-129
NECAB1	fibroblast	0.228064417147278	5.05920939263274	-2.25199926038973	7.55008167892848e-129
NECAB1	immune	1.8882690083605	5.05920939263274	-2.25199926038973	7.55008167892848e-129
NECAB1	muscle	0.0326693923600839	5.05920939263274	-2.25199926038973	7.55008167892848e-129
NECAB1	other_parenchymal	4.98418845228596e-05	5.05920939263274	-2.25199926038973	7.55008167892848e-129
NECAB1	thyroid_epithelial	0.825795603192665	5.05920939263274	-2.25199926038973	7.55008167892848e-129
NHSL2	endothelial	1.56145590464964	8.78268893944821	1.70348374249653	3.35506709007448e-135
NHSL2	fibroblast	5.59291903617982	8.78268893944821	1.70348374249653	3.35506709007448e-135
NHSL2	immune	0.185682917402882	8.78268893944821	1.70348374249653	3.35506709007448e-135
NHSL2	muscle	0.0769722530294763	8.78268893944821	1.70348374249653	3.35506709007448e-135
NHSL2	other_parenchymal	0.179271188404341	8.78268893944821	1.70348374249653	3.35506709007448e-135
NHSL2	thyroid_epithelial	0.74908145075543	8.78268893944821	1.70348374249653	3.35506709007448e-135
NLGN1	endothelial	0.46237339840703	4.84062621838921	-3.10700143188968	1.83752403630274e-136
NLGN1	fibroblast	3.12481504029361	4.84062621838921	-3.10700143188968	1.83752403630274e-136
NLGN1	immune	0.165562476770217	4.84062621838921	-3.10700143188968	1.83752403630274e-136
NLGN1	muscle	0.728608242213942	4.84062621838921	-3.10700143188968	1.83752403630274e-136
NLGN1	other_parenchymal	0.140880534488997	4.84062621838921	-3.10700143188968	1.83752403630274e-136
NLGN1	thyroid_epithelial	0.172883082398184	4.84062621838921	-3.10700143188968	1.83752403630274e-136
NOL4	endothelial	4.96906718578371	8.67651165884081	-4.97166868682117	3.46948254441629e-149
NOL4	fibroblast	0.512939316098213	8.67651165884081	-4.97166868682117	3.46948254441629e-149
NOL4	immune	0.00155426252452312	8.67651165884081	-4.97166868682117	3.46948254441629e-149
NOL4	muscle	0.00192761130458212	8.67651165884081	-4.97166868682117	3.46948254441629e-149
NOL4	other_parenchymal	0.464842486800938	8.67651165884081	-4.97166868682117	3.46948254441629e-149
NOL4	thyroid_epithelial	0.308744443109914	8.67651165884081	-4.97166868682117	3.46948254441629e-149
NPC2	endothelial	0.394616797622056	9.45621646952536	2.70089690553591	3.90797426112404e-187
NPC2	fibroblast	0.123010938812885	9.45621646952536	2.70089690553591	3.90797426112404e-187
NPC2	immune	0.323653854334882	9.45621646952536	2.70089690553591	3.90797426112404e-187
NPC2	muscle	1.02569075444947	9.45621646952536	2.70089690553591	3.90797426112404e-187
NPC2	other_parenchymal	2.89744106149541	9.45621646952536	2.70089690553591	3.90797426112404e-187
NPC2	thyroid_epithelial	0.998919902045892	9.45621646952536	2.70089690553591	3.90797426112404e-187
PAPSS2	endothelial	1.42974759772333	16.1400897728916	-2.95699064886705	1.14485207932347e-165
PAPSS2	fibroblast	6.87535701241546	16.1400897728916	-2.95699064886705	1.14485207932347e-165
PAPSS2	immune	0.702161331312053	16.1400897728916	-2.95699064886705	1.14485207932347e-165
PAPSS2	muscle	1.0170116239569	16.1400897728916	-2.95699064886705	1.14485207932347e-165
PAPSS2	other_parenchymal	1.95538064373611	16.1400897728916	-2.95699064886705	1.14485207932347e-165
PAPSS2	thyroid_epithelial	1.86786174699675	16.1400897728916	-2.95699064886705	1.14485207932347e-165
PBX4	endothelial	13.6191658213579	15.3528976711332	-2.65873294871227	1.9791289190173e-143
PBX4	fibroblast	0.305828838667328	15.3528976711332	-2.65873294871227	1.9791289190173e-143
PBX4	immune	0.0103639530497633	15.3528976711332	-2.65873294871227	1.9791289190173e-143
PBX4	muscle	0.465684030161905	15.3528976711332	-2.65873294871227	1.9791289190173e-143
PBX4	other_parenchymal	0.628344383985057	15.3528976711332	-2.65873294871227	1.9791289190173e-143
PBX4	thyroid_epithelial	0.0685476965522216	15.3528976711332	-2.65873294871227	1.9791289190173e-143
PLA2R1	endothelial	2.71208359643576	7.25797810466805	-3.63850991321082	2.56116669938999e-135
PLA2R1	fibroblast	0.111481271940062	7.25797810466805	-3.63850991321082	2.56116669938999e-135
PLA2R1	immune	0.821551099903022	7.25797810466805	-3.63850991321082	2.56116669938999e-135
PLA2R1	muscle	0.306170878740294	7.25797810466805	-3.63850991321082	2.56116669938999e-135
PLA2R1	other_parenchymal	0.889273680834523	7.25797810466805	-3.63850991321082	2.56116669938999e-135
PLA2R1	thyroid_epithelial	0.405831650981798	7.25797810466805	-3.63850991321082	2.56116669938999e-135
PLCH1	endothelial	2.84932405521146	6.08323128231186	-3.14665669590461	1.22115843537238e-133
PLCH1	fibroblast	0.000430655727679718	6.08323128231186	-3.14665669590461	1.22115843537238e-133
PLCH1	immune	0.250731270765424	6.08323128231186	-3.14665669590461	1.22115843537238e-133
PLCH1	muscle	0.182697617394952	6.08323128231186	-3.14665669590461	1.22115843537238e-133
PLCH1	other_parenchymal	0.850449615459014	6.08323128231186	-3.14665669590461	1.22115843537238e-133
PLCH1	thyroid_epithelial	0.229179802710717	6.08323128231186	-3.14665669590461	1.22115843537238e-133
PLXND1	endothelial	11.3792286490341	30.254400868418	1.65993651020568	1.42259417369785e-131
PLXND1	fibroblast	10.8986116674879	30.254400868418	1.65993651020568	1.42259417369785e-131
PLXND1	immune	1.34579006847826	30.254400868418	1.65993651020568	1.42259417369785e-131
PLXND1	muscle	0.0456011774261112	30.254400868418	1.65993651020568	1.42259417369785e-131
PLXND1	other_parenchymal	0.000585355796067853	30.254400868418	1.65993651020568	1.42259417369785e-131
PLXND1	thyroid_epithelial	0.991301634797837	30.254400868418	1.65993651020568	1.42259417369785e-131
PROS1	endothelial	15.6444235977163	29.3024892807285	3.46124453800446	8.26491208667969e-128
PROS1	fibroblast	7.79037646472669	29.3024892807285	3.46124453800446	8.26491208667969e-128
PROS1	immune	0.0974959100005156	29.3024892807285	3.46124453800446	8.26491208667969e-128
PROS1	muscle	0.0957748534582075	29.3024892807285	3.46124453800446	8.26491208667969e-128
PROS1	other_parenchymal	0.531854651916263	29.3024892807285	3.46124453800446	8.26491208667969e-128
PROS1	thyroid_epithelial	1.34984187755895	29.3024892807285	3.46124453800446	8.26491208667969e-128
PROX1	endothelial	7.15280807814637	12.9363829111264	-2.63799028312219	4.33322953553341e-133
PROX1	fibroblast	0.278887940853305	12.9363829111264	-2.63799028312219	4.33322953553341e-133
PROX1	immune	0.829432738566099	12.9363829111264	-2.63799028312219	4.33322953553341e-133
PROX1	muscle	0.0794219859554128	12.9363829111264	-2.63799028312219	4.33322953553341e-133
PROX1	other_parenchymal	0.492005597642593	12.9363829111264	-2.63799028312219	4.33322953553341e-133
PROX1	thyroid_epithelial	0.109186329235066	12.9363829111264	-2.63799028312219	4.33322953553341e-133
PROX1-AS1	endothelial	16.416254063212	21.1058825418641	-3.25411005152503	7.84955097694584e-126
PROX1-AS1	fibroblast	0.285765625262178	21.1058825418641	-3.25411005152503	7.84955097694584e-126
PROX1-AS1	immune	0.143125177367456	21.1058825418641	-3.25411005152503	7.84955097694584e-126
PROX1-AS1	muscle	0.0203738089203828	21.1058825418641	-3.25411005152503	7.84955097694584e-126
PROX1-AS1	other_parenchymal	0.165068690727203	21.1058825418641	-3.25411005152503	7.84955097694584e-126
PROX1-AS1	thyroid_epithelial	0.261827847711982	21.1058825418641	-3.25411005152503	7.84955097694584e-126
RADIL	endothelial	16.9219502086412	31.6014382040467	-2.99009617086632	5.91359747450086e-137
RADIL	fibroblast	4.47480557512829	31.6014382040467	-2.99009617086632	5.91359747450086e-137
RADIL	immune	0.000846516037799988	31.6014382040467	-2.99009617086632	5.91359747450086e-137
RADIL	muscle	0.0685660452161005	31.6014382040467	-2.99009617086632	5.91359747450086e-137
RADIL	other_parenchymal	0.40242730816087	31.6014382040467	-2.99009617086632	5.91359747450086e-137
RADIL	thyroid_epithelial	0.00455144157349639	31.6014382040467	-2.99009617086632	5.91359747450086e-137
RAG2	endothelial	7.32801498738541	14.145255469071	-3.81408302711819	2.72320685846582e-134
RAG2	fibroblast	4.34500462747899	14.145255469071	-3.81408302711819	2.72320685846582e-134
RAG2	immune	0.2288151854423	14.145255469071	-3.81408302711819	2.72320685846582e-134
RAG2	muscle	0.710991106503925	14.145255469071	-3.81408302711819	2.72320685846582e-134
RAG2	other_parenchymal	0.444025227165569	14.145255469071	-3.81408302711819	2.72320685846582e-134
RAG2	thyroid_epithelial	0.14019636387776	14.145255469071	-3.81408302711819	2.72320685846582e-134
RASSF6	endothelial	1.14339634623494	4.38872006881178	-3.2835899518423	4.64178566798614e-129
RASSF6	fibroblast	0.359229066757921	4.38872006881178	-3.2835899518423	4.64178566798614e-129
RASSF6	immune	0.999818768025956	4.38872006881178	-3.2835899518423	4.64178566798614e-129
RASSF6	muscle	0.618894601919442	4.38872006881178	-3.2835899518423	4.64178566798614e-129
RASSF6	other_parenchymal	0.101890605512418	4.38872006881178	-3.2835899518423	4.64178566798614e-129
RASSF6	thyroid_epithelial	1.25105909811443	4.38872006881178	-3.2835899518423	4.64178566798614e-129
RASSF9	endothelial	2.84492062767318	18.3518145665869	-2.93133290632657	1.04383853799197e-166
RASSF9	fibroblast	9.6382678901841	18.3518145665869	-2.93133290632657	1.04383853799197e-166
RASSF9	immune	0.18237800806123	18.3518145665869	-2.93133290632657	1.04383853799197e-166
RASSF9	muscle	0.0990741860106926	18.3518145665869	-2.93133290632657	1.04383853799197e-166
RASSF9	other_parenchymal	0.914709791868639	18.3518145665869	-2.93133290632657	1.04383853799197e-166
RASSF9	thyroid_epithelial	0.156771135734788	18.3518145665869	-2.93133290632657	1.04383853799197e-166
RELN	endothelial	1.39961867270776	28.255536750425	-4.98026245265366	1.66009613587709e-148
RELN	fibroblast	21.122589281024	28.255536750425	-4.98026245265366	1.66009613587709e-148
RELN	immune	0.636247546413939	28.255536750425	-4.98026245265366	1.66009613587709e-148
RELN	muscle	0.221124420390926	28.255536750425	-4.98026245265366	1.66009613587709e-148
RELN	other_parenchymal	0.0100785787831145	28.255536750425	-4.98026245265366	1.66009613587709e-148
RELN	thyroid_epithelial	1.63734937341324	28.255536750425	-4.98026245265366	1.66009613587709e-148
RGS8	endothelial	12.139183081142	16.7636480100606	-5.72940389150455	1.34525198167644e-127
RGS8	fibroblast	0.00954385150525568	16.7636480100606	-5.72940389150455	1.34525198167644e-127
RGS8	immune	2.08978140316153e-05	16.7636480100606	-5.72940389150455	1.34525198167644e-127
RGS8	muscle	0.77542785149126	16.7636480100606	-5.72940389150455	1.34525198167644e-127
RGS8	other_parenchymal	0.0739879761336011	16.7636480100606	-5.72940389150455	1.34525198167644e-127
RGS8	thyroid_epithelial	2.32680149103755	16.7636480100606	-5.72940389150455	1.34525198167644e-127
RNF150	endothelial	7.16153435479212	18.9081295076848	-2.85789734720501	6.17121685817191e-155
RNF150	fibroblast	0.30844547901225	18.9081295076848	-2.85789734720501	6.17121685817191e-155
RNF150	immune	0.577294720183882	18.9081295076848	-2.85789734720501	6.17121685817191e-155
RNF150	muscle	0.961227877036855	18.9081295076848	-2.85789734720501	6.17121685817191e-155
RNF150	other_parenchymal	2.43324485680241	18.9081295076848	-2.85789734720501	6.17121685817191e-155
RNF150	thyroid_epithelial	0.412930412662579	18.9081295076848	-2.85789734720501	6.17121685817191e-155
RP11-301L8.2	endothelial	4.81760620858021	19.966240895725	-2.66731420381345	1.12477828672575e-127
RP11-301L8.2	fibroblast	2.5391930665539	19.966240895725	-2.66731420381345	1.12477828672575e-127
RP11-301L8.2	immune	2.71360822646089	19.966240895725	-2.66731420381345	1.12477828672575e-127
RP11-301L8.2	muscle	0.737878145948931	19.966240895725	-2.66731420381345	1.12477828672575e-127
RP11-301L8.2	other_parenchymal	4.5822734465533	19.966240895725	-2.66731420381345	1.12477828672575e-127
RP11-301L8.2	thyroid_epithelial	0.411290565108715	19.966240895725	-2.66731420381345	1.12477828672575e-127
RP11-307B6.3	endothelial	10.747260506467	27.2847954589736	-2.68123253423664	3.43221818908262e-145
RP11-307B6.3	fibroblast	2.6743147624384	27.2847954589736	-2.68123253423664	3.43221818908262e-145
RP11-307B6.3	immune	1.23518545533148	27.2847954589736	-2.68123253423664	3.43221818908262e-145
RP11-307B6.3	muscle	1.41837344508414	27.2847954589736	-2.68123253423664	3.43221818908262e-145
RP11-307B6.3	other_parenchymal	0.746530578509078	27.2847954589736	-2.68123253423664	3.43221818908262e-145
RP11-307B6.3	thyroid_epithelial	0.444051097064512	27.2847954589736	-2.68123253423664	3.43221818908262e-145
RP11-467H10.2	endothelial	0.00133593172161216	4.91805914994999	-2.0468362389135	2.49311616697379e-150
RP11-467H10.2	fibroblast	0.162425174550611	4.91805914994999	-2.0468362389135	2.49311616697379e-150
RP11-467H10.2	immune	1.06925517368322	4.91805914994999	-2.0468362389135	2.49311616697379e-150
RP11-467H10.2	muscle	0.350175173248204	4.91805914994999	-2.0468362389135	2.49311616697379e-150
RP11-467H10.2	other_parenchymal	1.5589373141196	4.91805914994999	-2.0468362389135	2.49311616697379e-150
RP11-467H10.2	thyroid_epithelial	0.677568895260932	4.91805914994999	-2.0468362389135	2.49311616697379e-150
RP11-517C16.2	endothelial	3.13474637876148	7.58196785817378	-3.09807162409754	7.76320001836768e-169
RP11-517C16.2	fibroblast	1.37159450735841	7.58196785817378	-3.09807162409754	7.76320001836768e-169
RP11-517C16.2	immune	0.997301669260067	7.58196785817378	-3.09807162409754	7.76320001836768e-169
RP11-517C16.2	muscle	0.0312252254705137	7.58196785817378	-3.09807162409754	7.76320001836768e-169
RP11-517C16.2	other_parenchymal	0.529077780051011	7.58196785817378	-3.09807162409754	7.76320001836768e-169
RP11-517C16.2	thyroid_epithelial	0.100258803134279	7.58196785817378	-3.09807162409754	7.76320001836768e-169
RP11-815J4.6	endothelial	0.435831776905396	9.3047651742034	-2.10256353567073	4.63236310293686e-128
RP11-815J4.6	fibroblast	0.00277412980306449	9.3047651742034	-2.10256353567073	4.63236310293686e-128
RP11-815J4.6	immune	4.94141356833902	9.3047651742034	-2.10256353567073	4.63236310293686e-128
RP11-815J4.6	muscle	0.823640440120561	9.3047651742034	-2.10256353567073	4.63236310293686e-128
RP11-815J4.6	other_parenchymal	3.5442865973694	9.3047651742034	-2.10256353567073	4.63236310293686e-128
RP11-815J4.6	thyroid_epithelial	0.0910041025040135	9.3047651742034	-2.10256353567073	4.63236310293686e-128
RP11-84G21.1	endothelial	0.288340083821274	10.640165922271	-1.4608469313467	1.80097423386108e-125
RP11-84G21.1	fibroblast	2.2289745529773	10.640165922271	-1.4608469313467	1.80097423386108e-125
RP11-84G21.1	immune	2.62027518241154	10.640165922271	-1.4608469313467	1.80097423386108e-125
RP11-84G21.1	muscle	0.526964321777706	10.640165922271	-1.4608469313467	1.80097423386108e-125
RP11-84G21.1	other_parenchymal	2.25270452676595	10.640165922271	-1.4608469313467	1.80097423386108e-125
RP11-84G21.1	thyroid_epithelial	0.651003246301516	10.640165922271	-1.4608469313467	1.80097423386108e-125
RP5-1024C24.1	endothelial	11.3146085326585	16.6435118549845	-6.73146373075775	1.09812170096605e-131
RP5-1024C24.1	fibroblast	0.0188231136519491	16.6435118549845	-6.73146373075775	1.09812170096605e-131
RP5-1024C24.1	immune	0.183996263380677	16.6435118549845	-6.73146373075775	1.09812170096605e-131
RP5-1024C24.1	muscle	0.0116630324596407	16.6435118549845	-6.73146373075775	1.09812170096605e-131
RP5-1024C24.1	other_parenchymal	0.360780300110366	16.6435118549845	-6.73146373075775	1.09812170096605e-131
RP5-1024C24.1	thyroid_epithelial	0.0649870240891557	16.6435118549845	-6.73146373075775	1.09812170096605e-131
RPS6KA5	endothelial	0.0383264756535414	6.78831559490158	-1.84440609081139	1.76929959923674e-190
RPS6KA5	fibroblast	0.733613919683643	6.78831559490158	-1.84440609081139	1.76929959923674e-190
RPS6KA5	immune	0.115942650780809	6.78831559490158	-1.84440609081139	1.76929959923674e-190
RPS6KA5	muscle	0.639134401447911	6.78831559490158	-1.84440609081139	1.76929959923674e-190
RPS6KA5	other_parenchymal	1.66896079302108	6.78831559490158	-1.84440609081139	1.76929959923674e-190
RPS6KA5	thyroid_epithelial	1.00468939549092	6.78831559490158	-1.84440609081139	1.76929959923674e-190
RPS6KA6	endothelial	3.37173580974879	23.2838828637522	-1.89791283361912	7.46373511547336e-141
RPS6KA6	fibroblast	7.81268793306586	23.2838828637522	-1.89791283361912	7.46373511547336e-141
RPS6KA6	immune	5.60109830765026	23.2838828637522	-1.89791283361912	7.46373511547336e-141
RPS6KA6	muscle	0.0896531847225215	23.2838828637522	-1.89791283361912	7.46373511547336e-141
RPS6KA6	other_parenchymal	1.48608717208911	23.2838828637522	-1.89791283361912	7.46373511547336e-141
RPS6KA6	thyroid_epithelial	1.04190971527526	23.2838828637522	-1.89791283361912	7.46373511547336e-141
RYR2	endothelial	5.68052160741423	9.70783962050936	-4.4270676309133	4.17616388235706e-173
RYR2	fibroblast	0.562970988054247	9.70783962050936	-4.4270676309133	4.17616388235706e-173
RYR2	immune	0.0647978006805296	9.70783962050936	-4.4270676309133	4.17616388235706e-173
RYR2	muscle	0.428056340545783	9.70783962050936	-4.4270676309133	4.17616388235706e-173
RYR2	other_parenchymal	0.104927950915439	9.70783962050936	-4.4270676309133	4.17616388235706e-173
RYR2	thyroid_epithelial	0.00764039134814147	9.70783962050936	-4.4270676309133	4.17616388235706e-173
SBSPON	endothelial	1.83191083940983	16.2638771016381	-2.45235611924901	2.2866418217514e-136
SBSPON	fibroblast	9.26395971926155	16.2638771016381	-2.45235611924901	2.2866418217514e-136
SBSPON	immune	0.12647027591705	16.2638771016381	-2.45235611924901	2.2866418217514e-136
SBSPON	muscle	0.00529837624355971	16.2638771016381	-2.45235611924901	2.2866418217514e-136
SBSPON	other_parenchymal	0.0302793214478113	16.2638771016381	-2.45235611924901	2.2866418217514e-136
SBSPON	thyroid_epithelial	1.67651493084025	16.2638771016381	-2.45235611924901	2.2866418217514e-136
SEMA3D	endothelial	5.93071150154913	14.4943053036313	-5.41944138290167	7.15606682068599e-141
SEMA3D	fibroblast	0.0822800041340608	14.4943053036313	-5.41944138290167	7.15606682068599e-141
SEMA3D	immune	0.378571033595468	14.4943053036313	-5.41944138290167	7.15606682068599e-141
SEMA3D	muscle	0.276727922189891	14.4943053036313	-5.41944138290167	7.15606682068599e-141
SEMA3D	other_parenchymal	2.82888271225969	14.4943053036313	-5.41944138290167	7.15606682068599e-141
SEMA3D	thyroid_epithelial	0.495459995889308	14.4943053036313	-5.41944138290167	7.15606682068599e-141
SERINC2	endothelial	0.487369660005892	16.8711569112933	1.93667497393502	1.91730240953255e-125
SERINC2	fibroblast	3.97959607154319	16.8711569112933	1.93667497393502	1.91730240953255e-125
SERINC2	immune	1.50642728215621	16.8711569112933	1.93667497393502	1.91730240953255e-125
SERINC2	muscle	0.468772571669493	16.8711569112933	1.93667497393502	1.91730240953255e-125
SERINC2	other_parenchymal	1.18125301951878	16.8711569112933	1.93667497393502	1.91730240953255e-125
SERINC2	thyroid_epithelial	2.34376953822837	16.8711569112933	1.93667497393502	1.91730240953255e-125
SERPINA1	endothelial	12.9525131434249	35.9481040507175	4.73370473047202	8.77776590651166e-145
SERPINA1	fibroblast	9.13091220551272	35.9481040507175	4.73370473047202	8.77776590651166e-145
SERPINA1	immune	1.36809726437079	35.9481040507175	4.73370473047202	8.77776590651166e-145
SERPINA1	muscle	0.441575834932473	35.9481040507175	4.73370473047202	8.77776590651166e-145
SERPINA1	other_parenchymal	2.23174129495814	35.9481040507175	4.73370473047202	8.77776590651166e-145
SERPINA1	thyroid_epithelial	1.86116494135248	35.9481040507175	4.73370473047202	8.77776590651166e-145
SH2D6	endothelial	16.7094343167942	22.7066326311015	-3.53866727378746	9.1710891433412e-143
SH2D6	fibroblast	4.93688896827743	22.7066326311015	-3.53866727378746	9.1710891433412e-143
SH2D6	immune	0.0852906765869708	22.7066326311015	-3.53866727378746	9.1710891433412e-143
SH2D6	muscle	0.00496286808987288	22.7066326311015	-3.53866727378746	9.1710891433412e-143
SH2D6	other_parenchymal	0.00937575783577135	22.7066326311015	-3.53866727378746	9.1710891433412e-143
SH2D6	thyroid_epithelial	0.00559076488486238	22.7066326311015	-3.53866727378746	9.1710891433412e-143
SPINT1	endothelial	13.8497290567062	33.5142280738236	1.67636383186129	7.11323629388023e-132
SPINT1	fibroblast	0.0615456133580579	33.5142280738236	1.67636383186129	7.11323629388023e-132
SPINT1	immune	0.30563702786831	33.5142280738236	1.67636383186129	7.11323629388023e-132
SPINT1	muscle	0.00457455202798105	33.5142280738236	1.67636383186129	7.11323629388023e-132
SPINT1	other_parenchymal	2.32670985676876	33.5142280738236	1.67636383186129	7.11323629388023e-132
SPINT1	thyroid_epithelial	3.49514793953036	33.5142280738236	1.67636383186129	7.11323629388023e-132
SPX	endothelial	13.109913568663	27.4251890467766	-3.52567781049359	1.35011655011959e-138
SPX	fibroblast	6.39010290868658	27.4251890467766	-3.52567781049359	1.35011655011959e-138
SPX	immune	2.53769358895224	27.4251890467766	-3.52567781049359	1.35011655011959e-138
SPX	muscle	0.143026769109878	27.4251890467766	-3.52567781049359	1.35011655011959e-138
SPX	other_parenchymal	0.0195842350184668	27.4251890467766	-3.52567781049359	1.35011655011959e-138
SPX	thyroid_epithelial	1.539032757283	27.4251890467766	-3.52567781049359	1.35011655011959e-138
STXBP5L	endothelial	10.9799241791612	22.8017524279338	-4.75894001831257	9.02195704914427e-149
STXBP5L	fibroblast	1.93398797180791	22.8017524279338	-4.75894001831257	9.02195704914427e-149
STXBP5L	immune	0.701839435117796	22.8017524279338	-4.75894001831257	9.02195704914427e-149
STXBP5L	muscle	0.216611861633793	22.8017524279338	-4.75894001831257	9.02195704914427e-149
STXBP5L	other_parenchymal	3.18870357329442	22.8017524279338	-4.75894001831257	9.02195704914427e-149
STXBP5L	thyroid_epithelial	0.328275962495005	22.8017524279338	-4.75894001831257	9.02195704914427e-149
SYNE1-AS1	endothelial	6.18838694041269	16.6325256081213	-2.65432150164517	8.77404822832548e-144
SYNE1-AS1	fibroblast	1.40309866896732	16.6325256081213	-2.65432150164517	8.77404822832548e-144
SYNE1-AS1	immune	1.07423665834212	16.6325256081213	-2.65432150164517	8.77404822832548e-144
SYNE1-AS1	muscle	1.31566361762829	16.6325256081213	-2.65432150164517	8.77404822832548e-144
SYNE1-AS1	other_parenchymal	2.53879957001954	16.6325256081213	-2.65432150164517	8.77404822832548e-144
SYNE1-AS1	thyroid_epithelial	0.204834689122202	16.6325256081213	-2.65432150164517	8.77404822832548e-144
SYT9	endothelial	1.41842758009648	9.07146552745515	-3.06428044824029	4.15205913565829e-161
SYT9	fibroblast	3.30690248859146	9.07146552745515	-3.06428044824029	4.15205913565829e-161
SYT9	immune	1.69991795107631	9.07146552745515	-3.06428044824029	4.15205913565829e-161
SYT9	muscle	0.685228296968515	9.07146552745515	-3.06428044824029	4.15205913565829e-161
SYT9	other_parenchymal	0.0576457070245327	9.07146552745515	-3.06428044824029	4.15205913565829e-161
SYT9	thyroid_epithelial	0.675585579658944	9.07146552745515	-3.06428044824029	4.15205913565829e-161
TCEAL5	endothelial	1.51008431076441	6.04863269026004	-2.34831464094447	3.07849542251178e-127
TCEAL5	fibroblast	0.0497741802932698	6.04863269026004	-2.34831464094447	3.07849542251178e-127
TCEAL5	immune	1.6105325672068	6.04863269026004	-2.34831464094447	3.07849542251178e-127
TCEAL5	muscle	0.027762814617036	6.04863269026004	-2.34831464094447	3.07849542251178e-127
TCEAL5	other_parenchymal	1.30698527130381	6.04863269026004	-2.34831464094447	3.07849542251178e-127
TCEAL5	thyroid_epithelial	0.158455763256733	6.04863269026004	-2.34831464094447	3.07849542251178e-127
TMEM171	endothelial	6.35908267421168	11.8491552203817	-2.89273244179414	6.66388225814555e-135
TMEM171	fibroblast	1.56854783031969	11.8491552203817	-2.89273244179414	6.66388225814555e-135
TMEM171	immune	0.32603279743675	11.8491552203817	-2.89273244179414	6.66388225814555e-135
TMEM171	muscle	0.15540041367022	11.8491552203817	-2.89273244179414	6.66388225814555e-135
TMEM171	other_parenchymal	0.295878128254144	11.8491552203817	-2.89273244179414	6.66388225814555e-135
TMEM171	thyroid_epithelial	3.02974397750835	11.8491552203817	-2.89273244179414	6.66388225814555e-135
TRPM3	endothelial	8.54509748019588	14.9160152883823	-4.01825523591496	1.66393655485086e-144
TRPM3	fibroblast	0.840214337030442	14.9160152883823	-4.01825523591496	1.66393655485086e-144
TRPM3	immune	0.0745216608122619	14.9160152883823	-4.01825523591496	1.66393655485086e-144
TRPM3	muscle	0.021196543225902	14.9160152883823	-4.01825523591496	1.66393655485086e-144
TRPM3	other_parenchymal	0.350943807652254	14.9160152883823	-4.01825523591496	1.66393655485086e-144
TRPM3	thyroid_epithelial	1.01978149817692	14.9160152883823	-4.01825523591496	1.66393655485086e-144
WSCD2	endothelial	17.6219678219688	23.3525257322551	-5.61848990685716	3.08859023775814e-137
WSCD2	fibroblast	0.148641982381934	23.3525257322551	-5.61848990685716	3.08859023775814e-137
WSCD2	immune	0.00560524307093395	23.3525257322551	-5.61848990685716	3.08859023775814e-137
WSCD2	muscle	0.196390526423281	23.3525257322551	-5.61848990685716	3.08859023775814e-137
WSCD2	other_parenchymal	0.563382990057886	23.3525257322551	-5.61848990685716	3.08859023775814e-137
WSCD2	thyroid_epithelial	1.05896125287527	23.3525257322551	-5.61848990685716	3.08859023775814e-137
ZFPM2	endothelial	0.00256041514110907	16.9602764624394	-2.46524624389464	6.97871892757357e-139
ZFPM2	fibroblast	10.4988937075859	16.9602764624394	-2.46524624389464	6.97871892757357e-139
ZFPM2	immune	1.34468912475576	16.9602764624394	-2.46524624389464	6.97871892757357e-139
ZFPM2	muscle	0.593312860135655	16.9602764624394	-2.46524624389464	6.97871892757357e-139
ZFPM2	other_parenchymal	3.51708954420943	16.9602764624394	-2.46524624389464	6.97871892757357e-139
ZFPM2	thyroid_epithelial	0.573714223797258	16.9602764624394	-2.46524624389464	6.97871892757357e-139
ZMAT3	endothelial	12.4991628656209	14.9287581830447	1.866720993528	1.02576135322443e-126
ZMAT3	fibroblast	1.79421149497516	14.9287581830447	1.866720993528	1.02576135322443e-126
ZMAT3	immune	0.0327533385421937	14.9287581830447	1.866720993528	1.02576135322443e-126
ZMAT3	muscle	0.000470145670325512	14.9287581830447	1.866720993528	1.02576135322443e-126
ZMAT3	other_parenchymal	0.354659177565764	14.9287581830447	1.866720993528	1.02576135322443e-126
ZMAT3	thyroid_epithelial	0.523350827334299	14.9287581830447	1.866720993528	1.02576135322443e-126
ZMAT4	endothelial	10.3706878030835	16.3539405746022	-6.35116684970452	3.13744817581767e-137
ZMAT4	fibroblast	0.0975365926685523	16.3539405746022	-6.35116684970452	3.13744817581767e-137
ZMAT4	immune	0.0343753624508746	16.3539405746022	-6.35116684970452	3.13744817581767e-137
ZMAT4	muscle	0.00297189899068135	16.3539405746022	-6.35116684970452	3.13744817581767e-137
ZMAT4	other_parenchymal	1.3321732449733	16.3539405746022	-6.35116684970452	3.13744817581767e-137
ZMAT4	thyroid_epithelial	0.48868796369455	16.3539405746022	-6.35116684970452	3.13744817581767e-137
