gene_symbol	logFC	adj.P.Val	t	regulation
AC009065.4	11.3187894841272	0	143.128116761029	Up
HMGN2P17	8.31959257552495	0	80.5400782730212	Up
RP11-64K7.1	7.15152371351777	3.86710659987174e-301	62.1378447960783	Up
HMGN1P37	10.2009188172044	1.56682484988456e-278	57.248080340832	Up
HNRNPCP2	3.37103550947266	6.95093335557093e-278	57.1012211406092	Up
RP11-40C6.2	14.5784017409116	1.25625983672908e-265	54.5603932919116	Up
EEF1A1P16	6.24655256656438	8.37383811827959e-256	52.566694999554	Up
RP11-10G12.1	9.67728867127506	6.0323188822266e-249	51.2053521457807	Up
EEF1A1P9	3.91052953789049	9.85195800456085e-243	49.9720873871554	Up
HMGN1P36	9.23619738863299	7.85815873694479e-228	47.096993964755	Up
RP11-1029M24.1	6.7329307987713	1.62506252554323e-224	46.4569884550067	Up
RP11-79P5.3	6.17859659498218	1.37221701732131e-218	45.3438290706181	Up
RP11-667K14.4	10.7329617447519	2.78867159735269e-210	43.7881539237132	Up
HNRNPA1P4	6.90706488095247	1.19619846401089e-208	43.4887463290981	Up
UBE2D3P2	7.46145439708148	1.23169431169119e-205	42.9397706040163	Up
EEF1A1P7	5.71727313108044	1.08690135987103e-198	41.6726818859138	Up
EEF1A1P12	3.67173259088588	6.7974545738998e-196	41.1661729264879	Up
MANEAL	2.5602931899642	5.47746600602141e-189	39.9311729895554	Up
RP11-73M18.2	9.44598430619575	1.39788766106603e-188	39.8590142209279	Up
RPL10P3	7.28641385688692	3.40374421446314e-184	39.0830402599156	Up
METTL7B	4.60070301459301	2.59233655843581e-183	38.9264161587863	Up
RMI2	3.03270988223251	2.72405469676628e-183	38.9221496134275	Up
RPL12P38	5.81483037634418	6.08712162638548e-183	38.8607953947795	Up
RPL13AP3	5.57487483998982	3.56304526200812e-180	38.3741910445975	Up
RP11-452D2.2	6.31475898617521	1.84160196647028e-178	38.0740589878657	Up
LIPH	6.18495905657971	5.11650768066544e-177	37.8214563472387	Up
RPS2P55	3.15178373655919	1.17826580932182e-176	37.7579320371514	Up
AP000251.3	6.19710497951881	1.18421131749192e-175	37.582976176222	Up
ASF1B	2.69866589861755	2.69601800466055e-174	37.3467436447877	Up
GABRB2	6.24695064644147	1.27570898158423e-173	37.2294638657738	Up
HIST1H3PS1	6.54731374807994	6.14749524608971e-173	37.11096988434	Up
GOLT1A	4.14317457117262	2.22507958362929e-172	37.0138576705055	Up
EIF5AP4	7.52454215309794	1.24181792013189e-171	36.8843906883681	Up
EEF1A1P29	5.36505392345118	1.47959119911588e-170	36.6982564813009	Up
QPCT	4.09715903097805	2.47719946169809e-170	36.6591127552319	Up
FTH1P7	2.67720835893502	3.4465018158037e-170	36.6343419397298	Up
RPS7P4	5.87594365719416	1.02312039053423e-169	36.5530202343989	Up
NAP1L1P3	5.52966726830522	2.08759802755243e-167	36.1556444726036	Up
AC006386.1	6.13879468766009	1.53294553338811e-166	36.0068617742844	Up
RPL17P22	6.1112106502817	1.89202535800232e-163	35.4760069042036	Up
KLHDC8A	4.49086706349214	9.4097147606766e-163	35.3569550408634	Up
NPC2	2.761306483615	1.32689478297889e-162	35.331610997071	Up
PPIAP22	1.89512190860218	1.29282516171083e-160	34.9922696879934	Up
AC000089.3	2.9807487071173	2.11135337799254e-156	34.2746539273573	Up
RP11-1E11.1	5.58241095750137	2.9383717819675e-156	34.2503515995007	Up
E2F1	2.16930267537126	2.86369419797806e-155	34.0821922887909	Up
HCN4	5.73045538274457	9.86821667033028e-155	33.9911218250082	Up
RP11-320N7.2	7.26158744239646	5.52922858814518e-154	33.8639498019225	Up
RPS28P7	2.05518318612394	3.07614668035926e-153	33.7374345203753	Up
CKS2	2.34581997567848	7.4723364873507e-152	33.5035947034442	Up
RP11-355K23B.1	4.92914272273435	4.10376232879194e-151	33.3783591379102	Up
CDH3	4.24090508832572	6.53731461804313e-150	33.1750138024767	Up
OCIAD2	1.87561433691759	1.91263853616657e-149	33.0963816965066	Up
CDT1	2.41767292626732	2.03654799266026e-149	33.0917487904767	Up
FIBCD1	7.1019966781875	6.9957656735528e-149	33.0011132349242	Up
RPL37P6	7.54285951740923	7.58759479720681e-149	32.9950639975603	Up
CLDN16	5.85621540673757	4.60859050969952e-148	32.8637810174273	Up
CSF2	8.00793843445989	8.1884360474832e-148	32.8217057709959	Up
UBE2SP2	7.09970576036876	4.02146500143377e-147	32.7050739585749	Up
RP11-215A21.2	4.39629499487975	4.03884514742932e-147	32.7046799405616	Up
HAPLN1	5.88607451996935	5.10148510218403e-147	32.6876362319992	Up
RPL7AP30	1.79258773041478	7.37712081616948e-146	32.492103077175	Up
GINS2	2.05313250128012	1.25129925165125e-145	32.4534829617527	Up
CTC-366B18.2	6.95166536738365	2.24898309541673e-145	32.4104620899945	Up
TGFA	2.70686073988739	6.61841700851034e-145	32.3318808476732	Up
CCND1	2.25657284306199	2.68001514492343e-144	32.2300123437235	Up
DUSP4	2.72863086917567	9.73681385831502e-144	32.1357218278582	Up
S100A1	2.78715001280086	3.0154511083276e-143	32.0535120021932	Up
HSPB1P1	7.57890498591921	3.51130582099647e-143	32.0423214711578	Up
AC079630.2	8.88222652969805	3.8383331689094e-143	32.0358317322881	Up
TMEM215	7.60706309523819	6.79455852677556e-143	31.9942488761599	Up
DRAXIN	4.55056958525352	9.25620385540692e-141	31.6371399990445	Up
RPL7P47	5.6910008000513	1.41244259859111e-139	31.4388551607137	Up
SLC27A2	2.41902759216593	2.41725183841005e-139	31.3998339984986	Up
LAD1	2.66682625448033	6.1435498901918e-138	31.165369448392	Up
SDC1	2.24206024065544	2.93083036756375e-137	31.0521623963035	Up
SCEL	4.33357389912961	3.18590876486391e-137	31.0459803770801	Up
CITED1	5.14701470814139	1.0063054829354e-136	30.962802172181	Up
DPP4	4.55051756272408	2.41309602462976e-135	30.7321666119519	Up
RPL23AP61	5.66329473246294	8.11809347283329e-135	30.6444004595055	Up
REN	6.20283853686646	9.98004830616977e-135	30.6292978442211	Up
RPL7P6	5.1978938812085	1.92328696935194e-134	30.5815001920189	Up
ABCC6P1	2.85991771633389	2.41439850854027e-134	30.564905449486	Up
SERPINA1	4.88056797875072	8.65990063928402e-134	30.4724991065168	Up
PVRL4	4.47022351510503	1.85050220457595e-133	30.417574595462	Up
PRR15	5.15172782898113	7.93314521468585e-133	30.3123371247755	Up
LAMC2	2.23385414746547	8.50416785258174e-133	30.307245178465	Up
YWHAEP5	5.34535214413732	4.26022113432471e-132	30.1903979166147	Up
PLA2G12B	6.7727899001537	3.62427930468937e-130	29.869498041909	Up
KRT8P32	4.53709333717367	2.82933837006008e-129	29.7210808847649	Up
ZCCHC16	7.38026607142866	6.79941449515063e-129	29.6577017219388	Up
MET	2.87461461853563	3.09115492626892e-128	29.548093550715	Up
HMGA2	5.10800999103951	3.28127716860466e-128	29.5437754513928	Up
DUSP6	2.88633857526886	4.20577037913735e-128	29.525826574775	Up
CLDN1	4.16693133000518	4.64693388814911e-128	29.5185941449106	Up
OIT3	4.6641090565797	5.00249630627285e-128	29.5132220595582	Up
RP11-744D14.1	5.45517532642096	5.28710128142752e-128	29.5091652330833	Up
TBCAP1	6.13876989887363	9.29315557333313e-128	29.4683441812792	Up
SERINC2	1.76333341653868	2.18442102892968e-127	29.4066065250186	Up
LAMB3	4.67334537890432	6.48387185535022e-127	29.3279129506228	Up
TREM2	3.54830329621102	7.02442519883016e-127	29.3220923889202	Up
LPAR5	3.53926370327706	2.52955023173534e-126	29.229324202862	Up
KIAA0101	2.14298239887356	7.16175365898778e-125	28.9883945425094	Up
PAFAH1B3	1.61085107526884	4.95560017497461e-124	28.8486232323363	Up
RP11-138I1.4	1.96909529569895	9.8287194073494e-124	28.7991284550176	Up
ADORA1	2.55162768817208	1.41273076978557e-123	28.7731304941537	Up
FAM111B	3.62567141669335	1.9693641500147e-123	28.7489581186415	Up
GALE	2.43293178443424	2.03444516033402e-123	28.7465464900742	Up
AC012005.3	5.33293429979527	4.66365082568369e-123	28.6867737217885	Up
ENTPD1	2.55324653097802	8.43454519973548e-123	28.6441989284761	Up
FTH1P20	2.11437631848442	1.3317128398451e-122	28.6112354058323	Up
RXRG	4.58852917946756	1.47388625761248e-122	28.6037721899605	Up
RP11-476D10.1	7.14114941756281	1.53121064702669e-122	28.6010038720878	Up
FTH1P8	2.21687121095753	3.50873206500181e-122	28.541408015479	Up
RPS3AP49	4.9454432411675	9.49068916962591e-122	28.4694983100593	Up
ABCC6P2	4.04209658218132	1.25694567786526e-121	28.4493544860972	Up
CTC-512J14.5	4.12059774705587	1.97320744073494e-121	28.4169014037372	Up
OLA1P1	2.55012869303639	1.49801682812299e-120	28.2709626612402	Up
CLDN9	3.7503818804404	8.78485138463479e-120	28.143900493629	Up
RP11-519G16.5	5.88034695980552	1.44628639853174e-118	27.9416171682437	Up
EIF4BP7	1.74787198540709	2.44634112785274e-118	27.9037388547732	Up
MDK	3.04331726830522	3.22972021892831e-118	27.8836289250052	Up
DCSTAMP	9.28262953149015	5.23247080165106e-118	27.8488305521217	Up
RP11-547C5.1	8.00582209421416	6.67970155343806e-118	27.831281582956	Up
RP11-221N13.4	5.92525017281117	1.40192054245028e-117	27.7778895660042	Up
RP11-641D5.1	1.62583832565287	1.6570033855595e-117	27.7658785478839	Up
ZCCHC12	6.41090119047628	2.16598144126428e-117	27.7463646684442	Up
PLD4	2.71292023169487	2.82278170910866e-117	27.7270288339433	Up
RP11-550F7.1	4.52602297747063	4.55397609889344e-117	27.6925783083472	Up
RP11-624L12.1	5.25150943420389	6.3039888351321e-117	27.6690565230832	Up
SLIT1	4.81707238223253	1.35413253681235e-116	27.6138649349155	Up
LDHAP3	5.42412028289816	1.9688151584043e-116	27.586919155433	Up
DDAH1	1.56702681771636	2.2374447119381e-116	27.5775980024125	Up
UNC5B-AS1	6.37065611239129	2.27625950071023e-116	27.5762938990548	Up
LRRC75A	1.83700825652845	4.39012043651584e-116	27.5288762755813	Up
EEF1A1P19	1.73357692652332	8.78133917621996e-116	27.4789348832151	Up
TNFRSF10C	2.20926864439328	8.9819228648339e-116	27.4772850086557	Up
GRHL3	4.15966854838715	3.55931908451657e-115	27.3780551744623	Up
PTCHD4	2.89490677803384	3.86092245765628e-115	27.3721372317004	Up
RP11-230G5.2	6.82271982206871	6.21146582908158e-115	27.3378588503071	Up
LRP4	3.09501764592938	6.31603358032208e-115	27.3366300934858	Up
FUCA1	1.60785860855097	2.09592534529955e-114	27.2502966779355	Up
IGFL2	8.18899200588847	2.40070811636155e-114	27.2403478745055	Up
YWHAZP6	5.01107482078861	5.30940791414547e-114	27.1832057989191	Up
GJB3	4.62471025345628	5.32907550800677e-114	27.1829056204647	Up
CTSS	2.41873636712753	6.31661337092522e-114	27.170694799842	Up
CYSLTR2	4.51663316052234	1.08743393678813e-113	27.1314749896558	Up
PRELID1P1	4.96005112007176	1.50600655110901e-113	27.1080432785168	Up
RDM1	4.82620619559659	2.0878322972663e-113	27.084466852909	Up
CORO2A	2.19027384152589	2.40174910876351e-113	27.0743576320902	Up
SDC4	2.57977448796726	3.2452310782491e-113	27.052615069131	Up
RP11-480C22.1	5.85212857782911	3.30340844235326e-113	27.0513107159806	Up
CST5	7.27847204301084	7.36709133425698e-113	26.9937139437225	Up
RP11-464D20.2	2.90030992703537	1.68327824233103e-112	26.9339623034615	Up
PCNPP3	5.67564795826944	2.14752647294474e-112	26.9163562657332	Up
HPCAL4	4.25527811398684	2.87314390750657e-112	26.89528703553	Up
RP11-221N13.3	6.84953025473641	1.9175050664762e-111	26.7584209944542	Up
NRCAM	2.27992912826424	3.91020238369755e-111	26.7071055545385	Up
ILDR1	1.65276293522788	1.08458904921478e-110	26.6336721106858	Up
GLT1D1	2.86231843317977	2.74425204997385e-110	26.5666996709261	Up
RP11-60L3.1	7.80275489631348	7.54698871019915e-110	26.4937024296438	Up
LRRC8E	1.77060874295958	1.25900757963336e-109	26.4568272972692	Up
TRPC5	6.81044270353311	1.25902128454054e-109	26.4567935727253	Up
ALDH3B1	2.24241440752697	1.44053050036592e-109	26.4469697688357	Up
FTH1P5	5.20104014976966	4.55581085330374e-109	26.363869439489	Up
RP3-522D1.1	5.51691182795707	8.51174789232877e-108	26.1526678909207	Up
AGR2	4.21901055427553	1.65819295177689e-107	26.104398671083	Up
ARHGAP36	8.31394782386084	2.44432162629941e-107	26.0764196701367	Up
LINC00853	3.27319047619052	3.25968263436666e-107	26.0555751949774	Up
TLCD1	1.52408449820791	4.994492718906e-106	25.8587136394494	Up
AL158801.1	4.8589110535075	2.24911308201918e-105	25.7499165111382	Up
THRSP	3.39706514976964	3.42293120281393e-105	25.7196023844818	Up
RIMBP3C	4.35465243215573	6.48069386341295e-105	25.6735563410548	Up
RP11-525A16.4	6.87875558755775	6.59904847336039e-105	25.6722301971894	Up
RP11-613F7.1	5.61283294930886	1.54695745762424e-104	25.6107567756472	Up
TUSC3	2.58735330901182	1.76253325141935e-104	25.6013510942358	Up
CLRN3	5.01824122503848	2.74410903738221e-104	25.5693964913649	Up
SSTR3	5.3607666346647	2.92670946509301e-104	25.5646919519023	Up
UHRF1	2.31618813364059	3.88727560315863e-104	25.5441482602591	Up
CH507-513H4.5	5.60282557603695	7.82015876583165e-104	25.4935287140374	Up
LSR	1.480297593446	8.69672486081201e-104	25.4858560304784	Up
EEF1A1P6	1.76518837685615	1.08101510568333e-103	25.4701770138006	Up
MARCH4	3.90966747311833	2.15775462667596e-103	25.4199365445071	Up
RP11-259N19.1	1.76090552355353	4.29790822160843e-103	25.3699307055459	Up
RP11-1055B8.2	5.4910532194061	6.42093861285009e-103	25.3410316394959	Up
FEN1	1.24435913978497	7.01261917263947e-103	25.3345676644454	Up
PNPLA5	6.68162308627761	1.41344873209459e-102	25.283589969739	Up
TIMM8AP1	7.39407820020493	3.35176798252123e-102	25.2213135675835	Up
HNRNPA1P12	4.20517446236566	4.16816064660166e-102	25.2053650916542	Up
CENPM	2.13204308966853	4.88972830794371e-102	25.1937415952976	Up
AC073072.7	6.04854240911426	6.42337041781927e-102	25.1739994683072	Up
TK1	1.74743293010755	8.49463829697064e-102	25.1537763599369	Up
VDAC1P2	4.50204052739386	8.74304728127228e-102	25.1516800831563	Up
TMPRSS4	5.52630992703542	1.58103295401195e-101	25.1089699338121	Up
FAXC	2.29609608294935	1.72271015578231e-101	25.1026991031503	Up
SEPT3	2.25972095494115	3.17597449360381e-101	25.0584011719509	Up
MTRNR2L12	3.99621472734261	4.22192509261243e-101	25.0377705764405	Up
ADCY8	6.72284955837185	4.9186304680614e-101	25.0266942890336	Up
CTC-518P12.6	6.28108219406053	5.86430373905764e-101	25.0139854095469	Up
RHNO1	1.23419387480801	7.3473602776919e-101	24.9976865810646	Up
RP11-334L9.1	3.59469573092681	9.62011828053363e-101	24.9782227919658	Up
SMIM1	1.62346899001539	1.32895962925634e-100	24.954825222716	Up
LAGE3	1.32231707629291	1.52003265205463e-100	24.9450949404924	Up
NPTXR	1.81572553763443	8.91469478923289e-100	24.8169727351977	Up
SYT12	6.00601379288284	9.02044207075203e-100	24.8160714455416	Up
OR4D10	6.18598333973392	1.30255553528782e-99	24.7895032368499	Up
RPL5P29	4.60745925499241	4.83318934913659e-99	24.6944121063817	Up
YWHAZP2	5.05388460061452	7.42363354129068e-99	24.6631784511117	Up
CX3CR1	2.46820374423967	1.39708611545609e-98	24.6172501738945	Up
MKRN9P	5.20871435611888	1.71201011046069e-98	24.6024690429586	Up
RP11-44N11.3	6.8497528673836	1.99445508779719e-98	24.5912998393555	Up
KISS1R	4.90643900409635	4.14845825384532e-98	24.5381329003689	Up
AC012668.2	5.24601339605745	7.5851811290692e-98	24.4943368098094	Up
RP11-567I13.1	5.81561073348705	3.0336483021957e-97	24.3937345501892	Up
CKLF	1.47674761264723	6.72430980681358e-97	24.3357372625737	Up
RP5-890E16.4	8.90250085125457	8.99796469671236e-97	24.314675793631	Up
GDF15	3.2006905913979	9.08230617078921e-97	24.3139782390562	Up
FAM207BP	4.4761224398362	1.0576391471301e-96	24.3028022608624	Up
SLC12A5	2.98159829109067	1.664782563004e-96	24.2698579410549	Up
ADK	1.36772642729137	2.18938985953458e-96	24.2498884350405	Up
SPINT1	1.57241616103433	2.70685316874458e-96	24.234469851282	Up
RP1-228H13.5	1.83917505760372	3.21018877011443e-96	24.2220256157625	Up
ZMAT3	1.52267960829495	3.90080375100533e-96	24.2078032032626	Up
RP11-44N11.2	4.27254792626735	1.02600998767475e-95	24.1375685961621	Up
CDH2	3.57305402948839	1.62230836483119e-95	24.1042469560071	Up
FN1	4.32021775473637	1.83568192876561e-95	24.0952338918499	Up
SUMO1P4	6.7618459869433	1.90782589486895e-95	24.092354259133	Up
SLC25A47P1	7.6978315284179	2.01381129492012e-95	24.0884290457669	Up
XPR1	1.71226399769588	2.21168141130592e-95	24.0816177393998	Up
MRPL17	1.14921031746034	3.70354173041268e-95	24.0440736613517	Up
CAMK2N2	3.83281014464932	5.59416968634724e-95	24.014135474619	Up
DMBX1	5.94460411546345	7.96085615149269e-95	23.9885453305388	Up
RPSAP52	5.33404943036364	2.93657817174165e-94	23.8936540206657	Up
BMS1P15	3.9064015488992	2.94493164689018e-94	23.8934246349091	Up
PERP	1.82009244751667	4.16708715987033e-94	23.8680818343942	Up
CTSH	2.30851581541222	6.50150229555324e-94	23.8356771316674	Up
CATSPER1	4.33489953277017	1.82703559198788e-93	23.7604195675398	Up
RP11-452N17.1	2.63860688044039	1.86850862966539e-93	23.7587490926012	Up
NGEF	3.79659276113677	3.20601001269289e-93	23.7195678868848	Up
SCD5	1.70000825012804	3.67682845438863e-93	23.7096345161663	Up
CXADR	1.38966550819254	8.89012419380818e-93	23.6451278832642	Up
ETV4	2.48044806707633	1.74009646615657e-92	23.5960570237537	Up
UPK2	4.83957476958531	1.98732626603484e-92	23.5863240044216	Up
C15orf48	2.83966163594474	2.12577203244957e-92	23.5813089133589	Up
RAB38	1.47458552867386	3.14322480113203e-92	23.5526681558135	Up
SSX1	4.68013596390176	3.17499871497793e-91	23.3836297633632	Up
CXCL16	1.47097619047622	5.78204618318545e-91	23.3398493764128	Up
LINC00460	5.32389688300058	7.30874350250138e-91	23.3227890172174	Up
DSG2	1.6186640104967	7.71573123183024e-91	23.3187454897331	Up
AP1S1	1.1814805043523	9.06503779920881e-91	23.3068752953682	Up
SOX10	-8.84329375320053	1.08319465672773e-303	-62.7279411177713	Down
CLASRP	-2.40856651481207	3.14003307435539e-297	-61.2617825728623	Down
ABCA10	-5.09585061951658	1.31097251019207e-278	-57.2781829222164	Down
HIF3A	-5.47076197516648	1.43306610725772e-268	-55.1720057737416	Down
ADAM33	-5.76742209421413	1.25625983672908e-265	-54.5543079013502	Down
ABCA9	-6.15910459549418	1.25625983672908e-265	-54.5486471207988	Down
CHRD	-4.12894455325148	1.11752430990019e-256	-52.7466789554992	Down
WDR27	-3.06752954539949	7.44725813114859e-251	-51.5845849701919	Down
LGI4	-4.3952182411675	2.46851562351956e-248	-51.0806883288179	Down
PID1	-4.93619745679076	2.98836249802671e-248	-51.059645788032	Down
RUSC1-AS1	-3.17391628904255	9.92472064057896e-245	-50.3704279545917	Down
DNHD1	-3.1812536930364	6.03086330486952e-244	-50.2144220032368	Down
RP11-197N18.2	-3.4052339413723	1.03353760484186e-243	-50.1650882912265	Down
CSPG4P12	-3.50464438044041	1.39532033917285e-242	-49.9392082808017	Down
CFD	-4.94516493855613	1.87740814066582e-242	-49.9107917713932	Down
EME2	-3.18830359062986	4.67038452973095e-241	-49.6386551557268	Down
ADCY4	-3.55739797747061	2.01287665102157e-239	-49.3216792354438	Down
TRIM3	-2.50995267537126	1.52926381691149e-238	-49.149942995736	Down
N4BP2L2-IT2	-3.25718997055817	4.32519460756726e-237	-48.8696926592365	Down
RP11-66N24.3	-3.67426378008198	4.96327120574644e-235	-48.4747625948935	Down
RP11-188P20.3	-4.01959359319003	2.03480680119998e-233	-48.1661327689572	Down
DNAH1	-2.28970307587771	4.66574257880995e-232	-47.9062130292096	Down
PMP2	-6.75193935611891	2.1027698929089e-231	-47.7802204957881	Down
TMEM262	-2.74841688428063	3.22702375218492e-231	-47.7426285442216	Down
POM121L9P	-4.40213371735798	5.60408363549232e-231	-47.695009013381	Down
RNF112	-4.35822857142865	2.9612891859852e-230	-47.5565111218248	Down
RP11-7F17.8	-3.18069717101899	6.28454661015056e-228	-47.1173988988698	Down
KIAA0895L	-3.37448864567338	1.42409874284623e-227	-47.0464800690375	Down
RP5-966M1.6	-4.04117130056331	4.24820186961406e-227	-46.9555635131434	Down
CPLX1	-3.48742066052233	4.61071696343381e-227	-46.9468571636051	Down
TIAF1	-3.15091335125451	7.77580980530073e-227	-46.9024197085627	Down
ASIC3	-4.07902775217621	1.24875519643919e-226	-46.8620197322789	Down
NPIPB5	-3.51189833589355	1.4655565704893e-226	-46.8471223524271	Down
TIMP4	-5.74627597286233	1.84342676646938e-226	-46.8266498012383	Down
ABCA6	-4.78368004992326	2.898007994446e-226	-46.7881409041167	Down
RP11-106M3.3	-2.96928739119308	7.80391478815385e-226	-46.7060772874374	Down
SH3BP5-AS1	-3.56589280593964	1.99864886559643e-225	-46.6281810961017	Down
LY6G5B	-3.62050954301081	2.24899084601136e-224	-46.4290692193351	Down
AC012314.8	-3.35725215053771	3.56594887218396e-224	-46.3902074693253	Down
SPRR2E	-7.15234359319021	8.87512909761921e-224	-46.3150049255888	Down
ADGRG3	-5.13404563492071	1.12528455617212e-223	-46.2942866614043	Down
SEC31B	-3.40637841141838	3.85130188867542e-223	-46.1935410665712	Down
RP11-793H13.10	-3.37458497183825	2.3575412698113e-222	-46.0461261298373	Down
TMEM120B	-2.68567513440865	2.51979668002394e-222	-46.0392934890801	Down
CTA-228A9.3	-3.72865349462369	2.5256142708298e-221	-45.8525476924928	Down
RP11-66N24.4	-3.09539581413215	5.53348238686203e-221	-45.7881507336502	Down
PAN2	-3.22141722350236	4.49300107895291e-219	-45.4344574671976	Down
DNAH17	-2.46292498307727	2.53125581561e-218	-45.2935690444077	Down
CCDC116	-3.45494748463909	4.80585483440211e-218	-45.2410545107231	Down
FAM65C	-4.86974731822845	1.65396978665614e-217	-45.1411400986502	Down
RP11-228B15.4	-3.48113342933952	3.08101924234871e-217	-45.090264247771	Down
PTGIR	-3.6824957117256	3.46551021071142e-217	-45.079635335636	Down
RP11-186B7.4	-2.75593557987715	4.27665969702025e-217	-45.0616384396747	Down
GABBR1	-3.05730501152078	5.36975164578596e-217	-45.0422854539412	Down
PRSS53	-3.82877014208915	5.96719785422701e-217	-45.032682425828	Down
ZNF37BP	-2.72771018945217	2.962209665513e-216	-44.9039376459157	Down
PBX4	-3.98758774961604	7.39929278619714e-215	-44.6470533121948	Down
RP11-619A14.2	-7.69906130952388	2.14301637142677e-214	-44.5604232331923	Down
LPIN3	-2.78506651945728	2.43771420958249e-214	-44.5490973932176	Down
PLAGL1	-2.99902651418592	2.75771252850766e-214	-44.5382246011705	Down
ENGASE	-2.88597507040455	5.30375919003909e-214	-44.4853082572899	Down
GRIA1	-6.39404567332317	5.71206355855628e-214	-44.4783679940749	Down
LEAP2	-3.10107797619052	1.71954186408463e-213	-44.3900342201686	Down
SPAG5-AS1	-3.13545633000516	2.31329471047432e-213	-44.3655201009598	Down
AC007038.7	-3.14248262928832	5.56061922141337e-213	-44.2951069814418	Down
RP5-1142A6.9	-3.27267868663599	9.18731775311548e-213	-44.2543931460121	Down
ARHGAP33	-3.52669791986693	1.22205690589957e-212	-44.2308449723637	Down
CTD-2517M22.14	-4.0705034242192	1.55041616536435e-212	-44.2110532340949	Down
CENPT	-2.63473285970306	1.95668157764432e-212	-44.1916930652437	Down
SLC23A3	-3.56394886072713	2.3495006602348e-212	-44.1762804759946	Down
MEG3	-5.99946370116997	3.91471638819217e-212	-44.135008407636	Down
CTD-2013N17.6	-3.42988214925761	3.92046497579006e-212	-44.1339579489255	Down
APOD	-6.11162437916036	4.0249066654041e-212	-44.130958098723	Down
RP3-329A5.8	-3.07762911546344	1.09112507172112e-211	-44.0513213946554	Down
PPT2-EGFL8	-3.05888170122893	1.42841464725797e-211	-44.0291677818127	Down
CCDC17	-3.28846625064009	1.49968331170597e-211	-44.0244353794744	Down
DCD	-7.46431278801873	2.49076417224668e-211	-43.9835398894884	Down
SLC7A6	-3.247396780594	4.85686494461979e-211	-43.9300222090601	Down
HSPB6	-4.62265459549419	6.40992027979127e-211	-43.9072957993995	Down
AC027601.1	-3.51122990911425	7.88720005148582e-211	-43.8901031325612	Down
AC006128.2	-3.75864550051208	9.4059159946933e-211	-43.8753877456467	Down
RP11-148K1.12	-2.97470138248853	2.12244435608782e-210	-43.8104673778814	Down
TAF1C	-2.56378711597546	8.30176514005801e-210	-43.7015121987618	Down
CTB-31O20.4	-3.65713494623662	2.1514982518666e-209	-43.6258437932021	Down
RP4-734G22.3	-2.69771038146445	2.21226536612561e-209	-43.6228572195006	Down
SLX1B-SULT1A4	-3.1339674539171	1.14597828111864e-208	-43.4928934156152	Down
RP3-394A18.1	-3.0591505696365	1.47072168582024e-208	-43.4717597492531	Down
TBX1	-5.00179786866367	1.47151934369208e-208	-43.4709516462782	Down
SLX1A-SULT1A3	-3.05766312724019	2.04885862461757e-207	-43.2637455295377	Down
RP11-734K2.4	-2.25137071172558	6.4509264303859e-207	-43.1732136402785	Down
LINC00893	-3.79903110599084	1.73210005089903e-206	-43.0952169293405	Down
ENTHD2	-2.55722018049159	5.2569833384281e-206	-43.0077119600883	Down
KCNAB3	-3.63697068612395	6.74435525787851e-206	-42.9875226197349	Down
RP1-102E24.8	-3.0007764336918	1.32442051656979e-205	-42.933390830827	Down
RP11-332H14.2	-2.70894763184848	1.48316572444062e-205	-42.9238469922253	Down
YJEFN3	-4.23725889656945	1.68265963257652e-205	-42.9132961739891	Down
CTC-479C5.10	-2.86754916794679	1.79094043941781e-205	-42.9077346031835	Down
LYVE1	-4.73369413082444	3.91755343810793e-205	-42.8459726711929	Down
RP11-106M3.2	-4.1636494815669	6.76486642486317e-205	-42.802687919319	Down
BZRAP1	-2.4210664920953	9.81855363609873e-205	-42.7729694224688	Down
FAM13A-AS1	-3.17907287506405	1.31943047378045e-204	-42.7492673290545	Down
AC005253.2	-2.88374174987204	1.37508803516143e-204	-42.7453840673978	Down
FGF17	-4.72651117511529	2.64755020362406e-204	-42.6936846991284	Down
RP11-441O15.3	-3.22648473502309	4.08852523822541e-204	-42.6591897509909	Down
AC137932.4	-2.97399570532517	8.47078492809696e-204	-42.6018364340724	Down
SLC26A6	-2.60806676907326	9.35521497609439e-204	-42.5934671684086	Down
RP11-264B17.3	-3.40604967997958	1.50696135361408e-203	-42.5557377940207	Down
MOK	-1.93943441724192	1.60562599846081e-203	-42.5501745004845	Down
AC007193.10	-7.61568898489498	1.85874930732129e-203	-42.5381627771165	Down
YEATS2-AS1	-3.48754359959043	1.88843536812572e-203	-42.5363106081131	Down
AC024560.3	-2.85006895161294	1.89450229323562e-203	-42.5354462745361	Down
ACAP3	-2.45719217229906	2.9934523710055e-203	-42.4992608971581	Down
RP11-588H23.3	-3.91639696620592	3.75597440192195e-203	-42.4810137826541	Down
PKDCC	-3.91323677675377	1.04396781066694e-202	-42.4005234195342	Down
RP11-972P1.7	-3.80214926395292	1.04396781066694e-202	-42.4003780119903	Down
RP3-402G11.28	-3.02645885816697	5.97566382995047e-202	-42.2643461849869	Down
LOC100421166	-7.33965365463405	6.98863318940936e-202	-42.2516127317788	Down
CRIPAK	-2.40247425755252	7.02703289796147e-202	-42.2506065890287	Down
RP11-849H4.4	-3.30987469918078	9.0316462206081e-202	-42.2305632176157	Down
TFPI	-3.30477192780343	1.38018442901872e-201	-42.1971059587623	Down
PTOV1-AS2	-3.23645611239124	2.43730685491837e-201	-42.1524550969921	Down
ROBO3	-3.56032004608301	7.34945551809364e-201	-42.0663835711851	Down
LCAT	-3.03480982462882	7.59400436031162e-201	-42.0632896101745	Down
OVGP1	-2.75672966589866	1.06119071681914e-200	-42.0368253226652	Down
SRPX	-4.20583671915009	2.97119291225841e-200	-41.9565944983559	Down
RP13-516M14.8	-3.70442456477222	3.83495926517173e-200	-41.9363070158369	Down
RP11-540B6.6	-2.35559979518693	3.84652471789944e-200	-41.93544296285	Down
CELF6	-3.74037060931906	3.84652471789944e-200	-41.9349922936189	Down
CSRP3	-6.71217714413723	5.24597905278091e-200	-41.9104594754255	Down
PODN	-5.39158762800827	1.02987008122593e-199	-41.8577772412426	Down
GS1-124K5.11	-2.15511331285205	2.44258619072639e-199	-41.7905183904111	Down
DENND3	-2.40709039298518	2.72275234956046e-199	-41.7816073136179	Down
ADH1B	-7.80826957245276	3.26878235004449e-199	-41.7669708696255	Down
SLC25A25-AS1	-2.74269202508965	5.26169483647938e-199	-41.7296970555657	Down
KB-431C1.5	-3.37127440476195	1.08499777799291e-198	-41.6733264705546	Down
ZDHHC11	-3.51978586192012	2.49627723683366e-198	-41.607534473803	Down
MMRN1	-5.11032076292891	2.77681290248557e-198	-41.5988225165868	Down
MAPKBP1	-2.3106008580091	3.71061716392288e-198	-41.5759751252098	Down
RP11-429A20.4	-8.19610035202258	7.85398494481159e-198	-41.5176907795204	Down
PEAR1	-3.40804096902206	9.70847821289389e-198	-41.5008691129693	Down
CTD-2587M2.1	-3.25749071300571	1.07939711158552e-197	-41.4922178486003	Down
TTC21A	-2.52510200332825	1.352466320943e-197	-41.4743626255695	Down
GPR17	-5.12175092805946	5.29596283871333e-197	-41.3687950178596	Down
PRCD	-3.31270727726579	5.3165469848997e-197	-41.3680200422474	Down
RP11-867G23.3	-3.04936203277013	5.54675845251503e-197	-41.3642847084437	Down
PAX8-AS1	-3.60039382101526	5.85485420314903e-197	-41.3596546351157	Down
RP11-496I9.1	-4.47690723886335	1.12382582767003e-196	-41.3090271467766	Down
STAG3L5P	-3.35034597414239	1.12703196866871e-196	-41.3083433449984	Down
DMPK	-2.83508735279062	1.1480244655739e-196	-41.306462110795	Down
FAM71F2	-3.31973462621614	1.2165753213756e-196	-41.3015426989354	Down
RP11-231C14.4	-3.22041243599595	1.50276341483742e-196	-41.284840502201	Down
RGMA	-3.43317393113165	1.80374419133904e-196	-41.2703505274895	Down
TMEM198B	-2.71626577060936	2.07358220207529e-196	-41.2591818497447	Down
KCNQ4	-2.49057635688688	2.13050136326079e-196	-41.2566519073252	Down
ADAT2	-2.63183399897597	2.15595458058036e-196	-41.2552933233575	Down
TTLL6	-6.66755792925284	2.94247286320024e-196	-41.2309446492019	Down
RP11-216L13.19	-3.02065026881726	1.20542236908967e-195	-41.1217422785972	Down
CSPG4P10	-3.27877342549929	1.27387084375556e-195	-41.1170668324971	Down
MYL7	-8.42697332309268	2.26988858428165e-195	-41.072291972012	Down
NPIPB4	-3.30477345750133	2.61888378127877e-195	-41.0608866827905	Down
MCF2L	-2.30747198927369	2.63621122610374e-195	-41.0599531285756	Down
RP13-104F24.2	-2.76037342549927	2.73558409215799e-195	-41.0566886039603	Down
ACACB	-3.13578192524327	3.50392141937914e-195	-41.0372727814152	Down
MAPK8IP3	-2.91081121351771	4.20648634700712e-195	-41.0228328806245	Down
AGAP6	-2.68108351254484	7.18265215963166e-195	-40.9813787203608	Down
RP11-394O4.5	-4.35494592933955	9.7544945673112e-195	-40.9574960406069	Down
SPIN2A	-2.99684225550439	1.23648927681828e-194	-40.938904045354	Down
NFASC	-3.38766672427041	1.73853669580071e-194	-40.9123749169048	Down
FBXO17	-3.44411870199698	2.36469169983637e-194	-40.8883952040313	Down
DENND4B	-2.1566767089094	2.69532829983375e-194	-40.8779618136802	Down
TSSC2	-3.34994409882238	3.66782647002431e-194	-40.8539573283453	Down
PITPNM2	-2.43966894521253	4.51635927617106e-194	-40.8376162109213	Down
RTEL1-TNFRSF6B	-3.05181436251925	5.14891034380901e-194	-40.8271780673252	Down
ARMC12	-3.92332896185363	3.07440227126734e-193	-40.6900253128936	Down
CCDC39	-3.49024688940098	4.00060209433595e-193	-40.6694906941615	Down
LINC00894	-3.47902686251926	4.0501438815019e-193	-40.668156357055	Down
CTC-529I10.2	-2.61562139656942	1.17396313387706e-192	-40.5864133099444	Down
CTD-2574D22.4	-2.2737335573477	1.3064639039364e-192	-40.5778529579876	Down
RP4-800G7.2	-3.34178716717874	1.6887625173184e-192	-40.5578555881088	Down
DOT1L	-2.38532439836153	3.94492912336429e-192	-40.4926720142262	Down
AC018766.4	-2.71154693420383	4.65936217807039e-192	-40.4795813209346	Down
WASH5P	-2.84513313492068	4.72092192468954e-192	-40.4781985053817	Down
RP11-43N16.4	-3.15103576548904	1.90023583986018e-191	-40.3711805483984	Down
RP5-1014D13.2	-2.0872075652842	2.46108713588622e-191	-40.3510817368688	Down
RP13-516M14.10	-4.34807478238613	3.42934784324777e-191	-40.3254117226397	Down
PLEKHH1	-3.43391995647727	4.45845675373608e-191	-40.3050343373467	Down
LINC00969	-2.72107608806968	4.72960954757741e-191	-40.3001648156664	Down
LINC00174	-2.65123580389149	1.20738317981897e-190	-40.2283824271737	Down
RP11-415J8.3	-3.32966201356892	1.55422483554602e-190	-40.2087824032966	Down
KCNIP2	-2.90678552227347	2.1592011714614e-190	-40.1833818505304	Down
GHRLOS	-3.1388186507937	3.45938811446032e-190	-40.1471335139053	Down
RP11-473M20.9	-3.16476598822329	3.57903418930608e-190	-40.144185338288	Down
ATAD3B	-2.38086443932415	3.90423647995351e-190	-40.1372071034275	Down
RP4-798A10.2	-2.53260172811063	4.95694336621025e-190	-40.1186809131217	Down
RP5-908M14.10	-3.09406622503843	5.13471300535313e-190	-40.1156446297897	Down
CTD-2270P14.1	-2.61236942524326	5.59485562200942e-190	-40.108760284531	Down
RP11-61I13.3	-3.94570424987205	7.60527570464212e-190	-40.0850494930661	Down
ABCC5	-2.46098216205841	1.1449524664706e-189	-40.0535781164114	Down
ANKZF1	-2.37631276241683	1.33026863284214e-189	-40.0418199592552	Down
UVSSA	-2.86267012928832	1.84239736625166e-189	-40.0167063314946	Down
ACTA2-AS1	-4.4289519457246	1.91078266310079e-189	-40.0135903109147	Down
NPIPB11	-3.14183599590379	2.10578843351025e-189	-40.0058583634312	Down
RP3-368A4.6	-2.8286993087558	2.21796417804286e-189	-40.0015707541261	Down
RP11-96D1.8	-4.23187249103949	2.67318422972162e-189	-39.9870385588499	Down
MROH7	-3.77951516257047	3.67672837836586e-189	-39.9624714520437	Down
RP11-33O4.2	-4.15691973886337	4.25778649601646e-189	-39.9509834514254	Down
RP11-451G4.2	-6.68844555811592	5.18794338973465e-189	-39.9356332785104	Down
AP001062.7	-2.1079820916539	7.22296885005597e-189	-39.90982403101	Down
CLMN	-2.90540448668719	7.8340271023261e-189	-39.9033237847261	Down
ADCY10P1	-3.63521588581674	2.90265427895273e-188	-39.8032165999755	Down
MAMDC4	-2.95932000768054	4.23935672642535e-188	-39.7741443559646	Down
RP3-508I15.21	-2.83563478622636	5.8823631256824e-188	-39.7489678222133	Down
RP11-423P10.2	-2.39228503584233	9.7614273839526e-188	-39.7099052016046	Down
B3GAT2	-3.14251706349212	1.20332845941295e-187	-39.6937173545321	Down
HCN3	-2.29984516129036	2.77208014818657e-187	-39.6301362076263	Down
HSD17B3	-4.75198300691252	2.89505713404611e-187	-39.6265288131448	Down
ZDHHC11B	-3.59389844005467	4.25747241830768e-187	-39.5969880663576	Down
CTC-524C5.2	-2.72745678443425	4.2823171131276e-187	-39.5962321825455	Down
LL0XNC01-7P3.1	-2.85799056579625	7.20961244637e-187	-39.5564573419717	Down
ZNF169	-2.7355007680492	7.2688958776402e-187	-39.5555247651337	Down
SPPL2B	-2.34123301331289	9.66659414002237e-187	-39.533624601189	Down
IRAK3	-2.82395133128525	1.10992424962129e-186	-39.5228500681551	Down
ASMTL-AS1	-3.70323864567338	1.13972618388345e-186	-39.5205354072023	Down
HOXB3	-3.24652837301593	1.61350043851436e-186	-39.4939106384158	Down
RP11-347C12.1	-3.70780427547368	2.70209953391355e-186	-39.4545786233089	Down
MEIS1	-3.03679337557609	3.75657233927979e-186	-39.4293435542225	Down
RP11-1391J7.1	-2.99262660650286	4.68536167194805e-186	-39.4123257408383	Down
ZNF767P	-2.31938686635948	5.72795858111374e-186	-39.3968258437796	Down
RP11-72I8.1	-3.38637227982596	6.26930115050363e-186	-39.3896947446203	Down
MAB21L1	-4.30359773425507	6.62068101952209e-186	-39.3852707270131	Down
CSNK2B-LY6G5B-1181	-3.21317318868412	7.02118168960405e-186	-39.3805304212625	Down
ADAM1A	-8.12651821556598	9.53930103738909e-186	-39.3570564710385	Down
ITIH4	-3.28620264976963	1.06907754869291e-185	-39.3481439218278	Down
LZTR1	-2.08693346134156	1.87989301741562e-185	-39.3051826567898	Down
ADH4	-6.8469662250385	3.03341942393374e-185	-39.2687313971794	Down
MRGPRF	-3.79580867895551	4.4418562369148e-185	-39.23962648702	Down
ZNF662	-2.03634607822512	5.8451450048492e-185	-39.2185988621136	Down
CTA-941F9.10	-3.20790147849472	7.15727064188707e-185	-39.2030146947019	Down
CTD-2537I9.12	-3.88246364567338	7.59603334135763e-185	-39.1982330074423	Down
STX16-NPEPL1	-4.61369276753719	8.7991635834184e-185	-39.1868431867765	Down
RP11-680A11.5	-2.41713269969282	1.12778517246466e-184	-39.1678188260145	Down
U73166.2	-3.33617956349212	1.16976313310001e-184	-39.1647744790566	Down
PILRB	-3.39772218381982	1.90736630929977e-184	-39.1275862423373	Down
GOLGA6L9	-2.56402217741939	2.81813518806139e-184	-39.0978474195505	Down
PKD1	-2.47864480926783	3.04722162377169e-184	-39.0916687406395	Down
LINC01126	-4.09527426395293	3.51395948334033e-184	-39.0803562617635	Down
PDXDC2P	-2.84083950332826	3.56648219937822e-184	-39.0789581479357	Down
FNBP4	-1.98852069283799	3.67181754324459e-184	-39.0764845332159	Down
RP11-463O12.5	-3.12663172683057	7.2946705990164e-184	-39.0244348804932	Down
DEFA1B	-9.33268247567851	7.90067439962854e-184	-39.0181417794429	Down
