step	status	started_at	finished_at	elapsed_seconds	input_signature_sha256	output_signature_sha256	outputs	invocation_id
20_upgrade_config.R	completed	2026-09-08 16:19:31	2026-09-08 16:19:39	7.91752600669861	6c7073e0b7e2cebc45bab2bd49d13356051c729b0e7d5015ce51d2a26f35043f	none	none	pre-resumable
21_tcga_adjacent_normal.R	completed	2026-09-08 16:19:39	2026-09-08 16:20:34	55.0716679096222	2faa11315a870bc079858b35cc799a73a7eadd51373e2a6cfb9480dcc1291acc	61c9af8e7e4c4545bc37e4a917bfb7210a7f6fe9aada20877d17b2fe1ae8a1c4	results/phase2/upgrade_2026/matrices/tcga_thca_primary_normal_counts.rds|results/phase2/upgrade_2026/matrices/tcga_thca_primary_normal_metadata.tsv	pre-resumable
22_batch_correction.R	completed	2026-09-08 17:49:24	2026-09-08 19:41:32	6728.10468006134	320adf098de1ad9b9fb8743ccc9be2a7b0e53229b677330cbe0c8a254dddad01	59b5f0baa6d85ea390570bf71690b095d31e206730b86e38d9d4d9a66f6573ef	results/phase2/upgrade_2026/matrices/batch_corrected_counts.rds|results/phase2/upgrade_2026/matrices/batch_corrected_logcpm.rds	20260908T144923-20156
23_deconvolution.R	failed	2026-09-08 19:41:34	2026-09-08 19:42:26	51.9326369762421	a232f1fdfe8c951030960e2cf55e1698bad9c59c938be2f47ec71ae133da74d2	none	results/phase2/upgrade_2026/deconvolution/composition_consensus.tsv|results/phase2/upgrade_2026/matrices/composition_adjusted_logcpm.rds	20260908T144923-20156
23_deconvolution.R	failed	2026-09-08 22:14:54	2026-09-08 22:15:15	20.9848830699921	a639f477022f12a6f2f8e0db681a9a99906710a6469aae130a680e3209f17c4f	none	results/phase2/upgrade_2026/deconvolution/composition_consensus.tsv|results/phase2/upgrade_2026/matrices/composition_adjusted_logcpm.rds	20260908T191454-15256
23_deconvolution.R	completed	2026-09-08 22:16:20	2026-09-08 22:17:11	50.2995069026947	da80abf014ec53b6713ea1023b1c7845a31370f30582b79060a1cff73990d9e1	8f69c74ac1033db23de8fbf72ce0ba16a11847f10fa28a286126c7fce7d3e324	results/phase2/upgrade_2026/deconvolution/composition_consensus.tsv|results/phase2/upgrade_2026/matrices/composition_adjusted_logcpm.rds	20260908T191620-7624
23_deconvolution.R	completed	2026-09-09 12:04:57	2026-09-09 12:07:35	158.219460964203	2549b041d9db7db71d21ac6c687555aade38102f0353be8eed018d1d2039c0b7	987bec760807a3e5f7e1f3caa98bda7e8bbdd6a1f144b7d668f7ab437d06581b	results/phase2/upgrade_2026/deconvolution/composition_consensus.tsv|results/phase2/upgrade_2026/deconvolution/epic_convergence_status.tsv|results/phase2/upgrade_2026/matrices/composition_adjusted_logcpm.rds	20260909T090457-18616
24_multiverse_de.R	failed	2026-09-11 14:36:23	2026-09-11 14:43:04	400.739336013794	be549fae28ea365c01f7d6d2124cbb0bff99f486904b30f6506aa5e390325020	none	results/phase2/upgrade_2026/differential_expression/DEG_summary_all_variants.tsv|results/phase2/upgrade_2026/differential_expression/tcga_matched/voom_full_results.tsv|results/phase2/upgrade_2026/differential_expression/tcga_matched/voom_qw_full_results.tsv|results/phase2/upgrade_2026/differential_expression/tcga_matched/edgeR_QL_full_results.tsv|results/phase2/upgrade_2026/differential_expression/tcga_matched/DESeq2_full_results.tsv|results/phase2/upgrade_2026/differential_expression/tcga_matched/limma_full_results.tsv|results/phase2/upgrade_2026/differential_expression/tcga_matched/sample_weights.rds|results/phase2/upgrade_2026/differential_expression/raw/voom_full_results.tsv|results/phase2/upgrade_2026/differential_expression/raw/voom_qw_full_results.tsv|results/phase2/upgrade_2026/differential_expression/raw/edgeR_QL_full_results.tsv|results/phase2/upgrade_2026/differential_expression/raw/DESeq2_full_results.tsv|results/phase2/upgrade_2026/differential_expression/raw/limma_full_results.tsv|results/phase2/upgrade_2026/differential_expression/raw/sample_weights.rds|results/phase2/upgrade_2026/differential_expression/batch_corrected/voom_full_results.tsv|results/phase2/upgrade_2026/differential_expression/batch_corrected/voom_qw_full_results.tsv|results/phase2/upgrade_2026/differential_expression/batch_corrected/edgeR_QL_full_results.tsv|results/phase2/upgrade_2026/differential_expression/batch_corrected/DESeq2_full_results.tsv|results/phase2/upgrade_2026/differential_expression/batch_corrected/limma_full_results.tsv|results/phase2/upgrade_2026/differential_expression/batch_corrected/sample_weights.rds|results/phase2/upgrade_2026/differential_expression/composition_adjusted/voom_full_results.tsv|results/phase2/upgrade_2026/differential_expression/composition_adjusted/voom_qw_full_results.tsv|results/phase2/upgrade_2026/differential_expression/composition_adjusted/edgeR_QL_full_results.tsv|results/phase2/upgrade_2026/differential_expression/composition_adjusted/DESeq2_full_results.tsv|results/phase2/upgrade_2026/differential_expression/composition_adjusted/limma_full_results.tsv|results/phase2/upgrade_2026/differential_expression/composition_adjusted/sample_weights.rds|results/phase2/upgrade_2026/differential_expression/tcga_paired/voom_full_results.tsv|results/phase2/upgrade_2026/differential_expression/tcga_paired/voom_qw_full_results.tsv|results/phase2/upgrade_2026/differential_expression/tcga_paired/edgeR_QL_full_results.tsv|results/phase2/upgrade_2026/differential_expression/tcga_paired/DESeq2_full_results.tsv|results/phase2/upgrade_2026/differential_expression/tcga_paired/limma_full_results.tsv|results/phase2/upgrade_2026/differential_expression/tcga_paired/sample_weights.rds	20260911T113621-14000
24_multiverse_de.R	failed	2026-09-11 14:55:42	2026-09-11 14:59:59	257.299008131027	c0d4e1d39c510183c360cc469a76d5a574d49a217674cc76cc0b72f5c5cee339	none	results/phase2/upgrade_2026/differential_expression/DEG_summary_all_variants.tsv|results/phase2/upgrade_2026/differential_expression/tcga_matched/voom_full_results.tsv|results/phase2/upgrade_2026/differential_expression/tcga_matched/voom_qw_full_results.tsv|results/phase2/upgrade_2026/differential_expression/tcga_matched/edgeR_QL_full_results.tsv|results/phase2/upgrade_2026/differential_expression/tcga_matched/DESeq2_full_results.tsv|results/phase2/upgrade_2026/differential_expression/tcga_matched/limma_full_results.tsv|results/phase2/upgrade_2026/differential_expression/tcga_matched/sample_weights.rds|results/phase2/upgrade_2026/differential_expression/raw/voom_full_results.tsv|results/phase2/upgrade_2026/differential_expression/raw/voom_qw_full_results.tsv|results/phase2/upgrade_2026/differential_expression/raw/edgeR_QL_full_results.tsv|results/phase2/upgrade_2026/differential_expression/raw/DESeq2_full_results.tsv|results/phase2/upgrade_2026/differential_expression/raw/limma_full_results.tsv|results/phase2/upgrade_2026/differential_expression/raw/sample_weights.rds|results/phase2/upgrade_2026/differential_expression/batch_corrected/voom_full_results.tsv|results/phase2/upgrade_2026/differential_expression/batch_corrected/voom_qw_full_results.tsv|results/phase2/upgrade_2026/differential_expression/batch_corrected/edgeR_QL_full_results.tsv|results/phase2/upgrade_2026/differential_expression/batch_corrected/DESeq2_full_results.tsv|results/phase2/upgrade_2026/differential_expression/batch_corrected/limma_full_results.tsv|results/phase2/upgrade_2026/differential_expression/batch_corrected/sample_weights.rds|results/phase2/upgrade_2026/differential_expression/composition_adjusted/voom_full_results.tsv|results/phase2/upgrade_2026/differential_expression/composition_adjusted/voom_qw_full_results.tsv|results/phase2/upgrade_2026/differential_expression/composition_adjusted/edgeR_QL_full_results.tsv|results/phase2/upgrade_2026/differential_expression/composition_adjusted/DESeq2_full_results.tsv|results/phase2/upgrade_2026/differential_expression/composition_adjusted/limma_full_results.tsv|results/phase2/upgrade_2026/differential_expression/composition_adjusted/sample_weights.rds|results/phase2/upgrade_2026/differential_expression/tcga_paired/voom_full_results.tsv|results/phase2/upgrade_2026/differential_expression/tcga_paired/voom_qw_full_results.tsv|results/phase2/upgrade_2026/differential_expression/tcga_paired/edgeR_QL_full_results.tsv|results/phase2/upgrade_2026/differential_expression/tcga_paired/DESeq2_full_results.tsv|results/phase2/upgrade_2026/differential_expression/tcga_paired/limma_full_results.tsv|results/phase2/upgrade_2026/differential_expression/tcga_paired/sample_weights.rds	20260911T115541-14548
24_multiverse_de.R	failed	2026-09-11 16:11:55	2026-09-11 16:20:01	485.782288074493	4630157884244ddfa13aa2264794f7cd26af1e223d19447663bdd830d69165ce	none	results/phase2/upgrade_2026/differential_expression/DEG_summary_all_variants.tsv|results/phase2/upgrade_2026/differential_expression/tcga_matched/voom_full_results.tsv|results/phase2/upgrade_2026/differential_expression/tcga_matched/voom_qw_full_results.tsv|results/phase2/upgrade_2026/differential_expression/tcga_matched/edgeR_QL_full_results.tsv|results/phase2/upgrade_2026/differential_expression/tcga_matched/DESeq2_full_results.tsv|results/phase2/upgrade_2026/differential_expression/tcga_matched/limma_full_results.tsv|results/phase2/upgrade_2026/differential_expression/tcga_matched/sample_weights.rds|results/phase2/upgrade_2026/differential_expression/raw/voom_full_results.tsv|results/phase2/upgrade_2026/differential_expression/raw/voom_qw_full_results.tsv|results/phase2/upgrade_2026/differential_expression/raw/edgeR_QL_full_results.tsv|results/phase2/upgrade_2026/differential_expression/raw/DESeq2_full_results.tsv|results/phase2/upgrade_2026/differential_expression/raw/limma_full_results.tsv|results/phase2/upgrade_2026/differential_expression/raw/sample_weights.rds|results/phase2/upgrade_2026/differential_expression/batch_corrected/voom_full_results.tsv|results/phase2/upgrade_2026/differential_expression/batch_corrected/voom_qw_full_results.tsv|results/phase2/upgrade_2026/differential_expression/batch_corrected/edgeR_QL_full_results.tsv|results/phase2/upgrade_2026/differential_expression/batch_corrected/DESeq2_full_results.tsv|results/phase2/upgrade_2026/differential_expression/batch_corrected/limma_full_results.tsv|results/phase2/upgrade_2026/differential_expression/batch_corrected/sample_weights.rds|results/phase2/upgrade_2026/differential_expression/composition_adjusted/voom_full_results.tsv|results/phase2/upgrade_2026/differential_expression/composition_adjusted/voom_qw_full_results.tsv|results/phase2/upgrade_2026/differential_expression/composition_adjusted/edgeR_QL_full_results.tsv|results/phase2/upgrade_2026/differential_expression/composition_adjusted/DESeq2_full_results.tsv|results/phase2/upgrade_2026/differential_expression/composition_adjusted/limma_full_results.tsv|results/phase2/upgrade_2026/differential_expression/composition_adjusted/sample_weights.rds|results/phase2/upgrade_2026/differential_expression/tcga_paired/voom_full_results.tsv|results/phase2/upgrade_2026/differential_expression/tcga_paired/voom_qw_full_results.tsv|results/phase2/upgrade_2026/differential_expression/tcga_paired/edgeR_QL_full_results.tsv|results/phase2/upgrade_2026/differential_expression/tcga_paired/DESeq2_full_results.tsv|results/phase2/upgrade_2026/differential_expression/tcga_paired/limma_full_results.tsv|results/phase2/upgrade_2026/differential_expression/tcga_paired/sample_weights.rds	20260911T131154-15460
24_multiverse_de.R	completed	2026-09-11 17:46:07	2026-09-12 02:00:35	29668.0027959347	0bd187f3278297c5e0be4211bb3e5f34e00604eaee75846354ae5945b7109d9c	4a1b7397fc1b4e46e5067dbf742ca23760ff43daada306fa13cb4e253191820d	results/phase2/upgrade_2026/differential_expression/DEG_summary_all_variants.tsv|results/phase2/upgrade_2026/differential_expression/tcga_matched/voom_full_results.tsv|results/phase2/upgrade_2026/differential_expression/tcga_matched/voom_qw_full_results.tsv|results/phase2/upgrade_2026/differential_expression/tcga_matched/edgeR_QL_full_results.tsv|results/phase2/upgrade_2026/differential_expression/tcga_matched/DESeq2_full_results.tsv|results/phase2/upgrade_2026/differential_expression/tcga_matched/limma_full_results.tsv|results/phase2/upgrade_2026/differential_expression/tcga_matched/sample_weights.rds|results/phase2/upgrade_2026/differential_expression/raw/voom_full_results.tsv|results/phase2/upgrade_2026/differential_expression/raw/voom_qw_full_results.tsv|results/phase2/upgrade_2026/differential_expression/raw/edgeR_QL_full_results.tsv|results/phase2/upgrade_2026/differential_expression/raw/DESeq2_full_results.tsv|results/phase2/upgrade_2026/differential_expression/raw/limma_full_results.tsv|results/phase2/upgrade_2026/differential_expression/raw/sample_weights.rds|results/phase2/upgrade_2026/differential_expression/batch_corrected/voom_full_results.tsv|results/phase2/upgrade_2026/differential_expression/batch_corrected/voom_qw_full_results.tsv|results/phase2/upgrade_2026/differential_expression/batch_corrected/edgeR_QL_full_results.tsv|results/phase2/upgrade_2026/differential_expression/batch_corrected/DESeq2_full_results.tsv|results/phase2/upgrade_2026/differential_expression/batch_corrected/limma_full_results.tsv|results/phase2/upgrade_2026/differential_expression/batch_corrected/sample_weights.rds|results/phase2/upgrade_2026/differential_expression/composition_adjusted/voom_full_results.tsv|results/phase2/upgrade_2026/differential_expression/composition_adjusted/voom_qw_full_results.tsv|results/phase2/upgrade_2026/differential_expression/composition_adjusted/edgeR_QL_full_results.tsv|results/phase2/upgrade_2026/differential_expression/composition_adjusted/DESeq2_full_results.tsv|results/phase2/upgrade_2026/differential_expression/composition_adjusted/limma_full_results.tsv|results/phase2/upgrade_2026/differential_expression/composition_adjusted/sample_weights.rds|results/phase2/upgrade_2026/differential_expression/tcga_paired/voom_full_results.tsv|results/phase2/upgrade_2026/differential_expression/tcga_paired/voom_qw_full_results.tsv|results/phase2/upgrade_2026/differential_expression/tcga_paired/edgeR_QL_full_results.tsv|results/phase2/upgrade_2026/differential_expression/tcga_paired/DESeq2_full_results.tsv|results/phase2/upgrade_2026/differential_expression/tcga_paired/limma_full_results.tsv|results/phase2/upgrade_2026/differential_expression/tcga_paired/sample_weights.rds	20260911T144604-2136
25_multiverse_gsea.R	completed	2026-09-12 11:25:08	2026-09-12 13:05:32	6024.16406702995	1699010ec1231964142b4672debc48f635a3eb3cee063f637c5049c8c548fef5	1518b1e07f29bd3a599303cc9ce6b2782b60ead87ba52052bb09ef403454d6f4	results/phase2/upgrade_2026/gsea/GSEA_fgsea_all_variants.tsv	20260912T082507-8492
26_composition_variance.R	completed	2026-09-12 13:05:32	2026-09-12 13:05:42	9.74178385734558	cae866be32ceb43618c780ab0e9ccc45f20775b1f1e3469966ba0fb95595261f	19da7815296e7d0e5cb232c89fa28f89cb6ebb085ba720077eff31e56f909cf1	results/phase2/upgrade_2026/deconvolution/top_deg_celltype_variance.tsv	20260912T082507-8492
27_validation_meta_survival_surface.R	failed	2026-09-12 13:05:42	2026-09-12 13:05:54	12.0385780334473	f4a09a435c623bf3d5106aaa3402d84156941f54494d578279e6efc2b1e06191	ab1064c0e13a8793f8d85a4c7a1a7fd60ef7e6d7d8f3a483a73b1070538ba4e3	results/phase2/upgrade_2026/validation/meta_analysis_REML.tsv|results/phase2/upgrade_2026/validation/ITGA2_prespecified_gate.tsv	20260912T082507-8492
27_validation_meta_survival_surface.R	completed	2026-09-12 13:12:09	2026-09-12 13:12:43	33.8210589885712	f7b0be94c0f0d74659ce7d44fc476701fc85a48509a8339ef3b5615a974a0a23	30359ef413f3f0e657f5ccf5897922e633e34f32bb99b470f862f6811f690473	results/phase2/upgrade_2026/validation/meta_analysis_REML.tsv|results/phase2/upgrade_2026/validation/ITGA2_prespecified_gate.tsv	20260912T101209-6696
28_ppi_multinetwork.R	failed	2026-09-12 13:12:43	2026-09-12 13:13:11	27.9942820072174	5f44f12ce0c4fddb71660debd86c18eb391681a597bc13bbddc8098fcdc2efe6	none	results/phase2/upgrade_2026/ppi/PPI_upgrade_summary.tsv	20260912T101209-6696
28_ppi_multinetwork.R	failed	2026-09-12 13:15:58	2026-09-12 13:16:44	45.4984991550446	da2b902805bd29e2a4f18d11c0f934de88c226f2f6351dead8a9d2e2a3bc2b57	none	results/phase2/upgrade_2026/ppi/PPI_upgrade_summary.tsv	20260912T101558-14448
28_ppi_multinetwork.R	completed	2026-09-12 13:19:34	2026-09-12 13:39:49	1214.76906514168	a496dc94bfe35fce08f5b1d15d98609e1dc08fcaa445ac075b2b1e0b8ca87aa6	3369ec84292bd0e476ab7e8c6b6024eb723b7b0ea3b3ac3811a4320b156e4588	results/phase2/upgrade_2026/ppi/PPI_upgrade_summary.tsv	20260912T101934-20860
29_gsea_robustness.R	completed	2026-09-12 13:39:50	2026-09-12 16:24:07	9857.78639507294	d626ac59199e34f068f3347dd03e83918de89b596cb6d581872b81eb7a7f101f	4ba8203b1fac505df773d5040e160205ce1499d24a9cf7c3ae77e571e3f79e86	results/phase2/upgrade_2026/gsea/GSEA_robustness_summary.tsv	20260912T101934-20860
30_render_upgrade_report.R	completed	2026-09-12 16:24:07	2026-09-12 16:24:19	11.7065629959106	7eda03a47c1952781c9f05606e5c8e03dbbcb6165a2fa60684447ea186c5aafb	45126a439f8e3dab0cc6541d10ad0a0eed9ee9896e0d7a9397c44f1cdf418d79	results/phase2/reports/METHODOLOGICAL_UPGRADE_2026.html	20260912T101934-20860
31_validate_upgrade.R	failed	2026-09-12 16:24:19	2026-09-12 16:24:37	17.5249619483948	176799d04780b7a973bb1e1cfc03492b4f0d79a7366bc7f6392f5e7a7f7e1811	none	results/phase2/upgrade_2026/validation/VALIDATION_SUMMARY.tsv	20260912T101934-20860
31_validate_upgrade.R	failed	2026-09-12 16:32:03	2026-09-12 16:32:29	25.9048581123352	c16a6f67e10fc506645c0bc5371438e0210acdf64d9f731c26ccc12434f158db	843fc61e9a9014d425d9ec671d3b8a467cd1b12db77e8975fec80bd545f19da3	results/phase2/upgrade_2026/validation/VALIDATION_SUMMARY.tsv	20260912T133203-17464
27_validation_meta_survival_surface.R	completed	2026-09-12T13:37:56-0300	2026-09-12T13:39:26-0300	89.729465007782	04d65ab3c3b5ba4d29a467c5963bc36fcbb8ea8642d1e46afd9b9799de79ef33	30359ef413f3f0e657f5ccf5897922e633e34f32bb99b470f862f6811f690473	results/phase2/upgrade_2026/validation/meta_analysis_REML.tsv|results/phase2/upgrade_2026/validation/ITGA2_prespecified_gate.tsv	20260912T133756-13392
28_ppi_multinetwork.R	cached	2026-09-12T13:39:26-0300	2026-09-12T13:39:26-0300	0.0325980186462402	a496dc94bfe35fce08f5b1d15d98609e1dc08fcaa445ac075b2b1e0b8ca87aa6	3369ec84292bd0e476ab7e8c6b6024eb723b7b0ea3b3ac3811a4320b156e4588	results/phase2/upgrade_2026/ppi/PPI_upgrade_summary.tsv	20260912T133756-13392
29_gsea_robustness.R	cached	2026-09-12T13:39:27-0300	2026-09-12T13:39:27-0300	0.00742721557617188	d626ac59199e34f068f3347dd03e83918de89b596cb6d581872b81eb7a7f101f	4ba8203b1fac505df773d5040e160205ce1499d24a9cf7c3ae77e571e3f79e86	results/phase2/upgrade_2026/gsea/GSEA_robustness_summary.tsv	20260912T133756-13392
30_render_upgrade_report.R	cached	2026-09-12T13:39:27-0300	2026-09-12T13:39:27-0300	0.01230788230896	7eda03a47c1952781c9f05606e5c8e03dbbcb6165a2fa60684447ea186c5aafb	45126a439f8e3dab0cc6541d10ad0a0eed9ee9896e0d7a9397c44f1cdf418d79	results/phase2/reports/METHODOLOGICAL_UPGRADE_2026.html	20260912T133756-13392
31_validate_upgrade.R	completed	2026-09-12T13:39:27-0300	2026-09-12T13:40:35-0300	67.6444141864777	c16a6f67e10fc506645c0bc5371438e0210acdf64d9f731c26ccc12434f158db	74042d1a929907a20e4a54b999bc2504d0441e8e0c70503b75150d3022e65bfc	results/phase2/upgrade_2026/validation/VALIDATION_SUMMARY.tsv	20260912T133756-13392
